2026-06-04 17:22:59,640 | ERROR | MainThread | 📄 26 processos carregados do Excel.
2026-06-04 17:23:07,460 | ERROR | MainThread | Iniciando 3 Chromes independentes...
2026-06-04 17:23:16,384 | ERROR | MainThread | ✅ Três Chromes iniciados com sucesso
2026-06-04 17:23:16,509 | ERROR | Thread-7 (_loop_solver_button) | Erro PyAutoGUI: expected an image filename, OpenCV numpy array, or PIL image
2026-06-04 17:23:16,693 | ERROR | Thread-7 (_loop_solver_button) | TypeError('expected an image filename, OpenCV numpy array, or PIL image')
2026-06-04 17:23:17,590 | ERROR | Thread-7 (_loop_solver_button) | Erro PyAutoGUI: expected an image filename, OpenCV numpy array, or PIL image
2026-06-04 17:23:17,660 | ERROR | Thread-7 (_loop_solver_button) | TypeError('expected an image filename, OpenCV numpy array, or PIL image')
2026-06-04 17:23:18,579 | ERROR | Thread-7 (_loop_solver_button) | Erro PyAutoGUI: expected an image filename, OpenCV numpy array, or PIL image
2026-06-04 17:23:18,772 | ERROR | Thread-7 (_loop_solver_button) | TypeError('expected an image filename, OpenCV numpy array, or PIL image')
2026-06-04 17:23:19,612 | ERROR | Thread-7 (_loop_solver_button) | Erro PyAutoGUI: expected an image filename, OpenCV numpy array, or PIL image
2026-06-04 17:23:19,653 | ERROR | Thread-7 (_loop_solver_button) | TypeError('expected an image filename, OpenCV numpy array, or PIL image')
2026-06-04 17:23:20,493 | ERROR | Thread-7 (_loop_solver_button) | Erro PyAutoGUI: expected an image filename, OpenCV numpy array, or PIL image
2026-06-04 17:23:20,544 | ERROR | Thread-7 (_loop_solver_button) | TypeError('expected an image filename, OpenCV numpy array, or PIL image')
2026-06-04 17:23:21,384 | ERROR | Thread-7 (_loop_solver_button) | Erro PyAutoGUI: expected an image filename, OpenCV numpy array, or PIL image
2026-06-04 17:23:21,429 | ERROR | Thread-7 (_loop_solver_button) | TypeError('expected an image filename, OpenCV numpy array, or PIL image')
2026-06-04 17:23:22,277 | ERROR | Thread-7 (_loop_solver_button) | Erro PyAutoGUI: expected an image filename, OpenCV numpy array, or PIL image
2026-06-04 17:23:22,311 | ERROR | Thread-7 (_loop_solver_button) | TypeError('expected an image filename, OpenCV numpy array, or PIL image')
2026-06-04 17:23:23,152 | ERROR | Thread-7 (_loop_solver_button) | Erro PyAutoGUI: expected an image filename, OpenCV numpy array, or PIL image
2026-06-04 17:23:23,190 | ERROR | Thread-7 (_loop_solver_button) | TypeError('expected an image filename, OpenCV numpy array, or PIL image')
2026-06-04 17:23:24,036 | ERROR | Thread-7 (_loop_solver_button) | Erro PyAutoGUI: expected an image filename, OpenCV numpy array, or PIL image
2026-06-04 17:23:24,081 | ERROR | Thread-7 (_loop_solver_button) | TypeError('expected an image filename, OpenCV numpy array, or PIL image')
2026-06-04 17:23:24,924 | ERROR | Thread-7 (_loop_solver_button) | Erro PyAutoGUI: expected an image filename, OpenCV numpy array, or PIL image
2026-06-04 17:23:24,969 | ERROR | Thread-7 (_loop_solver_button) | TypeError('expected an image filename, OpenCV numpy array, or PIL image')
2026-06-04 17:23:25,817 | ERROR | Thread-7 (_loop_solver_button) | Erro PyAutoGUI: expected an image filename, OpenCV numpy array, or PIL image
2026-06-04 17:23:25,878 | ERROR | Thread-7 (_loop_solver_button) | TypeError('expected an image filename, OpenCV numpy array, or PIL image')
2026-06-04 17:23:26,742 | ERROR | Thread-7 (_loop_solver_button) | Erro PyAutoGUI: expected an image filename, OpenCV numpy array, or PIL image
2026-06-04 17:23:26,791 | ERROR | Thread-7 (_loop_solver_button) | TypeError('expected an image filename, OpenCV numpy array, or PIL image')
2026-06-04 17:23:27,643 | ERROR | Thread-7 (_loop_solver_button) | Erro PyAutoGUI: expected an image filename, OpenCV numpy array, or PIL image
2026-06-04 17:23:28,060 | ERROR | Thread-7 (_loop_solver_button) | TypeError('expected an image filename, OpenCV numpy array, or PIL image')
2026-06-04 17:23:29,054 | ERROR | Thread-7 (_loop_solver_button) | Erro PyAutoGUI: expected an image filename, OpenCV numpy array, or PIL image
2026-06-04 17:23:29,159 | ERROR | Thread-7 (_loop_solver_button) | TypeError('expected an image filename, OpenCV numpy array, or PIL image')
2026-06-04 17:23:30,012 | ERROR | Thread-7 (_loop_solver_button) | Erro PyAutoGUI: expected an image filename, OpenCV numpy array, or PIL image
2026-06-04 17:23:30,078 | ERROR | Thread-7 (_loop_solver_button) | TypeError('expected an image filename, OpenCV numpy array, or PIL image')
2026-06-04 17:23:30,925 | ERROR | Thread-7 (_loop_solver_button) | Erro PyAutoGUI: expected an image filename, OpenCV numpy array, or PIL image
2026-06-04 17:23:30,992 | ERROR | Thread-7 (_loop_solver_button) | TypeError('expected an image filename, OpenCV numpy array, or PIL image')
2026-06-04 17:23:31,856 | ERROR | Thread-7 (_loop_solver_button) | Erro PyAutoGUI: expected an image filename, OpenCV numpy array, or PIL image
2026-06-04 17:23:31,915 | ERROR | Thread-7 (_loop_solver_button) | TypeError('expected an image filename, OpenCV numpy array, or PIL image')
2026-06-04 17:23:32,760 | ERROR | Thread-7 (_loop_solver_button) | Erro PyAutoGUI: expected an image filename, OpenCV numpy array, or PIL image
2026-06-04 17:23:32,809 | ERROR | Thread-7 (_loop_solver_button) | TypeError('expected an image filename, OpenCV numpy array, or PIL image')
2026-06-04 17:23:33,657 | ERROR | Thread-7 (_loop_solver_button) | Erro PyAutoGUI: expected an image filename, OpenCV numpy array, or PIL image
2026-06-04 17:23:33,705 | ERROR | Thread-7 (_loop_solver_button) | TypeError('expected an image filename, OpenCV numpy array, or PIL image')
2026-06-04 17:23:34,555 | ERROR | Thread-7 (_loop_solver_button) | Erro PyAutoGUI: expected an image filename, OpenCV numpy array, or PIL image
2026-06-04 17:23:34,609 | ERROR | Thread-7 (_loop_solver_button) | TypeError('expected an image filename, OpenCV numpy array, or PIL image')
2026-06-04 17:23:35,449 | ERROR | Thread-7 (_loop_solver_button) | Erro PyAutoGUI: expected an image filename, OpenCV numpy array, or PIL image
2026-06-04 17:23:35,486 | ERROR | Thread-7 (_loop_solver_button) | TypeError('expected an image filename, OpenCV numpy array, or PIL image')
2026-06-04 17:23:36,329 | ERROR | Thread-7 (_loop_solver_button) | Erro PyAutoGUI: expected an image filename, OpenCV numpy array, or PIL image
2026-06-04 17:23:36,363 | ERROR | Thread-7 (_loop_solver_button) | TypeError('expected an image filename, OpenCV numpy array, or PIL image')
2026-06-04 17:23:37,254 | ERROR | Thread-7 (_loop_solver_button) | Erro PyAutoGUI: expected an image filename, OpenCV numpy array, or PIL image
2026-06-04 17:23:37,301 | ERROR | Thread-7 (_loop_solver_button) | TypeError('expected an image filename, OpenCV numpy array, or PIL image')
2026-06-04 17:23:38,134 | ERROR | Thread-7 (_loop_solver_button) | Erro PyAutoGUI: expected an image filename, OpenCV numpy array, or PIL image
2026-06-04 17:23:38,172 | ERROR | Thread-7 (_loop_solver_button) | TypeError('expected an image filename, OpenCV numpy array, or PIL image')
2026-06-04 17:23:39,025 | ERROR | Thread-7 (_loop_solver_button) | Erro PyAutoGUI: expected an image filename, OpenCV numpy array, or PIL image
2026-06-04 17:23:39,069 | ERROR | Thread-7 (_loop_solver_button) | TypeError('expected an image filename, OpenCV numpy array, or PIL image')
2026-06-04 17:23:39,903 | ERROR | Thread-7 (_loop_solver_button) | Erro PyAutoGUI: expected an image filename, OpenCV numpy array, or PIL image
2026-06-04 17:23:39,946 | ERROR | Thread-7 (_loop_solver_button) | TypeError('expected an image filename, OpenCV numpy array, or PIL image')
2026-06-04 17:23:40,798 | ERROR | Thread-7 (_loop_solver_button) | Erro PyAutoGUI: expected an image filename, OpenCV numpy array, or PIL image
2026-06-04 17:23:40,854 | ERROR | Thread-7 (_loop_solver_button) | TypeError('expected an image filename, OpenCV numpy array, or PIL image')
2026-06-04 17:23:41,694 | ERROR | Thread-7 (_loop_solver_button) | Erro PyAutoGUI: expected an image filename, OpenCV numpy array, or PIL image
2026-06-04 17:23:41,734 | ERROR | Thread-7 (_loop_solver_button) | TypeError('expected an image filename, OpenCV numpy array, or PIL image')
2026-06-04 17:23:42,578 | ERROR | Thread-7 (_loop_solver_button) | Erro PyAutoGUI: expected an image filename, OpenCV numpy array, or PIL image
2026-06-04 17:23:42,621 | ERROR | Thread-7 (_loop_solver_button) | TypeError('expected an image filename, OpenCV numpy array, or PIL image')
2026-06-04 17:23:43,464 | ERROR | Thread-7 (_loop_solver_button) | Erro PyAutoGUI: expected an image filename, OpenCV numpy array, or PIL image
2026-06-04 17:23:43,501 | ERROR | Thread-7 (_loop_solver_button) | TypeError('expected an image filename, OpenCV numpy array, or PIL image')
2026-06-04 17:23:44,336 | ERROR | Thread-7 (_loop_solver_button) | Erro PyAutoGUI: expected an image filename, OpenCV numpy array, or PIL image
2026-06-04 17:23:44,375 | ERROR | Thread-7 (_loop_solver_button) | TypeError('expected an image filename, OpenCV numpy array, or PIL image')
2026-06-04 17:23:45,230 | ERROR | Thread-7 (_loop_solver_button) | Erro PyAutoGUI: expected an image filename, OpenCV numpy array, or PIL image
2026-06-04 17:23:45,287 | ERROR | Thread-7 (_loop_solver_button) | TypeError('expected an image filename, OpenCV numpy array, or PIL image')
2026-06-04 17:23:46,130 | ERROR | Thread-7 (_loop_solver_button) | Erro PyAutoGUI: expected an image filename, OpenCV numpy array, or PIL image
2026-06-04 17:23:46,174 | ERROR | Thread-7 (_loop_solver_button) | TypeError('expected an image filename, OpenCV numpy array, or PIL image')
2026-06-04 17:23:47,035 | ERROR | Thread-7 (_loop_solver_button) | Erro PyAutoGUI: expected an image filename, OpenCV numpy array, or PIL image
2026-06-04 17:23:47,097 | ERROR | Thread-7 (_loop_solver_button) | TypeError('expected an image filename, OpenCV numpy array, or PIL image')
2026-06-04 17:23:47,958 | ERROR | Thread-7 (_loop_solver_button) | Erro PyAutoGUI: expected an image filename, OpenCV numpy array, or PIL image
2026-06-04 17:23:48,009 | ERROR | Thread-7 (_loop_solver_button) | TypeError('expected an image filename, OpenCV numpy array, or PIL image')
2026-06-04 17:23:48,854 | ERROR | Thread-7 (_loop_solver_button) | Erro PyAutoGUI: expected an image filename, OpenCV numpy array, or PIL image
2026-06-04 17:23:48,899 | ERROR | Thread-7 (_loop_solver_button) | TypeError('expected an image filename, OpenCV numpy array, or PIL image')
2026-06-04 17:23:49,757 | ERROR | Thread-7 (_loop_solver_button) | Erro PyAutoGUI: expected an image filename, OpenCV numpy array, or PIL image
2026-06-04 17:23:49,800 | ERROR | Thread-7 (_loop_solver_button) | TypeError('expected an image filename, OpenCV numpy array, or PIL image')
2026-06-04 17:23:50,670 | ERROR | Thread-7 (_loop_solver_button) | Erro PyAutoGUI: expected an image filename, OpenCV numpy array, or PIL image
2026-06-04 17:23:50,732 | ERROR | Thread-7 (_loop_solver_button) | TypeError('expected an image filename, OpenCV numpy array, or PIL image')
2026-06-04 17:23:51,592 | ERROR | Thread-7 (_loop_solver_button) | Erro PyAutoGUI: expected an image filename, OpenCV numpy array, or PIL image
2026-06-04 17:23:51,653 | ERROR | Thread-7 (_loop_solver_button) | TypeError('expected an image filename, OpenCV numpy array, or PIL image')
2026-06-04 17:23:52,497 | ERROR | Thread-7 (_loop_solver_button) | Erro PyAutoGUI: expected an image filename, OpenCV numpy array, or PIL image
2026-06-04 17:23:52,545 | ERROR | Thread-7 (_loop_solver_button) | TypeError('expected an image filename, OpenCV numpy array, or PIL image')
2026-06-04 17:23:53,413 | ERROR | Thread-7 (_loop_solver_button) | Erro PyAutoGUI: expected an image filename, OpenCV numpy array, or PIL image
2026-06-04 17:23:53,457 | ERROR | Thread-7 (_loop_solver_button) | TypeError('expected an image filename, OpenCV numpy array, or PIL image')
2026-06-04 17:23:54,300 | ERROR | Thread-7 (_loop_solver_button) | Erro PyAutoGUI: expected an image filename, OpenCV numpy array, or PIL image
2026-06-04 17:23:54,342 | ERROR | Thread-7 (_loop_solver_button) | TypeError('expected an image filename, OpenCV numpy array, or PIL image')
2026-06-04 17:23:55,195 | ERROR | Thread-7 (_loop_solver_button) | Erro PyAutoGUI: expected an image filename, OpenCV numpy array, or PIL image
2026-06-04 17:23:55,254 | ERROR | Thread-7 (_loop_solver_button) | TypeError('expected an image filename, OpenCV numpy array, or PIL image')
2026-06-04 17:23:56,085 | ERROR | Thread-7 (_loop_solver_button) | Erro PyAutoGUI: expected an image filename, OpenCV numpy array, or PIL image
2026-06-04 17:23:56,125 | ERROR | Thread-7 (_loop_solver_button) | TypeError('expected an image filename, OpenCV numpy array, or PIL image')
2026-06-04 17:23:56,965 | ERROR | Thread-7 (_loop_solver_button) | Erro PyAutoGUI: expected an image filename, OpenCV numpy array, or PIL image
2026-06-04 17:23:57,002 | ERROR | Thread-7 (_loop_solver_button) | TypeError('expected an image filename, OpenCV numpy array, or PIL image')
2026-06-04 17:23:57,854 | ERROR | Thread-7 (_loop_solver_button) | Erro PyAutoGUI: expected an image filename, OpenCV numpy array, or PIL image
2026-06-04 17:23:57,905 | ERROR | Thread-7 (_loop_solver_button) | TypeError('expected an image filename, OpenCV numpy array, or PIL image')
2026-06-04 17:23:58,745 | ERROR | Thread-7 (_loop_solver_button) | Erro PyAutoGUI: expected an image filename, OpenCV numpy array, or PIL image
2026-06-04 17:23:58,784 | ERROR | Thread-7 (_loop_solver_button) | TypeError('expected an image filename, OpenCV numpy array, or PIL image')
2026-06-04 17:23:59,626 | ERROR | Thread-7 (_loop_solver_button) | Erro PyAutoGUI: expected an image filename, OpenCV numpy array, or PIL image
2026-06-04 17:23:59,663 | ERROR | Thread-7 (_loop_solver_button) | TypeError('expected an image filename, OpenCV numpy array, or PIL image')
2026-06-04 17:24:00,503 | ERROR | Thread-7 (_loop_solver_button) | Erro PyAutoGUI: expected an image filename, OpenCV numpy array, or PIL image
2026-06-04 17:24:00,539 | ERROR | Thread-7 (_loop_solver_button) | TypeError('expected an image filename, OpenCV numpy array, or PIL image')
2026-06-04 17:24:01,375 | ERROR | Thread-7 (_loop_solver_button) | Erro PyAutoGUI: expected an image filename, OpenCV numpy array, or PIL image
2026-06-04 17:24:01,422 | ERROR | Thread-7 (_loop_solver_button) | TypeError('expected an image filename, OpenCV numpy array, or PIL image')
2026-06-04 17:24:02,260 | ERROR | Thread-7 (_loop_solver_button) | Erro PyAutoGUI: expected an image filename, OpenCV numpy array, or PIL image
2026-06-04 17:24:02,302 | ERROR | Thread-7 (_loop_solver_button) | TypeError('expected an image filename, OpenCV numpy array, or PIL image')
2026-06-04 17:24:03,141 | ERROR | Thread-7 (_loop_solver_button) | Erro PyAutoGUI: expected an image filename, OpenCV numpy array, or PIL image
2026-06-04 17:24:03,191 | ERROR | Thread-7 (_loop_solver_button) | TypeError('expected an image filename, OpenCV numpy array, or PIL image')
2026-06-04 17:24:04,029 | ERROR | Thread-7 (_loop_solver_button) | Erro PyAutoGUI: expected an image filename, OpenCV numpy array, or PIL image
2026-06-04 17:24:04,067 | ERROR | Thread-7 (_loop_solver_button) | TypeError('expected an image filename, OpenCV numpy array, or PIL image')
2026-06-04 17:24:04,907 | ERROR | Thread-7 (_loop_solver_button) | Erro PyAutoGUI: expected an image filename, OpenCV numpy array, or PIL image
2026-06-04 17:24:04,946 | ERROR | Thread-7 (_loop_solver_button) | TypeError('expected an image filename, OpenCV numpy array, or PIL image')
2026-06-04 17:24:05,795 | ERROR | Thread-7 (_loop_solver_button) | Erro PyAutoGUI: expected an image filename, OpenCV numpy array, or PIL image
2026-06-04 17:24:05,834 | ERROR | Thread-7 (_loop_solver_button) | TypeError('expected an image filename, OpenCV numpy array, or PIL image')
2026-06-04 17:24:06,673 | ERROR | Thread-7 (_loop_solver_button) | Erro PyAutoGUI: expected an image filename, OpenCV numpy array, or PIL image
2026-06-04 17:24:06,720 | ERROR | Thread-7 (_loop_solver_button) | TypeError('expected an image filename, OpenCV numpy array, or PIL image')
2026-06-04 17:24:07,560 | ERROR | Thread-7 (_loop_solver_button) | Erro PyAutoGUI: expected an image filename, OpenCV numpy array, or PIL image
2026-06-04 17:24:07,606 | ERROR | Thread-7 (_loop_solver_button) | TypeError('expected an image filename, OpenCV numpy array, or PIL image')
2026-06-04 17:24:08,444 | ERROR | Thread-7 (_loop_solver_button) | Erro PyAutoGUI: expected an image filename, OpenCV numpy array, or PIL image
2026-06-04 17:24:08,489 | ERROR | Thread-7 (_loop_solver_button) | TypeError('expected an image filename, OpenCV numpy array, or PIL image')
2026-06-04 17:24:09,323 | ERROR | Thread-7 (_loop_solver_button) | Erro PyAutoGUI: expected an image filename, OpenCV numpy array, or PIL image
2026-06-04 17:24:09,369 | ERROR | Thread-7 (_loop_solver_button) | TypeError('expected an image filename, OpenCV numpy array, or PIL image')
2026-06-04 17:24:10,206 | ERROR | Thread-7 (_loop_solver_button) | Erro PyAutoGUI: expected an image filename, OpenCV numpy array, or PIL image
2026-06-04 17:24:10,254 | ERROR | Thread-7 (_loop_solver_button) | TypeError('expected an image filename, OpenCV numpy array, or PIL image')
2026-06-04 17:24:11,095 | ERROR | Thread-7 (_loop_solver_button) | Erro PyAutoGUI: expected an image filename, OpenCV numpy array, or PIL image
2026-06-04 17:24:11,142 | ERROR | Thread-7 (_loop_solver_button) | TypeError('expected an image filename, OpenCV numpy array, or PIL image')
2026-06-04 17:24:11,983 | ERROR | Thread-7 (_loop_solver_button) | Erro PyAutoGUI: expected an image filename, OpenCV numpy array, or PIL image
2026-06-04 17:24:12,036 | ERROR | Thread-7 (_loop_solver_button) | TypeError('expected an image filename, OpenCV numpy array, or PIL image')
2026-06-04 17:24:12,875 | ERROR | Thread-7 (_loop_solver_button) | Erro PyAutoGUI: expected an image filename, OpenCV numpy array, or PIL image
2026-06-04 17:24:12,929 | ERROR | Thread-7 (_loop_solver_button) | TypeError('expected an image filename, OpenCV numpy array, or PIL image')
2026-06-04 17:24:13,778 | ERROR | Thread-7 (_loop_solver_button) | Erro PyAutoGUI: expected an image filename, OpenCV numpy array, or PIL image
2026-06-04 17:24:13,823 | ERROR | Thread-7 (_loop_solver_button) | TypeError('expected an image filename, OpenCV numpy array, or PIL image')
2026-06-04 17:24:14,670 | ERROR | Thread-7 (_loop_solver_button) | Erro PyAutoGUI: expected an image filename, OpenCV numpy array, or PIL image
2026-06-04 17:24:14,723 | ERROR | Thread-7 (_loop_solver_button) | TypeError('expected an image filename, OpenCV numpy array, or PIL image')
2026-06-04 17:24:15,396 | ERROR | MainThread | 🚀 Iniciando processamento em lote (3 Chromes)...
2026-06-04 17:24:15,397 | ERROR | MainThread | 🟡 _processar_proximo chamado Worker 1
2026-06-04 17:24:15,397 | ERROR | MainThread | 📦 Worker 1 fila restante: 9
2026-06-04 17:24:15,397 | ERROR | MainThread | 🚀 Worker 1 iniciou processo 906452724
2026-06-04 17:24:15,397 | ERROR | MainThread | 🧵 Worker thread START 1
2026-06-04 17:24:15,397 | ERROR | MainThread | 🟡 _processar_proximo chamado Worker 2
2026-06-04 17:24:15,397 | ERROR | MainThread | 📦 Worker 2 fila restante: 9
2026-06-04 17:24:15,398 | ERROR | MainThread | 🚀 Worker 2 iniciou processo 906452376
2026-06-04 17:24:15,398 | ERROR | Dummy-9 | 🚀 Worker 1 iniciando
2026-06-04 17:24:15,398 | ERROR | MainThread | 🧵 Worker thread START 2
2026-06-04 17:24:15,398 | ERROR | Dummy-9 | 🚀 PIPELINE START worker 1 | 906452724
2026-06-04 17:24:15,398 | ERROR | Dummy-9 | LOGIN 1
2026-06-04 17:24:15,398 | ERROR | MainThread | 🟡 _processar_proximo chamado Worker 3
2026-06-04 17:24:15,398 | ERROR | Dummy-9 | GARANTIR LOGIN INICIO
2026-06-04 17:24:15,398 | ERROR | MainThread | 📦 Worker 3 fila restante: 8
2026-06-04 17:24:15,398 | ERROR | Dummy-9 | <selenium.webdriver.chrome.webdriver.WebDriver (session="8434c24134ed3767626ff7b0afc9c07d")>
2026-06-04 17:24:15,398 | ERROR | Dummy-10 | 🚀 Worker 2 iniciando
2026-06-04 17:24:15,398 | ERROR | Dummy-9 | 8434c24134ed3767626ff7b0afc9c07d
2026-06-04 17:24:15,399 | ERROR | Dummy-10 | 🚀 PIPELINE START worker 2 | 906452376
2026-06-04 17:24:15,399 | ERROR | MainThread | 🚀 Worker 3 iniciou processo 906452341
2026-06-04 17:24:15,399 | ERROR | Dummy-10 | LOGIN 1
2026-06-04 17:24:15,399 | ERROR | MainThread | 🧵 Worker thread START 3
2026-06-04 17:24:15,399 | ERROR | Dummy-10 | GARANTIR LOGIN INICIO
2026-06-04 17:24:15,399 | ERROR | Dummy-9 | ANTES DO FINDELEMENT
2026-06-04 17:24:15,399 | ERROR | Dummy-9 | LOGIN 2
2026-06-04 17:24:15,400 | ERROR | Dummy-10 | <selenium.webdriver.chrome.webdriver.WebDriver (session="a4e3d639cec1898533a8fc4b036a2bb4")>
2026-06-04 17:24:15,401 | ERROR | Dummy-11 | 🚀 Worker 3 iniciando
2026-06-04 17:24:15,402 | ERROR | Dummy-11 | 🚀 PIPELINE START worker 3 | 906452341
2026-06-04 17:24:15,402 | ERROR | Dummy-10 | a4e3d639cec1898533a8fc4b036a2bb4
2026-06-04 17:24:15,402 | ERROR | Dummy-11 | LOGIN 1
2026-06-04 17:24:15,402 | ERROR | Dummy-10 | ANTES DO FINDELEMENT
2026-06-04 17:24:15,403 | ERROR | Dummy-11 | GARANTIR LOGIN INICIO
2026-06-04 17:24:15,403 | ERROR | Dummy-10 | LOGIN 2
2026-06-04 17:24:15,403 | ERROR | Dummy-11 | <selenium.webdriver.chrome.webdriver.WebDriver (session="8f9b61685decd8b37bcfa77ac90bcaf5")>
2026-06-04 17:24:15,404 | ERROR | Dummy-11 | 8f9b61685decd8b37bcfa77ac90bcaf5
2026-06-04 17:24:15,405 | ERROR | Dummy-11 | ANTES DO FINDELEMENT
2026-06-04 17:24:15,405 | ERROR | Dummy-11 | LOGIN 2
2026-06-04 17:24:15,566 | ERROR | Thread-7 (_loop_solver_button) | Erro PyAutoGUI: expected an image filename, OpenCV numpy array, or PIL image
2026-06-04 17:24:15,606 | ERROR | Thread-7 (_loop_solver_button) | TypeError('expected an image filename, OpenCV numpy array, or PIL image')
2026-06-04 17:24:16,457 | ERROR | Thread-7 (_loop_solver_button) | Erro PyAutoGUI: expected an image filename, OpenCV numpy array, or PIL image
2026-06-04 17:24:16,499 | ERROR | Thread-7 (_loop_solver_button) | TypeError('expected an image filename, OpenCV numpy array, or PIL image')
2026-06-04 17:24:17,339 | ERROR | Thread-7 (_loop_solver_button) | Erro PyAutoGUI: expected an image filename, OpenCV numpy array, or PIL image
2026-06-04 17:24:17,372 | ERROR | Thread-7 (_loop_solver_button) | TypeError('expected an image filename, OpenCV numpy array, or PIL image')
2026-06-04 17:24:18,220 | ERROR | Thread-7 (_loop_solver_button) | Erro PyAutoGUI: expected an image filename, OpenCV numpy array, or PIL image
2026-06-04 17:24:18,257 | ERROR | Thread-7 (_loop_solver_button) | TypeError('expected an image filename, OpenCV numpy array, or PIL image')
2026-06-04 17:24:19,096 | ERROR | Thread-7 (_loop_solver_button) | Erro PyAutoGUI: expected an image filename, OpenCV numpy array, or PIL image
2026-06-04 17:24:19,142 | ERROR | Thread-7 (_loop_solver_button) | TypeError('expected an image filename, OpenCV numpy array, or PIL image')
2026-06-04 17:24:19,985 | ERROR | Thread-7 (_loop_solver_button) | Erro PyAutoGUI: expected an image filename, OpenCV numpy array, or PIL image
2026-06-04 17:24:20,029 | ERROR | Thread-7 (_loop_solver_button) | TypeError('expected an image filename, OpenCV numpy array, or PIL image')
2026-06-04 17:24:20,571 | ERROR | Dummy-11 | 🔐 Usuário não está na página correta. Garantindo login...
2026-06-04 17:24:20,572 | ERROR | Dummy-9 | 🔐 Usuário não está na página correta. Garantindo login...
2026-06-04 17:24:20,596 | ERROR | Dummy-10 | 🔐 Usuário não está na página correta. Garantindo login...
2026-06-04 17:24:20,874 | ERROR | Thread-7 (_loop_solver_button) | Erro PyAutoGUI: expected an image filename, OpenCV numpy array, or PIL image
2026-06-04 17:24:20,926 | ERROR | Thread-7 (_loop_solver_button) | TypeError('expected an image filename, OpenCV numpy array, or PIL image')
2026-06-04 17:24:21,774 | ERROR | Thread-7 (_loop_solver_button) | Erro PyAutoGUI: expected an image filename, OpenCV numpy array, or PIL image
2026-06-04 17:24:21,817 | ERROR | Thread-7 (_loop_solver_button) | TypeError('expected an image filename, OpenCV numpy array, or PIL image')
2026-06-04 17:24:22,658 | ERROR | Thread-7 (_loop_solver_button) | Erro PyAutoGUI: expected an image filename, OpenCV numpy array, or PIL image
2026-06-04 17:24:22,709 | ERROR | Thread-7 (_loop_solver_button) | TypeError('expected an image filename, OpenCV numpy array, or PIL image')
2026-06-04 17:24:23,544 | ERROR | Thread-7 (_loop_solver_button) | Erro PyAutoGUI: expected an image filename, OpenCV numpy array, or PIL image
2026-06-04 17:24:23,590 | ERROR | Thread-7 (_loop_solver_button) | TypeError('expected an image filename, OpenCV numpy array, or PIL image')
2026-06-04 17:24:24,194 | ERROR | Dummy-11 | LOGIN 3
2026-06-04 17:24:24,235 | ERROR | Dummy-11 | 🔑 Login realizado. Acessando menu Marcas...
2026-06-04 17:24:24,244 | ERROR | Dummy-9 | LOGIN 3
2026-06-04 17:24:24,258 | ERROR | Dummy-10 | LOGIN 3
2026-06-04 17:24:24,291 | ERROR | Dummy-9 | 🔑 Login realizado. Acessando menu Marcas...
2026-06-04 17:24:24,307 | ERROR | Dummy-10 | 🔑 Login realizado. Acessando menu Marcas...
2026-06-04 17:24:24,480 | ERROR | Thread-7 (_loop_solver_button) | Erro PyAutoGUI: expected an image filename, OpenCV numpy array, or PIL image
2026-06-04 17:24:24,544 | ERROR | Dummy-11 | ✅ Página de pesquisa por processo carregada com sucesso.
2026-06-04 17:24:24,557 | ERROR | Thread-7 (_loop_solver_button) | TypeError('expected an image filename, OpenCV numpy array, or PIL image')
2026-06-04 17:24:24,617 | WARNING | Dummy-10 | Connection pool is full, discarding connection: localhost. Connection pool size: 1
2026-06-04 17:24:24,617 | ERROR | Dummy-10 | ✅ Página de pesquisa por processo carregada com sucesso.
2026-06-04 17:24:24,700 | WARNING | Dummy-11 | Connection pool is full, discarding connection: localhost. Connection pool size: 1
2026-06-04 17:24:25,414 | ERROR | Thread-7 (_loop_solver_button) | Erro PyAutoGUI: expected an image filename, OpenCV numpy array, or PIL image
2026-06-04 17:24:25,497 | ERROR | Thread-7 (_loop_solver_button) | TypeError('expected an image filename, OpenCV numpy array, or PIL image')
2026-06-04 17:24:26,352 | ERROR | Thread-7 (_loop_solver_button) | Erro PyAutoGUI: expected an image filename, OpenCV numpy array, or PIL image
2026-06-04 17:24:26,406 | ERROR | Thread-7 (_loop_solver_button) | TypeError('expected an image filename, OpenCV numpy array, or PIL image')
2026-06-04 17:24:26,430 | ERROR | Dummy-9 | Traceback (most recent call last):
  File "E:\busca inpi\busca inpi\inpi_busca_codigo_limpo\core\login_manager.py", line 108, in garantir_login
    menu_marcas = wait_element(
        self,
    ...<5 lines>...
        timeout=WAIT_MEDIUM
    )
  File "E:\busca inpi\busca inpi\inpi_busca_codigo_limpo\core\network_utils.py", line 39, in wait_element
    return WebDriverWait(driver, timeout).until(
           ~~~~~~~~~~~~~~~~~~~~~~~~~~~~~~~~~~~~^
        EC.presence_of_element_located(locator)
        ^^^^^^^^^^^^^^^^^^^^^^^^^^^^^^^^^^^^^^^
    )
    ^
  File "E:\busca inpi\busca inpi\inpi_busca_codigo_limpo\venv\Lib\site-packages\selenium\webdriver\support\wait.py", line 121, in until
    raise TimeoutException(message, screen, stacktrace)
selenium.common.exceptions.TimeoutException: Message: 
Stacktrace:
	chromedriver!GetHandleVerifier [0x7ff6b78b33f5+14875]
	chromedriver!GetHandleVerifier [0x7ff6b78b3450+148d0]
	chromedriver!(No symbol) [0x7ff6b740778d]
	chromedriver!(No symbol) [0x7ff6b746195d]
	chromedriver!(No symbol) [0x7ff6b7461c5c]
	chromedriver!(No symbol) [0x7ff6b74b1e37]
	chromedriver!(No symbol) [0x7ff6b74ae9fc]
	chromedriver!(No symbol) [0x7ff6b7453eb0]
	chromedriver!(No symbol) [0x7ff6b7454e23]
	chromedriver!GetHandleVerifier [0x7ff6b7e96c61+5f80e1]
	chromedriver!GetHandleVerifier [0x7ff6b7e90feb+5f246b]
	chromedriver!GetHandleVerifier [0x7ff6b7eb62d5+617755]
	chromedriver!GetHandleVerifier [0x7ff6b78d03ae+3182e]
	chromedriver!GetHandleVerifier [0x7ff6b78d8acc+39f4c]
	chromedriver!GetHandleVerifier [0x7ff6b78bcac4+1df44]
	chromedriver!GetHandleVerifier [0x7ff6b78bcc54+1e0d4]
	chromedriver!GetHandleVerifier [0x7ff6b78a0957+1dd7]
	KERNEL32!BaseThreadInitThunk [0x7ffc8eb9e957+17]
	ntdll!RtlUserThreadStart [0x7ffc8f58427c+2c]


During handling of the above exception, another exception occurred:

Traceback (most recent call last):
  File "E:\busca inpi\busca inpi\inpi_busca_codigo_limpo\core\processo_manager.py", line 330, in abrir_detalhe_processo
    self.garantir_login(driver)
    ~~~~~~~~~~~~~~~~~~~^^^^^^^^
  File "E:\busca inpi\busca inpi\inpi_busca_codigo_limpo\core\login_manager.py", line 149, in garantir_login
    raise Exception(
        "❌ Não foi possível localizar o menu Marcas"
    )
Exception: ❌ Não foi possível localizar o menu Marcas

2026-06-04 17:24:26,444 | ERROR | Dummy-9 | 🔁 REPEAT worker 1 processo 906452724
2026-06-04 17:24:26,447 | ERROR | Dummy-9 | 📌 Motivo retry: ❌ Não foi possível localizar o menu Marcas
2026-06-04 17:24:26,448 | ERROR | Dummy-9 | 📌 Tentativa atual: 1
2026-06-04 17:24:26,449 | ERROR | Dummy-9 | ⏳ Worker 1 aguardará 3s antes retry
2026-06-04 17:24:26,450 | ERROR | Dummy-9 | 🏁 Worker 1 finalizou
2026-06-04 17:24:26,455 | ERROR | MainThread | FINALIZAR worker 1 thread=MainThread
  File "E:\busca inpi\busca inpi\inpi_busca_codigo_limpo\main.py", line 47, in <module>
    sys.exit(app.exec_())
  File "E:\busca inpi\busca inpi\inpi_busca_codigo_limpo\core\worker_manager.py", line 108, in _finalizar_processo_atual
    f"{''.join(traceback.format_stack())}"

2026-06-04 17:24:26,456 | ERROR | MainThread | 📌 Processo atual antes limpar: None
2026-06-04 17:24:26,456 | ERROR | MainThread | 🔄 Agendando próximo processo worker 1
2026-06-04 17:24:26,457 | ERROR | MainThread | 🟡 _processar_proximo chamado Worker 1
2026-06-04 17:24:26,457 | ERROR | MainThread | 📦 Worker 1 fila restante: 8
2026-06-04 17:24:26,457 | ERROR | MainThread | 🚀 Worker 1 iniciou processo 906452333
2026-06-04 17:24:26,458 | ERROR | MainThread | 🧵 Worker thread START 1
2026-06-04 17:24:26,458 | ERROR | Dummy-12 | 🚀 Worker 1 iniciando
2026-06-04 17:24:26,458 | ERROR | Dummy-12 | 🚀 PIPELINE START worker 1 | 906452333
2026-06-04 17:24:26,459 | ERROR | Dummy-12 | LOGIN 1
2026-06-04 17:24:26,459 | ERROR | Dummy-12 | GARANTIR LOGIN INICIO
2026-06-04 17:24:26,459 | ERROR | Dummy-12 | <selenium.webdriver.chrome.webdriver.WebDriver (session="8434c24134ed3767626ff7b0afc9c07d")>
2026-06-04 17:24:26,459 | ERROR | Dummy-12 | 8434c24134ed3767626ff7b0afc9c07d
2026-06-04 17:24:26,459 | ERROR | Dummy-12 | ANTES DO FINDELEMENT
2026-06-04 17:24:26,459 | ERROR | Dummy-12 | LOGIN 2
2026-06-04 17:24:27,266 | ERROR | Thread-7 (_loop_solver_button) | Erro PyAutoGUI: expected an image filename, OpenCV numpy array, or PIL image
2026-06-04 17:24:27,304 | ERROR | Thread-7 (_loop_solver_button) | TypeError('expected an image filename, OpenCV numpy array, or PIL image')
2026-06-04 17:24:28,143 | ERROR | Thread-7 (_loop_solver_button) | Erro PyAutoGUI: expected an image filename, OpenCV numpy array, or PIL image
2026-06-04 17:24:28,195 | ERROR | Thread-7 (_loop_solver_button) | TypeError('expected an image filename, OpenCV numpy array, or PIL image')
2026-06-04 17:24:28,209 | ERROR | Dummy-11 | 📄 Serviço 389 ou 394 detectado
2026-06-04 17:24:28,210 | ERROR | Dummy-11 | 📂 Worker 3 liberando petições
2026-06-04 17:24:28,210 | ERROR | Dummy-11 | 🔍 Verificando necessidade de amplo acesso às petições...
2026-06-04 17:24:28,232 | ERROR | Dummy-10 | 📄 Serviço 389 ou 394 detectado
2026-06-04 17:24:28,234 | ERROR | Dummy-10 | 📂 Worker 2 liberando petições
2026-06-04 17:24:28,236 | ERROR | Dummy-10 | 🔍 Verificando necessidade de amplo acesso às petições...
2026-06-04 17:24:28,242 | ERROR | Dummy-11 | 🔐 Acesso restrito detectado. Solicitando liberação...
2026-06-04 17:24:28,908 | ERROR | Dummy-11 | 🖱 Link de acesso clicado
2026-06-04 17:24:28,937 | WARNING | Thread-8 (_loop_monitor_captcha) | Connection pool is full, discarding connection: localhost. Connection pool size: 1
2026-06-04 17:24:29,066 | ERROR | Thread-7 (_loop_solver_button) | Erro PyAutoGUI: expected an image filename, OpenCV numpy array, or PIL image
2026-06-04 17:24:29,133 | ERROR | Thread-7 (_loop_solver_button) | TypeError('expected an image filename, OpenCV numpy array, or PIL image')
2026-06-04 17:24:29,986 | ERROR | Thread-7 (_loop_solver_button) | Erro PyAutoGUI: expected an image filename, OpenCV numpy array, or PIL image
2026-06-04 17:24:30,041 | ERROR | Thread-7 (_loop_solver_button) | TypeError('expected an image filename, OpenCV numpy array, or PIL image')
2026-06-04 17:24:30,308 | ERROR | Dummy-10 | 🔓 Nenhum bloqueio de petições detectado
2026-06-04 17:24:30,309 | ERROR | Dummy-10 | 🔍 Verificando popup de amplo acesso...
2026-06-04 17:24:30,898 | ERROR | Thread-7 (_loop_solver_button) | Erro PyAutoGUI: expected an image filename, OpenCV numpy array, or PIL image
2026-06-04 17:24:30,943 | ERROR | Thread-7 (_loop_solver_button) | TypeError('expected an image filename, OpenCV numpy array, or PIL image')
2026-06-04 17:24:31,000 | ERROR | Dummy-11 | 🔓 Nenhum bloqueio de petições detectado
2026-06-04 17:24:31,001 | ERROR | Dummy-11 | 🔍 Verificando popup de amplo acesso...
2026-06-04 17:24:31,008 | ERROR | Dummy-11 | 🪟 Popup de amplo acesso detectado
2026-06-04 17:24:31,074 | ERROR | Dummy-11 | ☑️ Checkbox de concordância marcado
2026-06-04 17:24:31,223 | ERROR | Dummy-11 | 📨 Formulário enviado
2026-06-04 17:24:31,678 | ERROR | Dummy-12 | 🔐 Usuário não está na página correta. Garantindo login...
2026-06-04 17:24:31,819 | ERROR | Thread-7 (_loop_solver_button) | Erro PyAutoGUI: expected an image filename, OpenCV numpy array, or PIL image
2026-06-04 17:24:31,890 | ERROR | Dummy-11 | ✅ Acesso às petições liberado com sucesso
2026-06-04 17:24:31,896 | ERROR | Dummy-11 | ✅ Worker 3 petições liberadas
2026-06-04 17:24:31,901 | ERROR | Thread-7 (_loop_solver_button) | TypeError('expected an image filename, OpenCV numpy array, or PIL image')
2026-06-04 17:24:32,395 | ERROR | Dummy-10 | 🔓 Nenhum popup de amplo acesso detectado
2026-06-04 17:24:32,426 | ERROR | Dummy-10 | ✅ Worker 2 petições liberadas
2026-06-04 17:24:32,777 | ERROR | Thread-7 (_loop_solver_button) | Erro PyAutoGUI: expected an image filename, OpenCV numpy array, or PIL image
2026-06-04 17:24:32,828 | ERROR | Thread-7 (_loop_solver_button) | TypeError('expected an image filename, OpenCV numpy array, or PIL image')
2026-06-04 17:24:33,712 | ERROR | Thread-7 (_loop_solver_button) | Erro PyAutoGUI: expected an image filename, OpenCV numpy array, or PIL image
2026-06-04 17:24:33,795 | ERROR | Thread-7 (_loop_solver_button) | TypeError('expected an image filename, OpenCV numpy array, or PIL image')
2026-06-04 17:24:33,902 | ERROR | Dummy-11 | 📥 Worker 3 iniciando fluxo PDF
2026-06-04 17:24:33,903 | ERROR | Dummy-11 | 📄 Worker 3 procurando PDF
2026-06-04 17:24:34,018 | ERROR | Dummy-11 | 🖱 Worker 3 clicou PDF
2026-06-04 17:24:34,040 | ERROR | Dummy-11 | 🧩 Worker 3 captcha aberto
2026-06-04 17:24:34,041 | ERROR | Dummy-11 | [W3] 🧩 aguardando modal...
2026-06-04 17:24:34,094 | ERROR | Dummy-11 | [captcha] modal visível
2026-06-04 17:24:34,261 | ERROR | Dummy-11 | [captcha] checkbox clicado
2026-06-04 17:24:34,288 | ERROR | Dummy-11 | [captcha] aguardando token resolver (sem timeout)...
2026-06-04 17:24:34,435 | ERROR | Dummy-10 | 📥 Worker 2 iniciando fluxo PDF
2026-06-04 17:24:34,435 | ERROR | Dummy-10 | 📄 Worker 2 procurando PDF
2026-06-04 17:24:34,678 | ERROR | Dummy-10 | 🖱 Worker 2 clicou PDF
2026-06-04 17:24:34,698 | ERROR | Thread-7 (_loop_solver_button) | Erro PyAutoGUI: expected an image filename, OpenCV numpy array, or PIL image
2026-06-04 17:24:34,807 | ERROR | Dummy-10 | 🧩 Worker 2 captcha aberto
2026-06-04 17:24:34,808 | ERROR | Dummy-10 | [W2] 🧩 aguardando modal...
2026-06-04 17:24:34,822 | ERROR | Thread-7 (_loop_solver_button) | TypeError('expected an image filename, OpenCV numpy array, or PIL image')
2026-06-04 17:24:34,868 | ERROR | Dummy-10 | [captcha] modal visível
2026-06-04 17:24:35,053 | ERROR | Dummy-10 | [captcha] checkbox clicado
2026-06-04 17:24:35,072 | ERROR | Dummy-10 | [captcha] aguardando token resolver (sem timeout)...
2026-06-04 17:24:35,139 | ERROR | Thread-8 (_loop_monitor_captcha) | 🧩 Captcha ativo worker 2
2026-06-04 17:24:35,149 | WARNING | Dummy-12 | Connection pool is full, discarding connection: localhost. Connection pool size: 1
2026-06-04 17:24:35,156 | WARNING | Dummy-10 | Connection pool is full, discarding connection: localhost. Connection pool size: 1
2026-06-04 17:24:35,162 | ERROR | Thread-8 (_loop_monitor_captcha) | 🧩 Captcha ativo worker 3
2026-06-04 17:24:35,335 | ERROR | Dummy-12 | LOGIN 3
2026-06-04 17:24:35,382 | ERROR | Dummy-12 | 🔑 Login realizado. Acessando menu Marcas...
2026-06-04 17:24:35,675 | ERROR | Thread-7 (_loop_solver_button) | Erro PyAutoGUI: expected an image filename, OpenCV numpy array, or PIL image
2026-06-04 17:24:35,748 | ERROR | Thread-7 (_loop_solver_button) | TypeError('expected an image filename, OpenCV numpy array, or PIL image')
2026-06-04 17:24:36,592 | ERROR | Thread-7 (_loop_solver_button) | Erro PyAutoGUI: expected an image filename, OpenCV numpy array, or PIL image
2026-06-04 17:24:36,637 | ERROR | Thread-7 (_loop_solver_button) | TypeError('expected an image filename, OpenCV numpy array, or PIL image')
2026-06-04 17:24:37,177 | ERROR | Thread-8 (_loop_monitor_captcha) | 🧩 Captcha ativo worker 2
2026-06-04 17:24:37,188 | ERROR | Thread-8 (_loop_monitor_captcha) | 🧩 Captcha ativo worker 3
2026-06-04 17:24:37,479 | ERROR | Thread-7 (_loop_solver_button) | Erro PyAutoGUI: expected an image filename, OpenCV numpy array, or PIL image
2026-06-04 17:24:37,517 | ERROR | Dummy-12 | Traceback (most recent call last):
  File "E:\busca inpi\busca inpi\inpi_busca_codigo_limpo\core\login_manager.py", line 108, in garantir_login
    menu_marcas = wait_element(
        self,
    ...<5 lines>...
        timeout=WAIT_MEDIUM
    )
  File "E:\busca inpi\busca inpi\inpi_busca_codigo_limpo\core\network_utils.py", line 39, in wait_element
    return WebDriverWait(driver, timeout).until(
           ~~~~~~~~~~~~~~~~~~~~~~~~~~~~~~~~~~~~^
        EC.presence_of_element_located(locator)
        ^^^^^^^^^^^^^^^^^^^^^^^^^^^^^^^^^^^^^^^
    )
    ^
  File "E:\busca inpi\busca inpi\inpi_busca_codigo_limpo\venv\Lib\site-packages\selenium\webdriver\support\wait.py", line 121, in until
    raise TimeoutException(message, screen, stacktrace)
selenium.common.exceptions.TimeoutException: Message: 
Stacktrace:
	chromedriver!GetHandleVerifier [0x7ff6b78b33f5+14875]
	chromedriver!GetHandleVerifier [0x7ff6b78b3450+148d0]
	chromedriver!(No symbol) [0x7ff6b740778d]
	chromedriver!(No symbol) [0x7ff6b746195d]
	chromedriver!(No symbol) [0x7ff6b7461c5c]
	chromedriver!(No symbol) [0x7ff6b74b1e37]
	chromedriver!(No symbol) [0x7ff6b74ae9fc]
	chromedriver!(No symbol) [0x7ff6b7453eb0]
	chromedriver!(No symbol) [0x7ff6b7454e23]
	chromedriver!GetHandleVerifier [0x7ff6b7e96c61+5f80e1]
	chromedriver!GetHandleVerifier [0x7ff6b7e90feb+5f246b]
	chromedriver!GetHandleVerifier [0x7ff6b7eb62d5+617755]
	chromedriver!GetHandleVerifier [0x7ff6b78d03ae+3182e]
	chromedriver!GetHandleVerifier [0x7ff6b78d8acc+39f4c]
	chromedriver!GetHandleVerifier [0x7ff6b78bcac4+1df44]
	chromedriver!GetHandleVerifier [0x7ff6b78bcc54+1e0d4]
	chromedriver!GetHandleVerifier [0x7ff6b78a0957+1dd7]
	KERNEL32!BaseThreadInitThunk [0x7ffc8eb9e957+17]
	ntdll!RtlUserThreadStart [0x7ffc8f58427c+2c]


During handling of the above exception, another exception occurred:

Traceback (most recent call last):
  File "E:\busca inpi\busca inpi\inpi_busca_codigo_limpo\core\processo_manager.py", line 330, in abrir_detalhe_processo
    self.garantir_login(driver)
    ~~~~~~~~~~~~~~~~~~~^^^^^^^^
  File "E:\busca inpi\busca inpi\inpi_busca_codigo_limpo\core\login_manager.py", line 149, in garantir_login
    raise Exception(
        "❌ Não foi possível localizar o menu Marcas"
    )
Exception: ❌ Não foi possível localizar o menu Marcas

2026-06-04 17:24:37,522 | ERROR | Thread-7 (_loop_solver_button) | TypeError('expected an image filename, OpenCV numpy array, or PIL image')
2026-06-04 17:24:37,532 | ERROR | Dummy-12 | 🔁 REPEAT worker 1 processo 906452333
2026-06-04 17:24:37,533 | ERROR | Dummy-12 | 📌 Motivo retry: ❌ Não foi possível localizar o menu Marcas
2026-06-04 17:24:37,533 | ERROR | Dummy-12 | 📌 Tentativa atual: 1
2026-06-04 17:24:37,533 | ERROR | Dummy-12 | ⏳ Worker 1 aguardará 3s antes retry
2026-06-04 17:24:37,533 | ERROR | Dummy-12 | 🏁 Worker 1 finalizou
2026-06-04 17:24:37,534 | ERROR | MainThread | FINALIZAR worker 1 thread=MainThread
  File "E:\busca inpi\busca inpi\inpi_busca_codigo_limpo\main.py", line 47, in <module>
    sys.exit(app.exec_())
  File "E:\busca inpi\busca inpi\inpi_busca_codigo_limpo\core\worker_manager.py", line 108, in _finalizar_processo_atual
    f"{''.join(traceback.format_stack())}"

2026-06-04 17:24:37,535 | ERROR | MainThread | 📌 Processo atual antes limpar: None
2026-06-04 17:24:37,535 | ERROR | MainThread | 🔄 Agendando próximo processo worker 1
2026-06-04 17:24:37,535 | ERROR | MainThread | 🟡 _processar_proximo chamado Worker 1
2026-06-04 17:24:37,535 | ERROR | MainThread | 📦 Worker 1 fila restante: 7
2026-06-04 17:24:37,535 | ERROR | MainThread | 🚀 Worker 1 iniciou processo 906451833
2026-06-04 17:24:37,536 | ERROR | MainThread | 🧵 Worker thread START 1
2026-06-04 17:24:37,536 | ERROR | Dummy-13 | 🚀 Worker 1 iniciando
2026-06-04 17:24:37,536 | ERROR | Dummy-13 | 🚀 PIPELINE START worker 1 | 906451833
2026-06-04 17:24:37,536 | ERROR | Dummy-13 | LOGIN 1
2026-06-04 17:24:37,537 | ERROR | Dummy-13 | GARANTIR LOGIN INICIO
2026-06-04 17:24:37,537 | ERROR | Dummy-13 | <selenium.webdriver.chrome.webdriver.WebDriver (session="8434c24134ed3767626ff7b0afc9c07d")>
2026-06-04 17:24:37,537 | ERROR | Dummy-13 | 8434c24134ed3767626ff7b0afc9c07d
2026-06-04 17:24:37,537 | ERROR | Dummy-13 | ANTES DO FINDELEMENT
2026-06-04 17:24:37,537 | ERROR | Dummy-13 | LOGIN 2
2026-06-04 17:24:38,360 | ERROR | Thread-7 (_loop_solver_button) | Erro PyAutoGUI: expected an image filename, OpenCV numpy array, or PIL image
2026-06-04 17:24:38,403 | ERROR | Thread-7 (_loop_solver_button) | TypeError('expected an image filename, OpenCV numpy array, or PIL image')
2026-06-04 17:24:39,247 | ERROR | Thread-7 (_loop_solver_button) | Erro PyAutoGUI: expected an image filename, OpenCV numpy array, or PIL image
2026-06-04 17:24:39,280 | ERROR | Thread-8 (_loop_monitor_captcha) | 🧩 Captcha ativo worker 2
2026-06-04 17:24:39,287 | ERROR | Thread-7 (_loop_solver_button) | TypeError('expected an image filename, OpenCV numpy array, or PIL image')
2026-06-04 17:24:39,292 | WARNING | Dummy-10 | Connection pool is full, discarding connection: localhost. Connection pool size: 1
2026-06-04 17:24:39,300 | ERROR | Thread-8 (_loop_monitor_captcha) | 🧩 Captcha ativo worker 3
2026-06-04 17:24:40,145 | ERROR | Thread-7 (_loop_solver_button) | Erro PyAutoGUI: expected an image filename, OpenCV numpy array, or PIL image
2026-06-04 17:24:40,190 | ERROR | Thread-7 (_loop_solver_button) | TypeError('expected an image filename, OpenCV numpy array, or PIL image')
2026-06-04 17:24:41,031 | ERROR | Thread-7 (_loop_solver_button) | Erro PyAutoGUI: expected an image filename, OpenCV numpy array, or PIL image
2026-06-04 17:24:41,074 | ERROR | Thread-7 (_loop_solver_button) | TypeError('expected an image filename, OpenCV numpy array, or PIL image')
2026-06-04 17:24:41,316 | ERROR | Thread-8 (_loop_monitor_captcha) | 🧩 Captcha ativo worker 2
2026-06-04 17:24:41,322 | WARNING | Dummy-10 | Connection pool is full, discarding connection: localhost. Connection pool size: 1
2026-06-04 17:24:41,334 | ERROR | Thread-8 (_loop_monitor_captcha) | 🧩 Captcha ativo worker 3
2026-06-04 17:24:41,923 | ERROR | Thread-7 (_loop_solver_button) | Erro PyAutoGUI: expected an image filename, OpenCV numpy array, or PIL image
2026-06-04 17:24:41,964 | ERROR | Thread-7 (_loop_solver_button) | TypeError('expected an image filename, OpenCV numpy array, or PIL image')
2026-06-04 17:24:42,701 | ERROR | Dummy-13 | 🔐 Usuário não está na página correta. Garantindo login...
2026-06-04 17:24:42,823 | ERROR | Thread-7 (_loop_solver_button) | Erro PyAutoGUI: expected an image filename, OpenCV numpy array, or PIL image
2026-06-04 17:24:42,875 | ERROR | Thread-7 (_loop_solver_button) | TypeError('expected an image filename, OpenCV numpy array, or PIL image')
2026-06-04 17:24:43,350 | ERROR | Thread-8 (_loop_monitor_captcha) | 🧩 Captcha ativo worker 2
2026-06-04 17:24:43,362 | ERROR | Thread-8 (_loop_monitor_captcha) | 🧩 Captcha ativo worker 3
2026-06-04 17:24:43,718 | ERROR | Thread-7 (_loop_solver_button) | Erro PyAutoGUI: expected an image filename, OpenCV numpy array, or PIL image
2026-06-04 17:24:43,757 | ERROR | Thread-7 (_loop_solver_button) | TypeError('expected an image filename, OpenCV numpy array, or PIL image')
2026-06-04 17:24:44,605 | ERROR | Thread-7 (_loop_solver_button) | Erro PyAutoGUI: expected an image filename, OpenCV numpy array, or PIL image
2026-06-04 17:24:44,649 | ERROR | Dummy-11 | ⏱️ Captcha travado no worker 3
2026-06-04 17:24:44,650 | ERROR | Dummy-11 | 🔍 Procurando reload: E:\busca inpi\busca inpi\inpi_busca_codigo_limpo\reload_button.png
2026-06-04 17:24:44,699 | ERROR | Thread-7 (_loop_solver_button) | TypeError('expected an image filename, OpenCV numpy array, or PIL image')
2026-06-04 17:24:44,706 | ERROR | Dummy-11 | 🔄 Reload executado worker 3
2026-06-04 17:24:45,383 | ERROR | Thread-8 (_loop_monitor_captcha) | 🧩 Captcha ativo worker 2
2026-06-04 17:24:45,388 | ERROR | Dummy-10 | ⏱️ Captcha travado no worker 2
2026-06-04 17:24:45,388 | ERROR | Dummy-10 | 🔍 Procurando reload: E:\busca inpi\busca inpi\inpi_busca_codigo_limpo\reload_button.png
2026-06-04 17:24:45,441 | ERROR | Dummy-10 | 🔄 Reload executado worker 2
2026-06-04 17:24:45,445 | ERROR | Thread-8 (_loop_monitor_captcha) | 🧩 Captcha ativo worker 3
2026-06-04 17:24:45,544 | ERROR | Thread-7 (_loop_solver_button) | Erro PyAutoGUI: expected an image filename, OpenCV numpy array, or PIL image
2026-06-04 17:24:45,590 | ERROR | Thread-7 (_loop_solver_button) | TypeError('expected an image filename, OpenCV numpy array, or PIL image')
2026-06-04 17:24:46,177 | ERROR | Dummy-13 | LOGIN 3
2026-06-04 17:24:46,221 | ERROR | Dummy-13 | 🔑 Login realizado. Acessando menu Marcas...
2026-06-04 17:24:46,429 | ERROR | Thread-7 (_loop_solver_button) | Erro PyAutoGUI: expected an image filename, OpenCV numpy array, or PIL image
2026-06-04 17:24:46,477 | ERROR | Thread-7 (_loop_solver_button) | TypeError('expected an image filename, OpenCV numpy array, or PIL image')
2026-06-04 17:24:47,333 | ERROR | Thread-7 (_loop_solver_button) | Erro PyAutoGUI: expected an image filename, OpenCV numpy array, or PIL image
2026-06-04 17:24:47,388 | ERROR | Thread-7 (_loop_solver_button) | TypeError('expected an image filename, OpenCV numpy array, or PIL image')
2026-06-04 17:24:47,498 | ERROR | Thread-8 (_loop_monitor_captcha) | 🧩 Captcha ativo worker 2
2026-06-04 17:24:47,512 | WARNING | Dummy-10 | Connection pool is full, discarding connection: localhost. Connection pool size: 1
2026-06-04 17:24:47,524 | ERROR | Thread-8 (_loop_monitor_captcha) | 🧩 Captcha ativo worker 3
2026-06-04 17:24:48,250 | ERROR | Thread-7 (_loop_solver_button) | Erro PyAutoGUI: expected an image filename, OpenCV numpy array, or PIL image
2026-06-04 17:24:48,300 | ERROR | Thread-7 (_loop_solver_button) | TypeError('expected an image filename, OpenCV numpy array, or PIL image')
2026-06-04 17:24:48,325 | ERROR | Dummy-13 | Traceback (most recent call last):
  File "E:\busca inpi\busca inpi\inpi_busca_codigo_limpo\core\login_manager.py", line 108, in garantir_login
    menu_marcas = wait_element(
        self,
    ...<5 lines>...
        timeout=WAIT_MEDIUM
    )
  File "E:\busca inpi\busca inpi\inpi_busca_codigo_limpo\core\network_utils.py", line 39, in wait_element
    return WebDriverWait(driver, timeout).until(
           ~~~~~~~~~~~~~~~~~~~~~~~~~~~~~~~~~~~~^
        EC.presence_of_element_located(locator)
        ^^^^^^^^^^^^^^^^^^^^^^^^^^^^^^^^^^^^^^^
    )
    ^
  File "E:\busca inpi\busca inpi\inpi_busca_codigo_limpo\venv\Lib\site-packages\selenium\webdriver\support\wait.py", line 121, in until
    raise TimeoutException(message, screen, stacktrace)
selenium.common.exceptions.TimeoutException: Message: 
Stacktrace:
	chromedriver!GetHandleVerifier [0x7ff6b78b33f5+14875]
	chromedriver!GetHandleVerifier [0x7ff6b78b3450+148d0]
	chromedriver!(No symbol) [0x7ff6b740778d]
	chromedriver!(No symbol) [0x7ff6b746195d]
	chromedriver!(No symbol) [0x7ff6b7461c5c]
	chromedriver!(No symbol) [0x7ff6b74b1e37]
	chromedriver!(No symbol) [0x7ff6b74ae9fc]
	chromedriver!(No symbol) [0x7ff6b7453eb0]
	chromedriver!(No symbol) [0x7ff6b7454e23]
	chromedriver!GetHandleVerifier [0x7ff6b7e96c61+5f80e1]
	chromedriver!GetHandleVerifier [0x7ff6b7e90feb+5f246b]
	chromedriver!GetHandleVerifier [0x7ff6b7eb62d5+617755]
	chromedriver!GetHandleVerifier [0x7ff6b78d03ae+3182e]
	chromedriver!GetHandleVerifier [0x7ff6b78d8acc+39f4c]
	chromedriver!GetHandleVerifier [0x7ff6b78bcac4+1df44]
	chromedriver!GetHandleVerifier [0x7ff6b78bcc54+1e0d4]
	chromedriver!GetHandleVerifier [0x7ff6b78a0957+1dd7]
	KERNEL32!BaseThreadInitThunk [0x7ffc8eb9e957+17]
	ntdll!RtlUserThreadStart [0x7ffc8f58427c+2c]


During handling of the above exception, another exception occurred:

Traceback (most recent call last):
  File "E:\busca inpi\busca inpi\inpi_busca_codigo_limpo\core\processo_manager.py", line 330, in abrir_detalhe_processo
    self.garantir_login(driver)
    ~~~~~~~~~~~~~~~~~~~^^^^^^^^
  File "E:\busca inpi\busca inpi\inpi_busca_codigo_limpo\core\login_manager.py", line 149, in garantir_login
    raise Exception(
        "❌ Não foi possível localizar o menu Marcas"
    )
Exception: ❌ Não foi possível localizar o menu Marcas

2026-06-04 17:24:48,337 | ERROR | Dummy-13 | 🔁 REPEAT worker 1 processo 906451833
2026-06-04 17:24:48,337 | ERROR | Dummy-13 | 📌 Motivo retry: ❌ Não foi possível localizar o menu Marcas
2026-06-04 17:24:48,337 | ERROR | Dummy-13 | 📌 Tentativa atual: 1
2026-06-04 17:24:48,337 | ERROR | Dummy-13 | ⏳ Worker 1 aguardará 3s antes retry
2026-06-04 17:24:48,338 | ERROR | Dummy-13 | 🏁 Worker 1 finalizou
2026-06-04 17:24:48,340 | ERROR | MainThread | FINALIZAR worker 1 thread=MainThread
  File "E:\busca inpi\busca inpi\inpi_busca_codigo_limpo\main.py", line 47, in <module>
    sys.exit(app.exec_())
  File "E:\busca inpi\busca inpi\inpi_busca_codigo_limpo\core\worker_manager.py", line 108, in _finalizar_processo_atual
    f"{''.join(traceback.format_stack())}"

2026-06-04 17:24:48,340 | ERROR | MainThread | 📌 Processo atual antes limpar: None
2026-06-04 17:24:48,340 | ERROR | MainThread | 🔄 Agendando próximo processo worker 1
2026-06-04 17:24:48,341 | ERROR | MainThread | 🟡 _processar_proximo chamado Worker 1
2026-06-04 17:24:48,341 | ERROR | MainThread | 📦 Worker 1 fila restante: 6
2026-06-04 17:24:48,341 | ERROR | MainThread | 🚀 Worker 1 iniciou processo 906451604
2026-06-04 17:24:48,341 | ERROR | MainThread | 🧵 Worker thread START 1
2026-06-04 17:24:48,342 | ERROR | Dummy-14 | 🚀 Worker 1 iniciando
2026-06-04 17:24:48,342 | ERROR | Dummy-14 | 🚀 PIPELINE START worker 1 | 906451604
2026-06-04 17:24:48,342 | ERROR | Dummy-14 | LOGIN 1
2026-06-04 17:24:48,342 | ERROR | Dummy-14 | GARANTIR LOGIN INICIO
2026-06-04 17:24:48,342 | ERROR | Dummy-14 | <selenium.webdriver.chrome.webdriver.WebDriver (session="8434c24134ed3767626ff7b0afc9c07d")>
2026-06-04 17:24:48,342 | ERROR | Dummy-14 | 8434c24134ed3767626ff7b0afc9c07d
2026-06-04 17:24:48,343 | ERROR | Dummy-14 | ANTES DO FINDELEMENT
2026-06-04 17:24:48,343 | ERROR | Dummy-14 | LOGIN 2
2026-06-04 17:24:49,146 | ERROR | Thread-7 (_loop_solver_button) | Erro PyAutoGUI: expected an image filename, OpenCV numpy array, or PIL image
2026-06-04 17:24:49,206 | ERROR | Thread-7 (_loop_solver_button) | TypeError('expected an image filename, OpenCV numpy array, or PIL image')
2026-06-04 17:24:49,549 | ERROR | Thread-8 (_loop_monitor_captcha) | 🧩 Captcha ativo worker 2
2026-06-04 17:24:49,562 | ERROR | Thread-8 (_loop_monitor_captcha) | 🧩 Captcha ativo worker 3
2026-06-04 17:24:50,044 | ERROR | Thread-7 (_loop_solver_button) | Erro PyAutoGUI: expected an image filename, OpenCV numpy array, or PIL image
2026-06-04 17:24:50,091 | ERROR | Thread-7 (_loop_solver_button) | TypeError('expected an image filename, OpenCV numpy array, or PIL image')
2026-06-04 17:24:50,943 | ERROR | Thread-7 (_loop_solver_button) | Erro PyAutoGUI: expected an image filename, OpenCV numpy array, or PIL image
2026-06-04 17:24:50,990 | ERROR | Thread-7 (_loop_solver_button) | TypeError('expected an image filename, OpenCV numpy array, or PIL image')
2026-06-04 17:24:51,586 | ERROR | Thread-8 (_loop_monitor_captcha) | 🧩 Captcha ativo worker 2
2026-06-04 17:24:51,599 | ERROR | Thread-8 (_loop_monitor_captcha) | 🧩 Captcha ativo worker 3
2026-06-04 17:24:51,837 | ERROR | Thread-7 (_loop_solver_button) | Erro PyAutoGUI: expected an image filename, OpenCV numpy array, or PIL image
2026-06-04 17:24:51,879 | ERROR | Thread-7 (_loop_solver_button) | TypeError('expected an image filename, OpenCV numpy array, or PIL image')
2026-06-04 17:24:52,718 | ERROR | Thread-7 (_loop_solver_button) | Erro PyAutoGUI: expected an image filename, OpenCV numpy array, or PIL image
2026-06-04 17:24:52,755 | ERROR | Thread-7 (_loop_solver_button) | TypeError('expected an image filename, OpenCV numpy array, or PIL image')
2026-06-04 17:24:53,542 | ERROR | Dummy-14 | 🔐 Usuário não está na página correta. Garantindo login...
2026-06-04 17:24:53,609 | ERROR | Thread-7 (_loop_solver_button) | Erro PyAutoGUI: expected an image filename, OpenCV numpy array, or PIL image
2026-06-04 17:24:53,671 | ERROR | Thread-7 (_loop_solver_button) | TypeError('expected an image filename, OpenCV numpy array, or PIL image')
2026-06-04 17:24:53,686 | WARNING | Thread-8 (_loop_monitor_captcha) | Connection pool is full, discarding connection: localhost. Connection pool size: 1
2026-06-04 17:24:53,711 | WARNING | Thread-8 (_loop_monitor_captcha) | Connection pool is full, discarding connection: localhost. Connection pool size: 1
2026-06-04 17:24:53,711 | ERROR | Thread-8 (_loop_monitor_captcha) | 🧩 Captcha ativo worker 2
2026-06-04 17:24:53,722 | ERROR | Thread-8 (_loop_monitor_captcha) | 🧩 Captcha ativo worker 3
2026-06-04 17:24:54,522 | ERROR | Thread-7 (_loop_solver_button) | Erro PyAutoGUI: expected an image filename, OpenCV numpy array, or PIL image
2026-06-04 17:24:54,580 | ERROR | Thread-7 (_loop_solver_button) | TypeError('expected an image filename, OpenCV numpy array, or PIL image')
2026-06-04 17:24:55,418 | ERROR | Thread-7 (_loop_solver_button) | Erro PyAutoGUI: expected an image filename, OpenCV numpy array, or PIL image
2026-06-04 17:24:55,458 | ERROR | Thread-7 (_loop_solver_button) | TypeError('expected an image filename, OpenCV numpy array, or PIL image')
2026-06-04 17:24:55,766 | ERROR | Thread-8 (_loop_monitor_captcha) | 🧩 Captcha ativo worker 2
2026-06-04 17:24:55,774 | WARNING | Dummy-10 | Connection pool is full, discarding connection: localhost. Connection pool size: 1
2026-06-04 17:24:55,790 | ERROR | Thread-8 (_loop_monitor_captcha) | 🧩 Captcha ativo worker 3
2026-06-04 17:24:56,306 | ERROR | Thread-7 (_loop_solver_button) | Erro PyAutoGUI: expected an image filename, OpenCV numpy array, or PIL image
2026-06-04 17:24:56,348 | ERROR | Thread-7 (_loop_solver_button) | TypeError('expected an image filename, OpenCV numpy array, or PIL image')
2026-06-04 17:24:57,004 | ERROR | Dummy-14 | LOGIN 3
2026-06-04 17:24:57,066 | ERROR | Dummy-14 | 🔑 Login realizado. Acessando menu Marcas...
2026-06-04 17:24:57,203 | ERROR | Thread-7 (_loop_solver_button) | Erro PyAutoGUI: expected an image filename, OpenCV numpy array, or PIL image
2026-06-04 17:24:57,252 | ERROR | Thread-7 (_loop_solver_button) | TypeError('expected an image filename, OpenCV numpy array, or PIL image')
2026-06-04 17:24:57,817 | ERROR | Thread-8 (_loop_monitor_captcha) | 🧩 Captcha ativo worker 2
2026-06-04 17:24:57,820 | WARNING | Dummy-10 | Connection pool is full, discarding connection: localhost. Connection pool size: 1
2026-06-04 17:24:57,827 | ERROR | Thread-8 (_loop_monitor_captcha) | 🧩 Captcha ativo worker 3
2026-06-04 17:24:58,086 | ERROR | Thread-7 (_loop_solver_button) | Erro PyAutoGUI: expected an image filename, OpenCV numpy array, or PIL image
2026-06-04 17:24:58,122 | ERROR | Thread-7 (_loop_solver_button) | TypeError('expected an image filename, OpenCV numpy array, or PIL image')
2026-06-04 17:24:58,967 | ERROR | Thread-7 (_loop_solver_button) | Erro PyAutoGUI: expected an image filename, OpenCV numpy array, or PIL image
2026-06-04 17:24:59,006 | ERROR | Thread-7 (_loop_solver_button) | TypeError('expected an image filename, OpenCV numpy array, or PIL image')
2026-06-04 17:24:59,157 | ERROR | Dummy-14 | Traceback (most recent call last):
  File "E:\busca inpi\busca inpi\inpi_busca_codigo_limpo\core\login_manager.py", line 108, in garantir_login
    menu_marcas = wait_element(
        self,
    ...<5 lines>...
        timeout=WAIT_MEDIUM
    )
  File "E:\busca inpi\busca inpi\inpi_busca_codigo_limpo\core\network_utils.py", line 39, in wait_element
    return WebDriverWait(driver, timeout).until(
           ~~~~~~~~~~~~~~~~~~~~~~~~~~~~~~~~~~~~^
        EC.presence_of_element_located(locator)
        ^^^^^^^^^^^^^^^^^^^^^^^^^^^^^^^^^^^^^^^
    )
    ^
  File "E:\busca inpi\busca inpi\inpi_busca_codigo_limpo\venv\Lib\site-packages\selenium\webdriver\support\wait.py", line 121, in until
    raise TimeoutException(message, screen, stacktrace)
selenium.common.exceptions.TimeoutException: Message: 
Stacktrace:
	chromedriver!GetHandleVerifier [0x7ff6b78b33f5+14875]
	chromedriver!GetHandleVerifier [0x7ff6b78b3450+148d0]
	chromedriver!(No symbol) [0x7ff6b740778d]
	chromedriver!(No symbol) [0x7ff6b746195d]
	chromedriver!(No symbol) [0x7ff6b7461c5c]
	chromedriver!(No symbol) [0x7ff6b74b1e37]
	chromedriver!(No symbol) [0x7ff6b74ae9fc]
	chromedriver!(No symbol) [0x7ff6b7453eb0]
	chromedriver!(No symbol) [0x7ff6b7454e23]
	chromedriver!GetHandleVerifier [0x7ff6b7e96c61+5f80e1]
	chromedriver!GetHandleVerifier [0x7ff6b7e90feb+5f246b]
	chromedriver!GetHandleVerifier [0x7ff6b7eb62d5+617755]
	chromedriver!GetHandleVerifier [0x7ff6b78d03ae+3182e]
	chromedriver!GetHandleVerifier [0x7ff6b78d8acc+39f4c]
	chromedriver!GetHandleVerifier [0x7ff6b78bcac4+1df44]
	chromedriver!GetHandleVerifier [0x7ff6b78bcc54+1e0d4]
	chromedriver!GetHandleVerifier [0x7ff6b78a0957+1dd7]
	KERNEL32!BaseThreadInitThunk [0x7ffc8eb9e957+17]
	ntdll!RtlUserThreadStart [0x7ffc8f58427c+2c]


During handling of the above exception, another exception occurred:

Traceback (most recent call last):
  File "E:\busca inpi\busca inpi\inpi_busca_codigo_limpo\core\processo_manager.py", line 330, in abrir_detalhe_processo
    self.garantir_login(driver)
    ~~~~~~~~~~~~~~~~~~~^^^^^^^^
  File "E:\busca inpi\busca inpi\inpi_busca_codigo_limpo\core\login_manager.py", line 149, in garantir_login
    raise Exception(
        "❌ Não foi possível localizar o menu Marcas"
    )
Exception: ❌ Não foi possível localizar o menu Marcas

2026-06-04 17:24:59,171 | ERROR | Dummy-14 | 🔁 REPEAT worker 1 processo 906451604
2026-06-04 17:24:59,172 | ERROR | Dummy-14 | 📌 Motivo retry: ❌ Não foi possível localizar o menu Marcas
2026-06-04 17:24:59,172 | ERROR | Dummy-14 | 📌 Tentativa atual: 1
2026-06-04 17:24:59,173 | ERROR | Dummy-14 | ⏳ Worker 1 aguardará 3s antes retry
2026-06-04 17:24:59,173 | ERROR | Dummy-14 | 🏁 Worker 1 finalizou
2026-06-04 17:24:59,175 | ERROR | MainThread | FINALIZAR worker 1 thread=MainThread
  File "E:\busca inpi\busca inpi\inpi_busca_codigo_limpo\main.py", line 47, in <module>
    sys.exit(app.exec_())
  File "E:\busca inpi\busca inpi\inpi_busca_codigo_limpo\core\worker_manager.py", line 108, in _finalizar_processo_atual
    f"{''.join(traceback.format_stack())}"

2026-06-04 17:24:59,175 | ERROR | MainThread | 📌 Processo atual antes limpar: None
2026-06-04 17:24:59,176 | ERROR | MainThread | 🔄 Agendando próximo processo worker 1
2026-06-04 17:24:59,178 | ERROR | MainThread | 🟡 _processar_proximo chamado Worker 1
2026-06-04 17:24:59,179 | ERROR | MainThread | 📦 Worker 1 fila restante: 5
2026-06-04 17:24:59,179 | ERROR | MainThread | 🚀 Worker 1 iniciou processo 906451248
2026-06-04 17:24:59,180 | ERROR | MainThread | 🧵 Worker thread START 1
2026-06-04 17:24:59,181 | ERROR | Dummy-15 | 🚀 Worker 1 iniciando
2026-06-04 17:24:59,181 | ERROR | Dummy-15 | 🚀 PIPELINE START worker 1 | 906451248
2026-06-04 17:24:59,181 | ERROR | Dummy-15 | LOGIN 1
2026-06-04 17:24:59,181 | ERROR | Dummy-15 | GARANTIR LOGIN INICIO
2026-06-04 17:24:59,182 | ERROR | Dummy-15 | <selenium.webdriver.chrome.webdriver.WebDriver (session="8434c24134ed3767626ff7b0afc9c07d")>
2026-06-04 17:24:59,182 | ERROR | Dummy-15 | 8434c24134ed3767626ff7b0afc9c07d
2026-06-04 17:24:59,182 | ERROR | Dummy-15 | ANTES DO FINDELEMENT
2026-06-04 17:24:59,182 | ERROR | Dummy-15 | LOGIN 2
2026-06-04 17:24:59,865 | ERROR | Thread-7 (_loop_solver_button) | Erro PyAutoGUI: expected an image filename, OpenCV numpy array, or PIL image
2026-06-04 17:24:59,916 | ERROR | Thread-7 (_loop_solver_button) | TypeError('expected an image filename, OpenCV numpy array, or PIL image')
2026-06-04 17:24:59,924 | WARNING | Thread-8 (_loop_monitor_captcha) | Connection pool is full, discarding connection: localhost. Connection pool size: 1
2026-06-04 17:24:59,938 | ERROR | Thread-8 (_loop_monitor_captcha) | 🧩 Captcha ativo worker 2
2026-06-04 17:24:59,940 | ERROR | Thread-8 (_loop_monitor_captcha) | Worker 3 perdeu conexão real: Message: invalid session id: session deleted as the browser has closed the connection
from disconnected: not connected to DevTools
  (Session info: chrome=149.0.7827.53); For documentation on this error, please visit: https://www.selenium.dev/documentation/webdriver/troubleshooting/errors#invalidsessionidexception
Stacktrace:
	chromedriver!GetHandleVerifier [0x7ff6b78b33f5+14875]
	chromedriver!GetHandleVerifier [0x7ff6b78b3450+148d0]
	chromedriver!(No symbol) [0x7ff6b740778d]
	chromedriver!(No symbol) [0x7ff6b73f2c02]
	chromedriver!(No symbol) [0x7ff6b7418f0c]
	chromedriver!(No symbol) [0x7ff6b74913c0]
	chromedriver!(No symbol) [0x7ff6b74ae2ed]
	chromedriver!(No symbol) [0x7ff6b7453eb0]
	chromedriver!(No symbol) [0x7ff6b7454e23]
	chromedriver!GetHandleVerifier [0x7ff6b7e96c61+5f80e1]
	chromedriver!GetHandleVerifier [0x7ff6b7e90feb+5f246b]
	chromedriver!GetHandleVerifier [0x7ff6b7eb62d5+617755]
	chromedriver!GetHandleVerifier [0x7ff6b78d03ae+3182e]
	chromedriver!GetHandleVerifier [0x7ff6b78d8acc+39f4c]
	chromedriver!GetHandleVerifier [0x7ff6b78bcac4+1df44]
	chromedriver!GetHandleVerifier [0x7ff6b78bcc54+1e0d4]
	chromedriver!GetHandleVerifier [0x7ff6b78a0957+1dd7]
	KERNEL32!BaseThreadInitThunk [0x7ffc8eb9e957+17]
	ntdll!RtlUserThreadStart [0x7ffc8f58427c+2c]

2026-06-04 17:25:00,192 | ERROR | Dummy-11 | [W3] erro captcha: Message: invalid session id; For documentation on this error, please visit: https://www.selenium.dev/documentation/webdriver/troubleshooting/errors#invalidsessionidexception
Stacktrace:
	chromedriver!GetHandleVerifier [0x7ff6b78b33f5+14875]
	chromedriver!GetHandleVerifier [0x7ff6b78b3450+148d0]
	chromedriver!(No symbol) [0x7ff6b7407576]
	chromedriver!(No symbol) [0x7ff6b7452ea6]
	chromedriver!(No symbol) [0x7ff6b748a182]
	chromedriver!(No symbol) [0x7ff6b7483f82]
	chromedriver!(No symbol) [0x7ff6b7483742]
	chromedriver!(No symbol) [0x7ff6b73d0255]
	chromedriver!GetHandleVerifier [0x7ff6b7e96c61+5f80e1]
	chromedriver!GetHandleVerifier [0x7ff6b7e90feb+5f246b]
	chromedriver!GetHandleVerifier [0x7ff6b7eb62d5+617755]
	chromedriver!GetHandleVerifier [0x7ff6b78d03ae+3182e]
	chromedriver!GetHandleVerifier [0x7ff6b78d8acc+39f4c]
	chromedriver!(No symbol) [0x7ff6b73ceff8]
	chromedriver!GetHandleVerifier [0x7ff6b806f328+7d07a8]
	KERNEL32!BaseThreadInitThunk [0x7ffc8eb9e957+17]
	ntdll!RtlUserThreadStart [0x7ffc8f58427c+2c]

2026-06-04 17:25:00,192 | ERROR | Dummy-11 | [captcha] finalizado
2026-06-04 17:25:00,193 | ERROR | Dummy-11 | 📥 Worker 3 retorno captcha: None
2026-06-04 17:25:00,193 | ERROR | Dummy-11 | ❌ Worker 3 PDF não encontrado
2026-06-04 17:25:00,198 | ERROR | Dummy-11 | Traceback (most recent call last):
  File "E:\busca inpi\busca inpi\inpi_busca_codigo_limpo\core\processo_manager.py", line 418, in abrir_detalhe_processo
    raise Exception("PDF não baixado")
Exception: PDF não baixado

2026-06-04 17:25:00,208 | ERROR | Dummy-11 | 🔁 REPEAT worker 3 processo 906452341
2026-06-04 17:25:00,209 | ERROR | Dummy-11 | 📌 Motivo retry: PDF não baixado
2026-06-04 17:25:00,209 | ERROR | Dummy-11 | 📌 Tentativa atual: 1
2026-06-04 17:25:00,209 | ERROR | Dummy-11 | ⏳ Worker 3 aguardará 3s antes retry
2026-06-04 17:25:00,209 | ERROR | Dummy-11 | 🏁 Worker 3 finalizou
2026-06-04 17:25:00,210 | ERROR | MainThread | FINALIZAR worker 3 thread=MainThread
  File "E:\busca inpi\busca inpi\inpi_busca_codigo_limpo\main.py", line 47, in <module>
    sys.exit(app.exec_())
  File "E:\busca inpi\busca inpi\inpi_busca_codigo_limpo\core\worker_manager.py", line 108, in _finalizar_processo_atual
    f"{''.join(traceback.format_stack())}"

2026-06-04 17:25:00,210 | ERROR | MainThread | 📌 Processo atual antes limpar: None
2026-06-04 17:25:00,210 | ERROR | MainThread | 🔄 Agendando próximo processo worker 3
2026-06-04 17:25:00,211 | ERROR | MainThread | 🟡 _processar_proximo chamado Worker 3
2026-06-04 17:25:00,211 | ERROR | MainThread | 📦 Worker 3 fila restante: 7
2026-06-04 17:25:00,212 | ERROR | MainThread | 🚀 Worker 3 iniciou processo 906451914
2026-06-04 17:25:00,212 | ERROR | MainThread | 🧵 Worker thread START 3
2026-06-04 17:25:00,212 | ERROR | Dummy-16 | 🚀 Worker 3 iniciando
2026-06-04 17:25:00,213 | ERROR | Dummy-16 | 🚀 PIPELINE START worker 3 | 906451914
2026-06-04 17:25:00,213 | ERROR | Dummy-16 | LOGIN 1
2026-06-04 17:25:00,213 | ERROR | Dummy-16 | GARANTIR LOGIN INICIO
2026-06-04 17:25:00,213 | ERROR | Dummy-16 | <selenium.webdriver.chrome.webdriver.WebDriver (session="8f9b61685decd8b37bcfa77ac90bcaf5")>
2026-06-04 17:25:00,213 | ERROR | Dummy-16 | 8f9b61685decd8b37bcfa77ac90bcaf5
2026-06-04 17:25:00,213 | ERROR | Dummy-16 | ANTES DO FINDELEMENT
2026-06-04 17:25:00,213 | ERROR | Dummy-16 | LOGIN 2
2026-06-04 17:25:00,219 | ERROR | Dummy-16 | Traceback (most recent call last):
  File "E:\busca inpi\busca inpi\inpi_busca_codigo_limpo\core\processo_manager.py", line 330, in abrir_detalhe_processo
    self.garantir_login(driver)
    ~~~~~~~~~~~~~~~~~~~^^^^^^^^
  File "E:\busca inpi\busca inpi\inpi_busca_codigo_limpo\core\login_manager.py", line 62, in garantir_login
    wait_element(
    ~~~~~~~~~~~~^
        self,
        ^^^^^
    ...<2 lines>...
        timeout=5
        ^^^^^^^^^
    )
    ^
  File "E:\busca inpi\busca inpi\inpi_busca_codigo_limpo\core\network_utils.py", line 39, in wait_element
    return WebDriverWait(driver, timeout).until(
           ~~~~~~~~~~~~~~~~~~~~~~~~~~~~~~~~~~~~^
        EC.presence_of_element_located(locator)
        ^^^^^^^^^^^^^^^^^^^^^^^^^^^^^^^^^^^^^^^
    )
    ^
  File "E:\busca inpi\busca inpi\inpi_busca_codigo_limpo\venv\Lib\site-packages\selenium\webdriver\support\wait.py", line 112, in until
    value = method(self._driver)
  File "E:\busca inpi\busca inpi\inpi_busca_codigo_limpo\venv\Lib\site-packages\selenium\webdriver\support\expected_conditions.py", line 92, in _predicate
    return driver.find_element(*locator)
           ~~~~~~~~~~~~~~~~~~~^^^^^^^^^^
  File "E:\busca inpi\busca inpi\inpi_busca_codigo_limpo\venv\Lib\site-packages\selenium\webdriver\remote\webdriver.py", line 868, in find_element
    return self.execute(Command.FIND_ELEMENT, {"using": by, "value": value})["value"]
           ~~~~~~~~~~~~^^^^^^^^^^^^^^^^^^^^^^^^^^^^^^^^^^^^^^^^^^^^^^^^^^^^^
  File "E:\busca inpi\busca inpi\inpi_busca_codigo_limpo\venv\Lib\site-packages\selenium\webdriver\remote\webdriver.py", line 468, in execute
    self.error_handler.check_response(response)
    ~~~~~~~~~~~~~~~~~~~~~~~~~~~~~~~~~^^^^^^^^^^
  File "E:\busca inpi\busca inpi\inpi_busca_codigo_limpo\venv\Lib\site-packages\selenium\webdriver\remote\errorhandler.py", line 232, in check_response
    raise exception_class(message, screen, stacktrace)
selenium.common.exceptions.InvalidSessionIdException: Message: invalid session id; For documentation on this error, please visit: https://www.selenium.dev/documentation/webdriver/troubleshooting/errors#invalidsessionidexception
Stacktrace:
	chromedriver!GetHandleVerifier [0x7ff6b78b33f5+14875]
	chromedriver!GetHandleVerifier [0x7ff6b78b3450+148d0]
	chromedriver!(No symbol) [0x7ff6b7407576]
	chromedriver!(No symbol) [0x7ff6b7452ea6]
	chromedriver!(No symbol) [0x7ff6b748a182]
	chromedriver!(No symbol) [0x7ff6b7483f82]
	chromedriver!(No symbol) [0x7ff6b7483742]
	chromedriver!(No symbol) [0x7ff6b73d0255]
	chromedriver!GetHandleVerifier [0x7ff6b7e96c61+5f80e1]
	chromedriver!GetHandleVerifier [0x7ff6b7e90feb+5f246b]
	chromedriver!GetHandleVerifier [0x7ff6b7eb62d5+617755]
	chromedriver!GetHandleVerifier [0x7ff6b78d03ae+3182e]
	chromedriver!GetHandleVerifier [0x7ff6b78d8acc+39f4c]
	chromedriver!(No symbol) [0x7ff6b73ceff8]
	chromedriver!GetHandleVerifier [0x7ff6b806f328+7d07a8]
	KERNEL32!BaseThreadInitThunk [0x7ffc8eb9e957+17]
	ntdll!RtlUserThreadStart [0x7ffc8f58427c+2c]


2026-06-04 17:25:00,237 | ERROR | Dummy-16 | 🔁 REPEAT worker 3 processo 906451914
2026-06-04 17:25:00,237 | ERROR | Dummy-16 | 📌 Motivo retry: Message: invalid session id; For documentation on this error, please visit: https://www.selenium.dev/documentation/webdriver/troubleshooting/errors#invalidsessionidexception
Stacktrace:
	chromedriver!GetHandleVerifier [0x7ff6b78b33f5+14875]
	chromedriver!GetHandleVerifier [0x7ff6b78b3450+148d0]
	chromedriver!(No symbol) [0x7ff6b7407576]
	chromedriver!(No symbol) [0x7ff6b7452ea6]
	chromedriver!(No symbol) [0x7ff6b748a182]
	chromedriver!(No symbol) [0x7ff6b7483f82]
	chromedriver!(No symbol) [0x7ff6b7483742]
	chromedriver!(No symbol) [0x7ff6b73d0255]
	chromedriver!GetHandleVerifier [0x7ff6b7e96c61+5f80e1]
	chromedriver!GetHandleVerifier [0x7ff6b7e90feb+5f246b]
	chromedriver!GetHandleVerifier [0x7ff6b7eb62d5+617755]
	chromedriver!GetHandleVerifier [0x7ff6b78d03ae+3182e]
	chromedriver!GetHandleVerifier [0x7ff6b78d8acc+39f4c]
	chromedriver!(No symbol) [0x7ff6b73ceff8]
	chromedriver!GetHandleVerifier [0x7ff6b806f328+7d07a8]
	KERNEL32!BaseThreadInitThunk [0x7ffc8eb9e957+17]
	ntdll!RtlUserThreadStart [0x7ffc8f58427c+2c]

2026-06-04 17:25:00,238 | ERROR | Dummy-16 | 📌 Tentativa atual: 1
2026-06-04 17:25:00,238 | ERROR | Dummy-16 | ⏳ Worker 3 aguardará 3s antes retry
2026-06-04 17:25:00,238 | ERROR | Dummy-16 | 🏁 Worker 3 finalizou
2026-06-04 17:25:00,239 | ERROR | MainThread | FINALIZAR worker 3 thread=MainThread
  File "E:\busca inpi\busca inpi\inpi_busca_codigo_limpo\main.py", line 47, in <module>
    sys.exit(app.exec_())
  File "E:\busca inpi\busca inpi\inpi_busca_codigo_limpo\core\worker_manager.py", line 108, in _finalizar_processo_atual
    f"{''.join(traceback.format_stack())}"

2026-06-04 17:25:00,240 | ERROR | MainThread | 📌 Processo atual antes limpar: None
2026-06-04 17:25:00,240 | ERROR | MainThread | 🔄 Agendando próximo processo worker 3
2026-06-04 17:25:00,240 | ERROR | MainThread | 🟡 _processar_proximo chamado Worker 3
2026-06-04 17:25:00,240 | ERROR | MainThread | 📦 Worker 3 fila restante: 6
2026-06-04 17:25:00,240 | ERROR | MainThread | 🚀 Worker 3 iniciou processo 906451752
2026-06-04 17:25:00,241 | ERROR | MainThread | 🧵 Worker thread START 3
2026-06-04 17:25:00,241 | ERROR | Dummy-17 | 🚀 Worker 3 iniciando
2026-06-04 17:25:00,241 | ERROR | Dummy-17 | 🚀 PIPELINE START worker 3 | 906451752
2026-06-04 17:25:00,241 | ERROR | Dummy-17 | LOGIN 1
2026-06-04 17:25:00,241 | ERROR | Dummy-17 | GARANTIR LOGIN INICIO
2026-06-04 17:25:00,242 | ERROR | Dummy-17 | <selenium.webdriver.chrome.webdriver.WebDriver (session="8f9b61685decd8b37bcfa77ac90bcaf5")>
2026-06-04 17:25:00,242 | ERROR | Dummy-17 | 8f9b61685decd8b37bcfa77ac90bcaf5
2026-06-04 17:25:00,242 | ERROR | Dummy-17 | ANTES DO FINDELEMENT
2026-06-04 17:25:00,242 | ERROR | Dummy-17 | LOGIN 2
2026-06-04 17:25:00,246 | ERROR | Dummy-17 | Traceback (most recent call last):
  File "E:\busca inpi\busca inpi\inpi_busca_codigo_limpo\core\processo_manager.py", line 330, in abrir_detalhe_processo
    self.garantir_login(driver)
    ~~~~~~~~~~~~~~~~~~~^^^^^^^^
  File "E:\busca inpi\busca inpi\inpi_busca_codigo_limpo\core\login_manager.py", line 62, in garantir_login
    wait_element(
    ~~~~~~~~~~~~^
        self,
        ^^^^^
    ...<2 lines>...
        timeout=5
        ^^^^^^^^^
    )
    ^
  File "E:\busca inpi\busca inpi\inpi_busca_codigo_limpo\core\network_utils.py", line 39, in wait_element
    return WebDriverWait(driver, timeout).until(
           ~~~~~~~~~~~~~~~~~~~~~~~~~~~~~~~~~~~~^
        EC.presence_of_element_located(locator)
        ^^^^^^^^^^^^^^^^^^^^^^^^^^^^^^^^^^^^^^^
    )
    ^
  File "E:\busca inpi\busca inpi\inpi_busca_codigo_limpo\venv\Lib\site-packages\selenium\webdriver\support\wait.py", line 112, in until
    value = method(self._driver)
  File "E:\busca inpi\busca inpi\inpi_busca_codigo_limpo\venv\Lib\site-packages\selenium\webdriver\support\expected_conditions.py", line 92, in _predicate
    return driver.find_element(*locator)
           ~~~~~~~~~~~~~~~~~~~^^^^^^^^^^
  File "E:\busca inpi\busca inpi\inpi_busca_codigo_limpo\venv\Lib\site-packages\selenium\webdriver\remote\webdriver.py", line 868, in find_element
    return self.execute(Command.FIND_ELEMENT, {"using": by, "value": value})["value"]
           ~~~~~~~~~~~~^^^^^^^^^^^^^^^^^^^^^^^^^^^^^^^^^^^^^^^^^^^^^^^^^^^^^
  File "E:\busca inpi\busca inpi\inpi_busca_codigo_limpo\venv\Lib\site-packages\selenium\webdriver\remote\webdriver.py", line 468, in execute
    self.error_handler.check_response(response)
    ~~~~~~~~~~~~~~~~~~~~~~~~~~~~~~~~~^^^^^^^^^^
  File "E:\busca inpi\busca inpi\inpi_busca_codigo_limpo\venv\Lib\site-packages\selenium\webdriver\remote\errorhandler.py", line 232, in check_response
    raise exception_class(message, screen, stacktrace)
selenium.common.exceptions.InvalidSessionIdException: Message: invalid session id; For documentation on this error, please visit: https://www.selenium.dev/documentation/webdriver/troubleshooting/errors#invalidsessionidexception
Stacktrace:
	chromedriver!GetHandleVerifier [0x7ff6b78b33f5+14875]
	chromedriver!GetHandleVerifier [0x7ff6b78b3450+148d0]
	chromedriver!(No symbol) [0x7ff6b7407576]
	chromedriver!(No symbol) [0x7ff6b7452ea6]
	chromedriver!(No symbol) [0x7ff6b748a182]
	chromedriver!(No symbol) [0x7ff6b7483f82]
	chromedriver!(No symbol) [0x7ff6b7483742]
	chromedriver!(No symbol) [0x7ff6b73d0255]
	chromedriver!GetHandleVerifier [0x7ff6b7e96c61+5f80e1]
	chromedriver!GetHandleVerifier [0x7ff6b7e90feb+5f246b]
	chromedriver!GetHandleVerifier [0x7ff6b7eb62d5+617755]
	chromedriver!GetHandleVerifier [0x7ff6b78d03ae+3182e]
	chromedriver!GetHandleVerifier [0x7ff6b78d8acc+39f4c]
	chromedriver!(No symbol) [0x7ff6b73ceff8]
	chromedriver!GetHandleVerifier [0x7ff6b806f328+7d07a8]
	KERNEL32!BaseThreadInitThunk [0x7ffc8eb9e957+17]
	ntdll!RtlUserThreadStart [0x7ffc8f58427c+2c]


2026-06-04 17:25:00,257 | ERROR | Dummy-17 | 🔁 REPEAT worker 3 processo 906451752
2026-06-04 17:25:00,257 | ERROR | Dummy-17 | 📌 Motivo retry: Message: invalid session id; For documentation on this error, please visit: https://www.selenium.dev/documentation/webdriver/troubleshooting/errors#invalidsessionidexception
Stacktrace:
	chromedriver!GetHandleVerifier [0x7ff6b78b33f5+14875]
	chromedriver!GetHandleVerifier [0x7ff6b78b3450+148d0]
	chromedriver!(No symbol) [0x7ff6b7407576]
	chromedriver!(No symbol) [0x7ff6b7452ea6]
	chromedriver!(No symbol) [0x7ff6b748a182]
	chromedriver!(No symbol) [0x7ff6b7483f82]
	chromedriver!(No symbol) [0x7ff6b7483742]
	chromedriver!(No symbol) [0x7ff6b73d0255]
	chromedriver!GetHandleVerifier [0x7ff6b7e96c61+5f80e1]
	chromedriver!GetHandleVerifier [0x7ff6b7e90feb+5f246b]
	chromedriver!GetHandleVerifier [0x7ff6b7eb62d5+617755]
	chromedriver!GetHandleVerifier [0x7ff6b78d03ae+3182e]
	chromedriver!GetHandleVerifier [0x7ff6b78d8acc+39f4c]
	chromedriver!(No symbol) [0x7ff6b73ceff8]
	chromedriver!GetHandleVerifier [0x7ff6b806f328+7d07a8]
	KERNEL32!BaseThreadInitThunk [0x7ffc8eb9e957+17]
	ntdll!RtlUserThreadStart [0x7ffc8f58427c+2c]

2026-06-04 17:25:00,258 | ERROR | Dummy-17 | 📌 Tentativa atual: 1
2026-06-04 17:25:00,258 | ERROR | Dummy-17 | ⏳ Worker 3 aguardará 3s antes retry
2026-06-04 17:25:00,258 | ERROR | Dummy-17 | 🏁 Worker 3 finalizou
2026-06-04 17:25:00,259 | ERROR | MainThread | FINALIZAR worker 3 thread=MainThread
  File "E:\busca inpi\busca inpi\inpi_busca_codigo_limpo\main.py", line 47, in <module>
    sys.exit(app.exec_())
  File "E:\busca inpi\busca inpi\inpi_busca_codigo_limpo\core\worker_manager.py", line 108, in _finalizar_processo_atual
    f"{''.join(traceback.format_stack())}"

2026-06-04 17:25:00,259 | ERROR | MainThread | 📌 Processo atual antes limpar: None
2026-06-04 17:25:00,259 | ERROR | MainThread | 🔄 Agendando próximo processo worker 3
2026-06-04 17:25:00,260 | ERROR | MainThread | 🟡 _processar_proximo chamado Worker 3
2026-06-04 17:25:00,261 | ERROR | MainThread | 📦 Worker 3 fila restante: 5
2026-06-04 17:25:00,262 | ERROR | MainThread | 🚀 Worker 3 iniciou processo 906451264
2026-06-04 17:25:00,262 | ERROR | MainThread | 🧵 Worker thread START 3
2026-06-04 17:25:00,264 | ERROR | Dummy-18 | 🚀 Worker 3 iniciando
2026-06-04 17:25:00,265 | ERROR | Dummy-18 | 🚀 PIPELINE START worker 3 | 906451264
2026-06-04 17:25:00,265 | ERROR | Dummy-18 | LOGIN 1
2026-06-04 17:25:00,265 | ERROR | Dummy-18 | GARANTIR LOGIN INICIO
2026-06-04 17:25:00,266 | ERROR | Dummy-18 | <selenium.webdriver.chrome.webdriver.WebDriver (session="8f9b61685decd8b37bcfa77ac90bcaf5")>
2026-06-04 17:25:00,266 | ERROR | Dummy-18 | 8f9b61685decd8b37bcfa77ac90bcaf5
2026-06-04 17:25:00,266 | ERROR | Dummy-18 | ANTES DO FINDELEMENT
2026-06-04 17:25:00,266 | ERROR | Dummy-18 | LOGIN 2
2026-06-04 17:25:00,270 | ERROR | Dummy-18 | Traceback (most recent call last):
  File "E:\busca inpi\busca inpi\inpi_busca_codigo_limpo\core\processo_manager.py", line 330, in abrir_detalhe_processo
    self.garantir_login(driver)
    ~~~~~~~~~~~~~~~~~~~^^^^^^^^
  File "E:\busca inpi\busca inpi\inpi_busca_codigo_limpo\core\login_manager.py", line 62, in garantir_login
    wait_element(
    ~~~~~~~~~~~~^
        self,
        ^^^^^
    ...<2 lines>...
        timeout=5
        ^^^^^^^^^
    )
    ^
  File "E:\busca inpi\busca inpi\inpi_busca_codigo_limpo\core\network_utils.py", line 39, in wait_element
    return WebDriverWait(driver, timeout).until(
           ~~~~~~~~~~~~~~~~~~~~~~~~~~~~~~~~~~~~^
        EC.presence_of_element_located(locator)
        ^^^^^^^^^^^^^^^^^^^^^^^^^^^^^^^^^^^^^^^
    )
    ^
  File "E:\busca inpi\busca inpi\inpi_busca_codigo_limpo\venv\Lib\site-packages\selenium\webdriver\support\wait.py", line 112, in until
    value = method(self._driver)
  File "E:\busca inpi\busca inpi\inpi_busca_codigo_limpo\venv\Lib\site-packages\selenium\webdriver\support\expected_conditions.py", line 92, in _predicate
    return driver.find_element(*locator)
           ~~~~~~~~~~~~~~~~~~~^^^^^^^^^^
  File "E:\busca inpi\busca inpi\inpi_busca_codigo_limpo\venv\Lib\site-packages\selenium\webdriver\remote\webdriver.py", line 868, in find_element
    return self.execute(Command.FIND_ELEMENT, {"using": by, "value": value})["value"]
           ~~~~~~~~~~~~^^^^^^^^^^^^^^^^^^^^^^^^^^^^^^^^^^^^^^^^^^^^^^^^^^^^^
  File "E:\busca inpi\busca inpi\inpi_busca_codigo_limpo\venv\Lib\site-packages\selenium\webdriver\remote\webdriver.py", line 468, in execute
    self.error_handler.check_response(response)
    ~~~~~~~~~~~~~~~~~~~~~~~~~~~~~~~~~^^^^^^^^^^
  File "E:\busca inpi\busca inpi\inpi_busca_codigo_limpo\venv\Lib\site-packages\selenium\webdriver\remote\errorhandler.py", line 232, in check_response
    raise exception_class(message, screen, stacktrace)
selenium.common.exceptions.InvalidSessionIdException: Message: invalid session id; For documentation on this error, please visit: https://www.selenium.dev/documentation/webdriver/troubleshooting/errors#invalidsessionidexception
Stacktrace:
	chromedriver!GetHandleVerifier [0x7ff6b78b33f5+14875]
	chromedriver!GetHandleVerifier [0x7ff6b78b3450+148d0]
	chromedriver!(No symbol) [0x7ff6b7407576]
	chromedriver!(No symbol) [0x7ff6b7452ea6]
	chromedriver!(No symbol) [0x7ff6b748a182]
	chromedriver!(No symbol) [0x7ff6b7483f82]
	chromedriver!(No symbol) [0x7ff6b7483742]
	chromedriver!(No symbol) [0x7ff6b73d0255]
	chromedriver!GetHandleVerifier [0x7ff6b7e96c61+5f80e1]
	chromedriver!GetHandleVerifier [0x7ff6b7e90feb+5f246b]
	chromedriver!GetHandleVerifier [0x7ff6b7eb62d5+617755]
	chromedriver!GetHandleVerifier [0x7ff6b78d03ae+3182e]
	chromedriver!GetHandleVerifier [0x7ff6b78d8acc+39f4c]
	chromedriver!(No symbol) [0x7ff6b73ceff8]
	chromedriver!GetHandleVerifier [0x7ff6b806f328+7d07a8]
	KERNEL32!BaseThreadInitThunk [0x7ffc8eb9e957+17]
	ntdll!RtlUserThreadStart [0x7ffc8f58427c+2c]


2026-06-04 17:25:00,281 | ERROR | Dummy-18 | 🔁 REPEAT worker 3 processo 906451264
2026-06-04 17:25:00,282 | ERROR | Dummy-18 | 📌 Motivo retry: Message: invalid session id; For documentation on this error, please visit: https://www.selenium.dev/documentation/webdriver/troubleshooting/errors#invalidsessionidexception
Stacktrace:
	chromedriver!GetHandleVerifier [0x7ff6b78b33f5+14875]
	chromedriver!GetHandleVerifier [0x7ff6b78b3450+148d0]
	chromedriver!(No symbol) [0x7ff6b7407576]
	chromedriver!(No symbol) [0x7ff6b7452ea6]
	chromedriver!(No symbol) [0x7ff6b748a182]
	chromedriver!(No symbol) [0x7ff6b7483f82]
	chromedriver!(No symbol) [0x7ff6b7483742]
	chromedriver!(No symbol) [0x7ff6b73d0255]
	chromedriver!GetHandleVerifier [0x7ff6b7e96c61+5f80e1]
	chromedriver!GetHandleVerifier [0x7ff6b7e90feb+5f246b]
	chromedriver!GetHandleVerifier [0x7ff6b7eb62d5+617755]
	chromedriver!GetHandleVerifier [0x7ff6b78d03ae+3182e]
	chromedriver!GetHandleVerifier [0x7ff6b78d8acc+39f4c]
	chromedriver!(No symbol) [0x7ff6b73ceff8]
	chromedriver!GetHandleVerifier [0x7ff6b806f328+7d07a8]
	KERNEL32!BaseThreadInitThunk [0x7ffc8eb9e957+17]
	ntdll!RtlUserThreadStart [0x7ffc8f58427c+2c]

2026-06-04 17:25:00,282 | ERROR | Dummy-18 | 📌 Tentativa atual: 1
2026-06-04 17:25:00,282 | ERROR | Dummy-18 | ⏳ Worker 3 aguardará 3s antes retry
2026-06-04 17:25:00,283 | ERROR | Dummy-18 | 🏁 Worker 3 finalizou
2026-06-04 17:25:00,284 | ERROR | MainThread | FINALIZAR worker 3 thread=MainThread
  File "E:\busca inpi\busca inpi\inpi_busca_codigo_limpo\main.py", line 47, in <module>
    sys.exit(app.exec_())
  File "E:\busca inpi\busca inpi\inpi_busca_codigo_limpo\core\worker_manager.py", line 108, in _finalizar_processo_atual
    f"{''.join(traceback.format_stack())}"

2026-06-04 17:25:00,285 | ERROR | MainThread | 📌 Processo atual antes limpar: None
2026-06-04 17:25:00,285 | ERROR | MainThread | 🔄 Agendando próximo processo worker 3
2026-06-04 17:25:00,285 | ERROR | MainThread | 🟡 _processar_proximo chamado Worker 3
2026-06-04 17:25:00,285 | ERROR | MainThread | 📦 Worker 3 fila restante: 4
2026-06-04 17:25:00,285 | ERROR | MainThread | 🚀 Worker 3 iniciou processo 906451191
2026-06-04 17:25:00,286 | ERROR | MainThread | 🧵 Worker thread START 3
2026-06-04 17:25:00,286 | ERROR | Dummy-19 | 🚀 Worker 3 iniciando
2026-06-04 17:25:00,286 | ERROR | Dummy-19 | 🚀 PIPELINE START worker 3 | 906451191
2026-06-04 17:25:00,286 | ERROR | Dummy-19 | LOGIN 1
2026-06-04 17:25:00,286 | ERROR | Dummy-19 | GARANTIR LOGIN INICIO
2026-06-04 17:25:00,286 | ERROR | Dummy-19 | <selenium.webdriver.chrome.webdriver.WebDriver (session="8f9b61685decd8b37bcfa77ac90bcaf5")>
2026-06-04 17:25:00,287 | ERROR | Dummy-19 | 8f9b61685decd8b37bcfa77ac90bcaf5
2026-06-04 17:25:00,287 | ERROR | Dummy-19 | ANTES DO FINDELEMENT
2026-06-04 17:25:00,287 | ERROR | Dummy-19 | LOGIN 2
2026-06-04 17:25:00,291 | ERROR | Dummy-19 | Traceback (most recent call last):
  File "E:\busca inpi\busca inpi\inpi_busca_codigo_limpo\core\processo_manager.py", line 330, in abrir_detalhe_processo
    self.garantir_login(driver)
    ~~~~~~~~~~~~~~~~~~~^^^^^^^^
  File "E:\busca inpi\busca inpi\inpi_busca_codigo_limpo\core\login_manager.py", line 62, in garantir_login
    wait_element(
    ~~~~~~~~~~~~^
        self,
        ^^^^^
    ...<2 lines>...
        timeout=5
        ^^^^^^^^^
    )
    ^
  File "E:\busca inpi\busca inpi\inpi_busca_codigo_limpo\core\network_utils.py", line 39, in wait_element
    return WebDriverWait(driver, timeout).until(
           ~~~~~~~~~~~~~~~~~~~~~~~~~~~~~~~~~~~~^
        EC.presence_of_element_located(locator)
        ^^^^^^^^^^^^^^^^^^^^^^^^^^^^^^^^^^^^^^^
    )
    ^
  File "E:\busca inpi\busca inpi\inpi_busca_codigo_limpo\venv\Lib\site-packages\selenium\webdriver\support\wait.py", line 112, in until
    value = method(self._driver)
  File "E:\busca inpi\busca inpi\inpi_busca_codigo_limpo\venv\Lib\site-packages\selenium\webdriver\support\expected_conditions.py", line 92, in _predicate
    return driver.find_element(*locator)
           ~~~~~~~~~~~~~~~~~~~^^^^^^^^^^
  File "E:\busca inpi\busca inpi\inpi_busca_codigo_limpo\venv\Lib\site-packages\selenium\webdriver\remote\webdriver.py", line 868, in find_element
    return self.execute(Command.FIND_ELEMENT, {"using": by, "value": value})["value"]
           ~~~~~~~~~~~~^^^^^^^^^^^^^^^^^^^^^^^^^^^^^^^^^^^^^^^^^^^^^^^^^^^^^
  File "E:\busca inpi\busca inpi\inpi_busca_codigo_limpo\venv\Lib\site-packages\selenium\webdriver\remote\webdriver.py", line 468, in execute
    self.error_handler.check_response(response)
    ~~~~~~~~~~~~~~~~~~~~~~~~~~~~~~~~~^^^^^^^^^^
  File "E:\busca inpi\busca inpi\inpi_busca_codigo_limpo\venv\Lib\site-packages\selenium\webdriver\remote\errorhandler.py", line 232, in check_response
    raise exception_class(message, screen, stacktrace)
selenium.common.exceptions.InvalidSessionIdException: Message: invalid session id; For documentation on this error, please visit: https://www.selenium.dev/documentation/webdriver/troubleshooting/errors#invalidsessionidexception
Stacktrace:
	chromedriver!GetHandleVerifier [0x7ff6b78b33f5+14875]
	chromedriver!GetHandleVerifier [0x7ff6b78b3450+148d0]
	chromedriver!(No symbol) [0x7ff6b7407576]
	chromedriver!(No symbol) [0x7ff6b7452ea6]
	chromedriver!(No symbol) [0x7ff6b748a182]
	chromedriver!(No symbol) [0x7ff6b7483f82]
	chromedriver!(No symbol) [0x7ff6b7483742]
	chromedriver!(No symbol) [0x7ff6b73d0255]
	chromedriver!GetHandleVerifier [0x7ff6b7e96c61+5f80e1]
	chromedriver!GetHandleVerifier [0x7ff6b7e90feb+5f246b]
	chromedriver!GetHandleVerifier [0x7ff6b7eb62d5+617755]
	chromedriver!GetHandleVerifier [0x7ff6b78d03ae+3182e]
	chromedriver!GetHandleVerifier [0x7ff6b78d8acc+39f4c]
	chromedriver!(No symbol) [0x7ff6b73ceff8]
	chromedriver!GetHandleVerifier [0x7ff6b806f328+7d07a8]
	KERNEL32!BaseThreadInitThunk [0x7ffc8eb9e957+17]
	ntdll!RtlUserThreadStart [0x7ffc8f58427c+2c]


2026-06-04 17:25:00,318 | ERROR | Dummy-19 | 🔁 REPEAT worker 3 processo 906451191
2026-06-04 17:25:00,318 | ERROR | Dummy-19 | 📌 Motivo retry: Message: invalid session id; For documentation on this error, please visit: https://www.selenium.dev/documentation/webdriver/troubleshooting/errors#invalidsessionidexception
Stacktrace:
	chromedriver!GetHandleVerifier [0x7ff6b78b33f5+14875]
	chromedriver!GetHandleVerifier [0x7ff6b78b3450+148d0]
	chromedriver!(No symbol) [0x7ff6b7407576]
	chromedriver!(No symbol) [0x7ff6b7452ea6]
	chromedriver!(No symbol) [0x7ff6b748a182]
	chromedriver!(No symbol) [0x7ff6b7483f82]
	chromedriver!(No symbol) [0x7ff6b7483742]
	chromedriver!(No symbol) [0x7ff6b73d0255]
	chromedriver!GetHandleVerifier [0x7ff6b7e96c61+5f80e1]
	chromedriver!GetHandleVerifier [0x7ff6b7e90feb+5f246b]
	chromedriver!GetHandleVerifier [0x7ff6b7eb62d5+617755]
	chromedriver!GetHandleVerifier [0x7ff6b78d03ae+3182e]
	chromedriver!GetHandleVerifier [0x7ff6b78d8acc+39f4c]
	chromedriver!(No symbol) [0x7ff6b73ceff8]
	chromedriver!GetHandleVerifier [0x7ff6b806f328+7d07a8]
	KERNEL32!BaseThreadInitThunk [0x7ffc8eb9e957+17]
	ntdll!RtlUserThreadStart [0x7ffc8f58427c+2c]

2026-06-04 17:25:00,318 | ERROR | Dummy-19 | 📌 Tentativa atual: 1
2026-06-04 17:25:00,319 | ERROR | Dummy-19 | ⏳ Worker 3 aguardará 3s antes retry
2026-06-04 17:25:00,319 | ERROR | Dummy-19 | 🏁 Worker 3 finalizou
2026-06-04 17:25:00,320 | ERROR | MainThread | FINALIZAR worker 3 thread=MainThread
  File "E:\busca inpi\busca inpi\inpi_busca_codigo_limpo\main.py", line 47, in <module>
    sys.exit(app.exec_())
  File "E:\busca inpi\busca inpi\inpi_busca_codigo_limpo\core\worker_manager.py", line 108, in _finalizar_processo_atual
    f"{''.join(traceback.format_stack())}"

2026-06-04 17:25:00,321 | ERROR | MainThread | 📌 Processo atual antes limpar: None
2026-06-04 17:25:00,321 | ERROR | MainThread | 🔄 Agendando próximo processo worker 3
2026-06-04 17:25:00,321 | ERROR | MainThread | 🟡 _processar_proximo chamado Worker 3
2026-06-04 17:25:00,321 | ERROR | MainThread | 📦 Worker 3 fila restante: 3
2026-06-04 17:25:00,322 | ERROR | MainThread | 🚀 Worker 3 iniciou processo 906450721
2026-06-04 17:25:00,322 | ERROR | MainThread | 🧵 Worker thread START 3
2026-06-04 17:25:00,322 | ERROR | Dummy-20 | 🚀 Worker 3 iniciando
2026-06-04 17:25:00,322 | ERROR | Dummy-20 | 🚀 PIPELINE START worker 3 | 906450721
2026-06-04 17:25:00,323 | ERROR | Dummy-20 | LOGIN 1
2026-06-04 17:25:00,323 | ERROR | Dummy-20 | GARANTIR LOGIN INICIO
2026-06-04 17:25:00,323 | ERROR | Dummy-20 | <selenium.webdriver.chrome.webdriver.WebDriver (session="8f9b61685decd8b37bcfa77ac90bcaf5")>
2026-06-04 17:25:00,323 | ERROR | Dummy-20 | 8f9b61685decd8b37bcfa77ac90bcaf5
2026-06-04 17:25:00,323 | ERROR | Dummy-20 | ANTES DO FINDELEMENT
2026-06-04 17:25:00,323 | ERROR | Dummy-20 | LOGIN 2
2026-06-04 17:25:00,339 | ERROR | Dummy-20 | Traceback (most recent call last):
  File "E:\busca inpi\busca inpi\inpi_busca_codigo_limpo\core\processo_manager.py", line 330, in abrir_detalhe_processo
    self.garantir_login(driver)
    ~~~~~~~~~~~~~~~~~~~^^^^^^^^
  File "E:\busca inpi\busca inpi\inpi_busca_codigo_limpo\core\login_manager.py", line 62, in garantir_login
    wait_element(
    ~~~~~~~~~~~~^
        self,
        ^^^^^
    ...<2 lines>...
        timeout=5
        ^^^^^^^^^
    )
    ^
  File "E:\busca inpi\busca inpi\inpi_busca_codigo_limpo\core\network_utils.py", line 39, in wait_element
    return WebDriverWait(driver, timeout).until(
           ~~~~~~~~~~~~~~~~~~~~~~~~~~~~~~~~~~~~^
        EC.presence_of_element_located(locator)
        ^^^^^^^^^^^^^^^^^^^^^^^^^^^^^^^^^^^^^^^
    )
    ^
  File "E:\busca inpi\busca inpi\inpi_busca_codigo_limpo\venv\Lib\site-packages\selenium\webdriver\support\wait.py", line 112, in until
    value = method(self._driver)
  File "E:\busca inpi\busca inpi\inpi_busca_codigo_limpo\venv\Lib\site-packages\selenium\webdriver\support\expected_conditions.py", line 92, in _predicate
    return driver.find_element(*locator)
           ~~~~~~~~~~~~~~~~~~~^^^^^^^^^^
  File "E:\busca inpi\busca inpi\inpi_busca_codigo_limpo\venv\Lib\site-packages\selenium\webdriver\remote\webdriver.py", line 868, in find_element
    return self.execute(Command.FIND_ELEMENT, {"using": by, "value": value})["value"]
           ~~~~~~~~~~~~^^^^^^^^^^^^^^^^^^^^^^^^^^^^^^^^^^^^^^^^^^^^^^^^^^^^^
  File "E:\busca inpi\busca inpi\inpi_busca_codigo_limpo\venv\Lib\site-packages\selenium\webdriver\remote\webdriver.py", line 468, in execute
    self.error_handler.check_response(response)
    ~~~~~~~~~~~~~~~~~~~~~~~~~~~~~~~~~^^^^^^^^^^
  File "E:\busca inpi\busca inpi\inpi_busca_codigo_limpo\venv\Lib\site-packages\selenium\webdriver\remote\errorhandler.py", line 232, in check_response
    raise exception_class(message, screen, stacktrace)
selenium.common.exceptions.InvalidSessionIdException: Message: invalid session id; For documentation on this error, please visit: https://www.selenium.dev/documentation/webdriver/troubleshooting/errors#invalidsessionidexception
Stacktrace:
	chromedriver!GetHandleVerifier [0x7ff6b78b33f5+14875]
	chromedriver!GetHandleVerifier [0x7ff6b78b3450+148d0]
	chromedriver!(No symbol) [0x7ff6b7407576]
	chromedriver!(No symbol) [0x7ff6b7452ea6]
	chromedriver!(No symbol) [0x7ff6b748a182]
	chromedriver!(No symbol) [0x7ff6b7483f82]
	chromedriver!(No symbol) [0x7ff6b7483742]
	chromedriver!(No symbol) [0x7ff6b73d0255]
	chromedriver!GetHandleVerifier [0x7ff6b7e96c61+5f80e1]
	chromedriver!GetHandleVerifier [0x7ff6b7e90feb+5f246b]
	chromedriver!GetHandleVerifier [0x7ff6b7eb62d5+617755]
	chromedriver!GetHandleVerifier [0x7ff6b78d03ae+3182e]
	chromedriver!GetHandleVerifier [0x7ff6b78d8acc+39f4c]
	chromedriver!(No symbol) [0x7ff6b73ceff8]
	chromedriver!GetHandleVerifier [0x7ff6b806f328+7d07a8]
	KERNEL32!BaseThreadInitThunk [0x7ffc8eb9e957+17]
	ntdll!RtlUserThreadStart [0x7ffc8f58427c+2c]


2026-06-04 17:25:00,353 | ERROR | Dummy-20 | 🔁 REPEAT worker 3 processo 906450721
2026-06-04 17:25:00,355 | ERROR | Dummy-20 | 📌 Motivo retry: Message: invalid session id; For documentation on this error, please visit: https://www.selenium.dev/documentation/webdriver/troubleshooting/errors#invalidsessionidexception
Stacktrace:
	chromedriver!GetHandleVerifier [0x7ff6b78b33f5+14875]
	chromedriver!GetHandleVerifier [0x7ff6b78b3450+148d0]
	chromedriver!(No symbol) [0x7ff6b7407576]
	chromedriver!(No symbol) [0x7ff6b7452ea6]
	chromedriver!(No symbol) [0x7ff6b748a182]
	chromedriver!(No symbol) [0x7ff6b7483f82]
	chromedriver!(No symbol) [0x7ff6b7483742]
	chromedriver!(No symbol) [0x7ff6b73d0255]
	chromedriver!GetHandleVerifier [0x7ff6b7e96c61+5f80e1]
	chromedriver!GetHandleVerifier [0x7ff6b7e90feb+5f246b]
	chromedriver!GetHandleVerifier [0x7ff6b7eb62d5+617755]
	chromedriver!GetHandleVerifier [0x7ff6b78d03ae+3182e]
	chromedriver!GetHandleVerifier [0x7ff6b78d8acc+39f4c]
	chromedriver!(No symbol) [0x7ff6b73ceff8]
	chromedriver!GetHandleVerifier [0x7ff6b806f328+7d07a8]
	KERNEL32!BaseThreadInitThunk [0x7ffc8eb9e957+17]
	ntdll!RtlUserThreadStart [0x7ffc8f58427c+2c]

2026-06-04 17:25:00,356 | ERROR | Dummy-20 | 📌 Tentativa atual: 1
2026-06-04 17:25:00,356 | ERROR | Dummy-20 | ⏳ Worker 3 aguardará 3s antes retry
2026-06-04 17:25:00,357 | ERROR | Dummy-20 | 🏁 Worker 3 finalizou
2026-06-04 17:25:00,364 | ERROR | MainThread | FINALIZAR worker 3 thread=MainThread
  File "E:\busca inpi\busca inpi\inpi_busca_codigo_limpo\main.py", line 47, in <module>
    sys.exit(app.exec_())
  File "E:\busca inpi\busca inpi\inpi_busca_codigo_limpo\core\worker_manager.py", line 108, in _finalizar_processo_atual
    f"{''.join(traceback.format_stack())}"

2026-06-04 17:25:00,369 | ERROR | MainThread | 📌 Processo atual antes limpar: None
2026-06-04 17:25:00,372 | ERROR | MainThread | 🔄 Agendando próximo processo worker 3
2026-06-04 17:25:00,376 | ERROR | MainThread | 🟡 _processar_proximo chamado Worker 3
2026-06-04 17:25:00,376 | ERROR | MainThread | 📦 Worker 3 fila restante: 2
2026-06-04 17:25:00,378 | ERROR | MainThread | 🚀 Worker 3 iniciou processo 906450420
2026-06-04 17:25:00,380 | ERROR | MainThread | 🧵 Worker thread START 3
2026-06-04 17:25:00,382 | ERROR | Dummy-21 | 🚀 Worker 3 iniciando
2026-06-04 17:25:00,384 | ERROR | Dummy-21 | 🚀 PIPELINE START worker 3 | 906450420
2026-06-04 17:25:00,385 | ERROR | Dummy-21 | LOGIN 1
2026-06-04 17:25:00,385 | ERROR | Dummy-21 | GARANTIR LOGIN INICIO
2026-06-04 17:25:00,385 | ERROR | Dummy-21 | <selenium.webdriver.chrome.webdriver.WebDriver (session="8f9b61685decd8b37bcfa77ac90bcaf5")>
2026-06-04 17:25:00,385 | ERROR | Dummy-21 | 8f9b61685decd8b37bcfa77ac90bcaf5
2026-06-04 17:25:00,385 | ERROR | Dummy-21 | ANTES DO FINDELEMENT
2026-06-04 17:25:00,386 | ERROR | Dummy-21 | LOGIN 2
2026-06-04 17:25:00,395 | ERROR | Dummy-21 | Traceback (most recent call last):
  File "E:\busca inpi\busca inpi\inpi_busca_codigo_limpo\core\processo_manager.py", line 330, in abrir_detalhe_processo
    self.garantir_login(driver)
    ~~~~~~~~~~~~~~~~~~~^^^^^^^^
  File "E:\busca inpi\busca inpi\inpi_busca_codigo_limpo\core\login_manager.py", line 62, in garantir_login
    wait_element(
    ~~~~~~~~~~~~^
        self,
        ^^^^^
    ...<2 lines>...
        timeout=5
        ^^^^^^^^^
    )
    ^
  File "E:\busca inpi\busca inpi\inpi_busca_codigo_limpo\core\network_utils.py", line 39, in wait_element
    return WebDriverWait(driver, timeout).until(
           ~~~~~~~~~~~~~~~~~~~~~~~~~~~~~~~~~~~~^
        EC.presence_of_element_located(locator)
        ^^^^^^^^^^^^^^^^^^^^^^^^^^^^^^^^^^^^^^^
    )
    ^
  File "E:\busca inpi\busca inpi\inpi_busca_codigo_limpo\venv\Lib\site-packages\selenium\webdriver\support\wait.py", line 112, in until
    value = method(self._driver)
  File "E:\busca inpi\busca inpi\inpi_busca_codigo_limpo\venv\Lib\site-packages\selenium\webdriver\support\expected_conditions.py", line 92, in _predicate
    return driver.find_element(*locator)
           ~~~~~~~~~~~~~~~~~~~^^^^^^^^^^
  File "E:\busca inpi\busca inpi\inpi_busca_codigo_limpo\venv\Lib\site-packages\selenium\webdriver\remote\webdriver.py", line 868, in find_element
    return self.execute(Command.FIND_ELEMENT, {"using": by, "value": value})["value"]
           ~~~~~~~~~~~~^^^^^^^^^^^^^^^^^^^^^^^^^^^^^^^^^^^^^^^^^^^^^^^^^^^^^
  File "E:\busca inpi\busca inpi\inpi_busca_codigo_limpo\venv\Lib\site-packages\selenium\webdriver\remote\webdriver.py", line 468, in execute
    self.error_handler.check_response(response)
    ~~~~~~~~~~~~~~~~~~~~~~~~~~~~~~~~~^^^^^^^^^^
  File "E:\busca inpi\busca inpi\inpi_busca_codigo_limpo\venv\Lib\site-packages\selenium\webdriver\remote\errorhandler.py", line 232, in check_response
    raise exception_class(message, screen, stacktrace)
selenium.common.exceptions.InvalidSessionIdException: Message: invalid session id; For documentation on this error, please visit: https://www.selenium.dev/documentation/webdriver/troubleshooting/errors#invalidsessionidexception
Stacktrace:
	chromedriver!GetHandleVerifier [0x7ff6b78b33f5+14875]
	chromedriver!GetHandleVerifier [0x7ff6b78b3450+148d0]
	chromedriver!(No symbol) [0x7ff6b7407576]
	chromedriver!(No symbol) [0x7ff6b7452ea6]
	chromedriver!(No symbol) [0x7ff6b748a182]
	chromedriver!(No symbol) [0x7ff6b7483f82]
	chromedriver!(No symbol) [0x7ff6b7483742]
	chromedriver!(No symbol) [0x7ff6b73d0255]
	chromedriver!GetHandleVerifier [0x7ff6b7e96c61+5f80e1]
	chromedriver!GetHandleVerifier [0x7ff6b7e90feb+5f246b]
	chromedriver!GetHandleVerifier [0x7ff6b7eb62d5+617755]
	chromedriver!GetHandleVerifier [0x7ff6b78d03ae+3182e]
	chromedriver!GetHandleVerifier [0x7ff6b78d8acc+39f4c]
	chromedriver!(No symbol) [0x7ff6b73ceff8]
	chromedriver!GetHandleVerifier [0x7ff6b806f328+7d07a8]
	KERNEL32!BaseThreadInitThunk [0x7ffc8eb9e957+17]
	ntdll!RtlUserThreadStart [0x7ffc8f58427c+2c]


2026-06-04 17:25:00,411 | ERROR | Dummy-21 | 🔁 REPEAT worker 3 processo 906450420
2026-06-04 17:25:00,412 | ERROR | Dummy-21 | 📌 Motivo retry: Message: invalid session id; For documentation on this error, please visit: https://www.selenium.dev/documentation/webdriver/troubleshooting/errors#invalidsessionidexception
Stacktrace:
	chromedriver!GetHandleVerifier [0x7ff6b78b33f5+14875]
	chromedriver!GetHandleVerifier [0x7ff6b78b3450+148d0]
	chromedriver!(No symbol) [0x7ff6b7407576]
	chromedriver!(No symbol) [0x7ff6b7452ea6]
	chromedriver!(No symbol) [0x7ff6b748a182]
	chromedriver!(No symbol) [0x7ff6b7483f82]
	chromedriver!(No symbol) [0x7ff6b7483742]
	chromedriver!(No symbol) [0x7ff6b73d0255]
	chromedriver!GetHandleVerifier [0x7ff6b7e96c61+5f80e1]
	chromedriver!GetHandleVerifier [0x7ff6b7e90feb+5f246b]
	chromedriver!GetHandleVerifier [0x7ff6b7eb62d5+617755]
	chromedriver!GetHandleVerifier [0x7ff6b78d03ae+3182e]
	chromedriver!GetHandleVerifier [0x7ff6b78d8acc+39f4c]
	chromedriver!(No symbol) [0x7ff6b73ceff8]
	chromedriver!GetHandleVerifier [0x7ff6b806f328+7d07a8]
	KERNEL32!BaseThreadInitThunk [0x7ffc8eb9e957+17]
	ntdll!RtlUserThreadStart [0x7ffc8f58427c+2c]

2026-06-04 17:25:00,414 | ERROR | Dummy-21 | 📌 Tentativa atual: 1
2026-06-04 17:25:00,414 | ERROR | Dummy-21 | ⏳ Worker 3 aguardará 3s antes retry
2026-06-04 17:25:00,415 | ERROR | Dummy-21 | 🏁 Worker 3 finalizou
2026-06-04 17:25:00,437 | ERROR | MainThread | FINALIZAR worker 3 thread=MainThread
  File "E:\busca inpi\busca inpi\inpi_busca_codigo_limpo\main.py", line 47, in <module>
    sys.exit(app.exec_())
  File "E:\busca inpi\busca inpi\inpi_busca_codigo_limpo\core\worker_manager.py", line 108, in _finalizar_processo_atual
    f"{''.join(traceback.format_stack())}"

2026-06-04 17:25:00,438 | ERROR | MainThread | 📌 Processo atual antes limpar: None
2026-06-04 17:25:00,439 | ERROR | MainThread | 🔄 Agendando próximo processo worker 3
2026-06-04 17:25:00,444 | ERROR | MainThread | 🟡 _processar_proximo chamado Worker 3
2026-06-04 17:25:00,444 | ERROR | MainThread | 📦 Worker 3 fila restante: 1
2026-06-04 17:25:00,445 | ERROR | MainThread | 🚀 Worker 3 iniciou processo 906450110
2026-06-04 17:25:00,446 | ERROR | MainThread | 🧵 Worker thread START 3
2026-06-04 17:25:00,460 | ERROR | Dummy-22 | 🚀 Worker 3 iniciando
2026-06-04 17:25:00,464 | ERROR | Dummy-22 | 🚀 PIPELINE START worker 3 | 906450110
2026-06-04 17:25:00,468 | ERROR | Dummy-22 | LOGIN 1
2026-06-04 17:25:00,476 | ERROR | Dummy-22 | GARANTIR LOGIN INICIO
2026-06-04 17:25:00,476 | ERROR | Dummy-22 | <selenium.webdriver.chrome.webdriver.WebDriver (session="8f9b61685decd8b37bcfa77ac90bcaf5")>
2026-06-04 17:25:00,476 | ERROR | Dummy-22 | 8f9b61685decd8b37bcfa77ac90bcaf5
2026-06-04 17:25:00,477 | ERROR | Dummy-22 | ANTES DO FINDELEMENT
2026-06-04 17:25:00,477 | ERROR | Dummy-22 | LOGIN 2
2026-06-04 17:25:00,481 | ERROR | Dummy-22 | Traceback (most recent call last):
  File "E:\busca inpi\busca inpi\inpi_busca_codigo_limpo\core\processo_manager.py", line 330, in abrir_detalhe_processo
    self.garantir_login(driver)
    ~~~~~~~~~~~~~~~~~~~^^^^^^^^
  File "E:\busca inpi\busca inpi\inpi_busca_codigo_limpo\core\login_manager.py", line 62, in garantir_login
    wait_element(
    ~~~~~~~~~~~~^
        self,
        ^^^^^
    ...<2 lines>...
        timeout=5
        ^^^^^^^^^
    )
    ^
  File "E:\busca inpi\busca inpi\inpi_busca_codigo_limpo\core\network_utils.py", line 39, in wait_element
    return WebDriverWait(driver, timeout).until(
           ~~~~~~~~~~~~~~~~~~~~~~~~~~~~~~~~~~~~^
        EC.presence_of_element_located(locator)
        ^^^^^^^^^^^^^^^^^^^^^^^^^^^^^^^^^^^^^^^
    )
    ^
  File "E:\busca inpi\busca inpi\inpi_busca_codigo_limpo\venv\Lib\site-packages\selenium\webdriver\support\wait.py", line 112, in until
    value = method(self._driver)
  File "E:\busca inpi\busca inpi\inpi_busca_codigo_limpo\venv\Lib\site-packages\selenium\webdriver\support\expected_conditions.py", line 92, in _predicate
    return driver.find_element(*locator)
           ~~~~~~~~~~~~~~~~~~~^^^^^^^^^^
  File "E:\busca inpi\busca inpi\inpi_busca_codigo_limpo\venv\Lib\site-packages\selenium\webdriver\remote\webdriver.py", line 868, in find_element
    return self.execute(Command.FIND_ELEMENT, {"using": by, "value": value})["value"]
           ~~~~~~~~~~~~^^^^^^^^^^^^^^^^^^^^^^^^^^^^^^^^^^^^^^^^^^^^^^^^^^^^^
  File "E:\busca inpi\busca inpi\inpi_busca_codigo_limpo\venv\Lib\site-packages\selenium\webdriver\remote\webdriver.py", line 468, in execute
    self.error_handler.check_response(response)
    ~~~~~~~~~~~~~~~~~~~~~~~~~~~~~~~~~^^^^^^^^^^
  File "E:\busca inpi\busca inpi\inpi_busca_codigo_limpo\venv\Lib\site-packages\selenium\webdriver\remote\errorhandler.py", line 232, in check_response
    raise exception_class(message, screen, stacktrace)
selenium.common.exceptions.InvalidSessionIdException: Message: invalid session id; For documentation on this error, please visit: https://www.selenium.dev/documentation/webdriver/troubleshooting/errors#invalidsessionidexception
Stacktrace:
	chromedriver!GetHandleVerifier [0x7ff6b78b33f5+14875]
	chromedriver!GetHandleVerifier [0x7ff6b78b3450+148d0]
	chromedriver!(No symbol) [0x7ff6b7407576]
	chromedriver!(No symbol) [0x7ff6b7452ea6]
	chromedriver!(No symbol) [0x7ff6b748a182]
	chromedriver!(No symbol) [0x7ff6b7483f82]
	chromedriver!(No symbol) [0x7ff6b7483742]
	chromedriver!(No symbol) [0x7ff6b73d0255]
	chromedriver!GetHandleVerifier [0x7ff6b7e96c61+5f80e1]
	chromedriver!GetHandleVerifier [0x7ff6b7e90feb+5f246b]
	chromedriver!GetHandleVerifier [0x7ff6b7eb62d5+617755]
	chromedriver!GetHandleVerifier [0x7ff6b78d03ae+3182e]
	chromedriver!GetHandleVerifier [0x7ff6b78d8acc+39f4c]
	chromedriver!(No symbol) [0x7ff6b73ceff8]
	chromedriver!GetHandleVerifier [0x7ff6b806f328+7d07a8]
	KERNEL32!BaseThreadInitThunk [0x7ffc8eb9e957+17]
	ntdll!RtlUserThreadStart [0x7ffc8f58427c+2c]


2026-06-04 17:25:00,495 | ERROR | Dummy-22 | 🔁 REPEAT worker 3 processo 906450110
2026-06-04 17:25:00,502 | ERROR | Dummy-22 | 📌 Motivo retry: Message: invalid session id; For documentation on this error, please visit: https://www.selenium.dev/documentation/webdriver/troubleshooting/errors#invalidsessionidexception
Stacktrace:
	chromedriver!GetHandleVerifier [0x7ff6b78b33f5+14875]
	chromedriver!GetHandleVerifier [0x7ff6b78b3450+148d0]
	chromedriver!(No symbol) [0x7ff6b7407576]
	chromedriver!(No symbol) [0x7ff6b7452ea6]
	chromedriver!(No symbol) [0x7ff6b748a182]
	chromedriver!(No symbol) [0x7ff6b7483f82]
	chromedriver!(No symbol) [0x7ff6b7483742]
	chromedriver!(No symbol) [0x7ff6b73d0255]
	chromedriver!GetHandleVerifier [0x7ff6b7e96c61+5f80e1]
	chromedriver!GetHandleVerifier [0x7ff6b7e90feb+5f246b]
	chromedriver!GetHandleVerifier [0x7ff6b7eb62d5+617755]
	chromedriver!GetHandleVerifier [0x7ff6b78d03ae+3182e]
	chromedriver!GetHandleVerifier [0x7ff6b78d8acc+39f4c]
	chromedriver!(No symbol) [0x7ff6b73ceff8]
	chromedriver!GetHandleVerifier [0x7ff6b806f328+7d07a8]
	KERNEL32!BaseThreadInitThunk [0x7ffc8eb9e957+17]
	ntdll!RtlUserThreadStart [0x7ffc8f58427c+2c]

2026-06-04 17:25:00,504 | ERROR | Dummy-22 | 📌 Tentativa atual: 1
2026-06-04 17:25:00,506 | ERROR | Dummy-22 | ⏳ Worker 3 aguardará 3s antes retry
2026-06-04 17:25:00,507 | ERROR | Dummy-22 | 🏁 Worker 3 finalizou
2026-06-04 17:25:00,513 | ERROR | MainThread | FINALIZAR worker 3 thread=MainThread
  File "E:\busca inpi\busca inpi\inpi_busca_codigo_limpo\main.py", line 47, in <module>
    sys.exit(app.exec_())
  File "E:\busca inpi\busca inpi\inpi_busca_codigo_limpo\core\worker_manager.py", line 108, in _finalizar_processo_atual
    f"{''.join(traceback.format_stack())}"

2026-06-04 17:25:00,514 | ERROR | MainThread | 📌 Processo atual antes limpar: None
2026-06-04 17:25:00,514 | ERROR | MainThread | 🔄 Agendando próximo processo worker 3
2026-06-04 17:25:00,518 | ERROR | MainThread | 🟡 _processar_proximo chamado Worker 3
2026-06-04 17:25:00,518 | ERROR | MainThread | 📦 Worker 3 fila restante: 0
2026-06-04 17:25:00,519 | ERROR | MainThread | 🏁 Worker 3 finalizou fila
2026-06-04 17:25:00,775 | ERROR | Thread-7 (_loop_solver_button) | Erro PyAutoGUI: expected an image filename, OpenCV numpy array, or PIL image
2026-06-04 17:25:00,842 | ERROR | Thread-7 (_loop_solver_button) | TypeError('expected an image filename, OpenCV numpy array, or PIL image')
2026-06-04 17:25:00,920 | ERROR | Dummy-10 | [W2] erro captcha: Message: invalid session id: session deleted as the browser has closed the connection
from disconnected: not connected to DevTools
  (Session info: chrome=149.0.7827.53); For documentation on this error, please visit: https://www.selenium.dev/documentation/webdriver/troubleshooting/errors#invalidsessionidexception
Stacktrace:
	chromedriver!GetHandleVerifier [0x7ff6b78b33f5+14875]
	chromedriver!GetHandleVerifier [0x7ff6b78b3450+148d0]
	chromedriver!(No symbol) [0x7ff6b740778d]
	chromedriver!(No symbol) [0x7ff6b73f2c02]
	chromedriver!(No symbol) [0x7ff6b7418f0c]
	chromedriver!(No symbol) [0x7ff6b74913c0]
	chromedriver!(No symbol) [0x7ff6b74ae2ed]
	chromedriver!(No symbol) [0x7ff6b7453eb0]
	chromedriver!(No symbol) [0x7ff6b7454e23]
	chromedriver!GetHandleVerifier [0x7ff6b7e96c61+5f80e1]
	chromedriver!GetHandleVerifier [0x7ff6b7e90feb+5f246b]
	chromedriver!GetHandleVerifier [0x7ff6b7eb62d5+617755]
	chromedriver!GetHandleVerifier [0x7ff6b78d03ae+3182e]
	chromedriver!GetHandleVerifier [0x7ff6b78d8acc+39f4c]
	chromedriver!GetHandleVerifier [0x7ff6b78bcac4+1df44]
	chromedriver!GetHandleVerifier [0x7ff6b78bcc54+1e0d4]
	chromedriver!GetHandleVerifier [0x7ff6b78a0957+1dd7]
	KERNEL32!BaseThreadInitThunk [0x7ffc8eb9e957+17]
	ntdll!RtlUserThreadStart [0x7ffc8f58427c+2c]

2026-06-04 17:25:00,920 | ERROR | Dummy-10 | [captcha] finalizado
2026-06-04 17:25:00,920 | ERROR | Dummy-10 | 📥 Worker 2 retorno captcha: None
2026-06-04 17:25:00,921 | ERROR | Dummy-10 | ❌ Worker 2 PDF não encontrado
2026-06-04 17:25:00,922 | ERROR | Dummy-10 | Traceback (most recent call last):
  File "E:\busca inpi\busca inpi\inpi_busca_codigo_limpo\core\processo_manager.py", line 418, in abrir_detalhe_processo
    raise Exception("PDF não baixado")
Exception: PDF não baixado

2026-06-04 17:25:00,938 | ERROR | Dummy-10 | 🔁 REPEAT worker 2 processo 906452376
2026-06-04 17:25:00,939 | ERROR | Dummy-10 | 📌 Motivo retry: PDF não baixado
2026-06-04 17:25:00,939 | ERROR | Dummy-10 | 📌 Tentativa atual: 1
2026-06-04 17:25:00,939 | ERROR | Dummy-10 | ⏳ Worker 2 aguardará 3s antes retry
2026-06-04 17:25:00,939 | ERROR | Dummy-10 | 🏁 Worker 2 finalizou
2026-06-04 17:25:00,944 | ERROR | MainThread | FINALIZAR worker 2 thread=MainThread
  File "E:\busca inpi\busca inpi\inpi_busca_codigo_limpo\main.py", line 47, in <module>
    sys.exit(app.exec_())
  File "E:\busca inpi\busca inpi\inpi_busca_codigo_limpo\core\worker_manager.py", line 108, in _finalizar_processo_atual
    f"{''.join(traceback.format_stack())}"

2026-06-04 17:25:00,945 | ERROR | MainThread | 📌 Processo atual antes limpar: None
2026-06-04 17:25:00,945 | ERROR | MainThread | 🔄 Agendando próximo processo worker 2
2026-06-04 17:25:00,947 | ERROR | MainThread | 🟡 _processar_proximo chamado Worker 2
2026-06-04 17:25:00,947 | ERROR | MainThread | 📦 Worker 2 fila restante: 8
2026-06-04 17:25:00,947 | ERROR | MainThread | 🚀 Worker 2 iniciou processo 906452309
2026-06-04 17:25:00,948 | ERROR | MainThread | 🧵 Worker thread START 2
2026-06-04 17:25:00,949 | ERROR | Dummy-23 | 🚀 Worker 2 iniciando
2026-06-04 17:25:00,950 | ERROR | Dummy-23 | 🚀 PIPELINE START worker 2 | 906452309
2026-06-04 17:25:00,950 | ERROR | Dummy-23 | LOGIN 1
2026-06-04 17:25:00,950 | ERROR | Dummy-23 | GARANTIR LOGIN INICIO
2026-06-04 17:25:00,950 | ERROR | Dummy-23 | <selenium.webdriver.chrome.webdriver.WebDriver (session="a4e3d639cec1898533a8fc4b036a2bb4")>
2026-06-04 17:25:00,950 | ERROR | Dummy-23 | a4e3d639cec1898533a8fc4b036a2bb4
2026-06-04 17:25:00,950 | ERROR | Dummy-23 | ANTES DO FINDELEMENT
2026-06-04 17:25:00,951 | ERROR | Dummy-23 | LOGIN 2
2026-06-04 17:25:00,955 | ERROR | Dummy-23 | Traceback (most recent call last):
  File "E:\busca inpi\busca inpi\inpi_busca_codigo_limpo\core\processo_manager.py", line 330, in abrir_detalhe_processo
    self.garantir_login(driver)
    ~~~~~~~~~~~~~~~~~~~^^^^^^^^
  File "E:\busca inpi\busca inpi\inpi_busca_codigo_limpo\core\login_manager.py", line 62, in garantir_login
    wait_element(
    ~~~~~~~~~~~~^
        self,
        ^^^^^
    ...<2 lines>...
        timeout=5
        ^^^^^^^^^
    )
    ^
  File "E:\busca inpi\busca inpi\inpi_busca_codigo_limpo\core\network_utils.py", line 39, in wait_element
    return WebDriverWait(driver, timeout).until(
           ~~~~~~~~~~~~~~~~~~~~~~~~~~~~~~~~~~~~^
        EC.presence_of_element_located(locator)
        ^^^^^^^^^^^^^^^^^^^^^^^^^^^^^^^^^^^^^^^
    )
    ^
  File "E:\busca inpi\busca inpi\inpi_busca_codigo_limpo\venv\Lib\site-packages\selenium\webdriver\support\wait.py", line 112, in until
    value = method(self._driver)
  File "E:\busca inpi\busca inpi\inpi_busca_codigo_limpo\venv\Lib\site-packages\selenium\webdriver\support\expected_conditions.py", line 92, in _predicate
    return driver.find_element(*locator)
           ~~~~~~~~~~~~~~~~~~~^^^^^^^^^^
  File "E:\busca inpi\busca inpi\inpi_busca_codigo_limpo\venv\Lib\site-packages\selenium\webdriver\remote\webdriver.py", line 868, in find_element
    return self.execute(Command.FIND_ELEMENT, {"using": by, "value": value})["value"]
           ~~~~~~~~~~~~^^^^^^^^^^^^^^^^^^^^^^^^^^^^^^^^^^^^^^^^^^^^^^^^^^^^^
  File "E:\busca inpi\busca inpi\inpi_busca_codigo_limpo\venv\Lib\site-packages\selenium\webdriver\remote\webdriver.py", line 468, in execute
    self.error_handler.check_response(response)
    ~~~~~~~~~~~~~~~~~~~~~~~~~~~~~~~~~^^^^^^^^^^
  File "E:\busca inpi\busca inpi\inpi_busca_codigo_limpo\venv\Lib\site-packages\selenium\webdriver\remote\errorhandler.py", line 232, in check_response
    raise exception_class(message, screen, stacktrace)
selenium.common.exceptions.InvalidSessionIdException: Message: invalid session id; For documentation on this error, please visit: https://www.selenium.dev/documentation/webdriver/troubleshooting/errors#invalidsessionidexception
Stacktrace:
	chromedriver!GetHandleVerifier [0x7ff6b78b33f5+14875]
	chromedriver!GetHandleVerifier [0x7ff6b78b3450+148d0]
	chromedriver!(No symbol) [0x7ff6b7407576]
	chromedriver!(No symbol) [0x7ff6b7452ea6]
	chromedriver!(No symbol) [0x7ff6b748a182]
	chromedriver!(No symbol) [0x7ff6b7483f82]
	chromedriver!(No symbol) [0x7ff6b7483742]
	chromedriver!(No symbol) [0x7ff6b73d0255]
	chromedriver!GetHandleVerifier [0x7ff6b7e96c61+5f80e1]
	chromedriver!GetHandleVerifier [0x7ff6b7e90feb+5f246b]
	chromedriver!GetHandleVerifier [0x7ff6b7eb62d5+617755]
	chromedriver!GetHandleVerifier [0x7ff6b78d03ae+3182e]
	chromedriver!GetHandleVerifier [0x7ff6b78d8acc+39f4c]
	chromedriver!(No symbol) [0x7ff6b73ceff8]
	chromedriver!GetHandleVerifier [0x7ff6b806f328+7d07a8]
	KERNEL32!BaseThreadInitThunk [0x7ffc8eb9e957+17]
	ntdll!RtlUserThreadStart [0x7ffc8f58427c+2c]


2026-06-04 17:25:00,966 | ERROR | Dummy-23 | 🔁 REPEAT worker 2 processo 906452309
2026-06-04 17:25:00,966 | ERROR | Dummy-23 | 📌 Motivo retry: Message: invalid session id; For documentation on this error, please visit: https://www.selenium.dev/documentation/webdriver/troubleshooting/errors#invalidsessionidexception
Stacktrace:
	chromedriver!GetHandleVerifier [0x7ff6b78b33f5+14875]
	chromedriver!GetHandleVerifier [0x7ff6b78b3450+148d0]
	chromedriver!(No symbol) [0x7ff6b7407576]
	chromedriver!(No symbol) [0x7ff6b7452ea6]
	chromedriver!(No symbol) [0x7ff6b748a182]
	chromedriver!(No symbol) [0x7ff6b7483f82]
	chromedriver!(No symbol) [0x7ff6b7483742]
	chromedriver!(No symbol) [0x7ff6b73d0255]
	chromedriver!GetHandleVerifier [0x7ff6b7e96c61+5f80e1]
	chromedriver!GetHandleVerifier [0x7ff6b7e90feb+5f246b]
	chromedriver!GetHandleVerifier [0x7ff6b7eb62d5+617755]
	chromedriver!GetHandleVerifier [0x7ff6b78d03ae+3182e]
	chromedriver!GetHandleVerifier [0x7ff6b78d8acc+39f4c]
	chromedriver!(No symbol) [0x7ff6b73ceff8]
	chromedriver!GetHandleVerifier [0x7ff6b806f328+7d07a8]
	KERNEL32!BaseThreadInitThunk [0x7ffc8eb9e957+17]
	ntdll!RtlUserThreadStart [0x7ffc8f58427c+2c]

2026-06-04 17:25:00,966 | ERROR | Dummy-23 | 📌 Tentativa atual: 1
2026-06-04 17:25:00,967 | ERROR | Dummy-23 | ⏳ Worker 2 aguardará 3s antes retry
2026-06-04 17:25:00,967 | ERROR | Dummy-23 | 🏁 Worker 2 finalizou
2026-06-04 17:25:00,970 | ERROR | MainThread | FINALIZAR worker 2 thread=MainThread
  File "E:\busca inpi\busca inpi\inpi_busca_codigo_limpo\main.py", line 47, in <module>
    sys.exit(app.exec_())
  File "E:\busca inpi\busca inpi\inpi_busca_codigo_limpo\core\worker_manager.py", line 108, in _finalizar_processo_atual
    f"{''.join(traceback.format_stack())}"

2026-06-04 17:25:00,970 | ERROR | MainThread | 📌 Processo atual antes limpar: None
2026-06-04 17:25:00,970 | ERROR | MainThread | 🔄 Agendando próximo processo worker 2
2026-06-04 17:25:00,972 | ERROR | MainThread | 🟡 _processar_proximo chamado Worker 2
2026-06-04 17:25:00,972 | ERROR | MainThread | 📦 Worker 2 fila restante: 7
2026-06-04 17:25:00,972 | ERROR | MainThread | 🚀 Worker 2 iniciou processo 906451817
2026-06-04 17:25:00,972 | ERROR | MainThread | 🧵 Worker thread START 2
2026-06-04 17:25:00,973 | ERROR | Dummy-24 | 🚀 Worker 2 iniciando
2026-06-04 17:25:00,973 | ERROR | Dummy-24 | 🚀 PIPELINE START worker 2 | 906451817
2026-06-04 17:25:00,973 | ERROR | Dummy-24 | LOGIN 1
2026-06-04 17:25:00,973 | ERROR | Dummy-24 | GARANTIR LOGIN INICIO
2026-06-04 17:25:00,973 | ERROR | Dummy-24 | <selenium.webdriver.chrome.webdriver.WebDriver (session="a4e3d639cec1898533a8fc4b036a2bb4")>
2026-06-04 17:25:00,973 | ERROR | Dummy-24 | a4e3d639cec1898533a8fc4b036a2bb4
2026-06-04 17:25:00,973 | ERROR | Dummy-24 | ANTES DO FINDELEMENT
2026-06-04 17:25:00,974 | ERROR | Dummy-24 | LOGIN 2
2026-06-04 17:25:00,978 | ERROR | Dummy-24 | Traceback (most recent call last):
  File "E:\busca inpi\busca inpi\inpi_busca_codigo_limpo\core\processo_manager.py", line 330, in abrir_detalhe_processo
    self.garantir_login(driver)
    ~~~~~~~~~~~~~~~~~~~^^^^^^^^
  File "E:\busca inpi\busca inpi\inpi_busca_codigo_limpo\core\login_manager.py", line 62, in garantir_login
    wait_element(
    ~~~~~~~~~~~~^
        self,
        ^^^^^
    ...<2 lines>...
        timeout=5
        ^^^^^^^^^
    )
    ^
  File "E:\busca inpi\busca inpi\inpi_busca_codigo_limpo\core\network_utils.py", line 39, in wait_element
    return WebDriverWait(driver, timeout).until(
           ~~~~~~~~~~~~~~~~~~~~~~~~~~~~~~~~~~~~^
        EC.presence_of_element_located(locator)
        ^^^^^^^^^^^^^^^^^^^^^^^^^^^^^^^^^^^^^^^
    )
    ^
  File "E:\busca inpi\busca inpi\inpi_busca_codigo_limpo\venv\Lib\site-packages\selenium\webdriver\support\wait.py", line 112, in until
    value = method(self._driver)
  File "E:\busca inpi\busca inpi\inpi_busca_codigo_limpo\venv\Lib\site-packages\selenium\webdriver\support\expected_conditions.py", line 92, in _predicate
    return driver.find_element(*locator)
           ~~~~~~~~~~~~~~~~~~~^^^^^^^^^^
  File "E:\busca inpi\busca inpi\inpi_busca_codigo_limpo\venv\Lib\site-packages\selenium\webdriver\remote\webdriver.py", line 868, in find_element
    return self.execute(Command.FIND_ELEMENT, {"using": by, "value": value})["value"]
           ~~~~~~~~~~~~^^^^^^^^^^^^^^^^^^^^^^^^^^^^^^^^^^^^^^^^^^^^^^^^^^^^^
  File "E:\busca inpi\busca inpi\inpi_busca_codigo_limpo\venv\Lib\site-packages\selenium\webdriver\remote\webdriver.py", line 468, in execute
    self.error_handler.check_response(response)
    ~~~~~~~~~~~~~~~~~~~~~~~~~~~~~~~~~^^^^^^^^^^
  File "E:\busca inpi\busca inpi\inpi_busca_codigo_limpo\venv\Lib\site-packages\selenium\webdriver\remote\errorhandler.py", line 232, in check_response
    raise exception_class(message, screen, stacktrace)
selenium.common.exceptions.InvalidSessionIdException: Message: invalid session id; For documentation on this error, please visit: https://www.selenium.dev/documentation/webdriver/troubleshooting/errors#invalidsessionidexception
Stacktrace:
	chromedriver!GetHandleVerifier [0x7ff6b78b33f5+14875]
	chromedriver!GetHandleVerifier [0x7ff6b78b3450+148d0]
	chromedriver!(No symbol) [0x7ff6b7407576]
	chromedriver!(No symbol) [0x7ff6b7452ea6]
	chromedriver!(No symbol) [0x7ff6b748a182]
	chromedriver!(No symbol) [0x7ff6b7483f82]
	chromedriver!(No symbol) [0x7ff6b7483742]
	chromedriver!(No symbol) [0x7ff6b73d0255]
	chromedriver!GetHandleVerifier [0x7ff6b7e96c61+5f80e1]
	chromedriver!GetHandleVerifier [0x7ff6b7e90feb+5f246b]
	chromedriver!GetHandleVerifier [0x7ff6b7eb62d5+617755]
	chromedriver!GetHandleVerifier [0x7ff6b78d03ae+3182e]
	chromedriver!GetHandleVerifier [0x7ff6b78d8acc+39f4c]
	chromedriver!(No symbol) [0x7ff6b73ceff8]
	chromedriver!GetHandleVerifier [0x7ff6b806f328+7d07a8]
	KERNEL32!BaseThreadInitThunk [0x7ffc8eb9e957+17]
	ntdll!RtlUserThreadStart [0x7ffc8f58427c+2c]


2026-06-04 17:25:00,989 | ERROR | Dummy-24 | 🔁 REPEAT worker 2 processo 906451817
2026-06-04 17:25:00,989 | ERROR | Dummy-24 | 📌 Motivo retry: Message: invalid session id; For documentation on this error, please visit: https://www.selenium.dev/documentation/webdriver/troubleshooting/errors#invalidsessionidexception
Stacktrace:
	chromedriver!GetHandleVerifier [0x7ff6b78b33f5+14875]
	chromedriver!GetHandleVerifier [0x7ff6b78b3450+148d0]
	chromedriver!(No symbol) [0x7ff6b7407576]
	chromedriver!(No symbol) [0x7ff6b7452ea6]
	chromedriver!(No symbol) [0x7ff6b748a182]
	chromedriver!(No symbol) [0x7ff6b7483f82]
	chromedriver!(No symbol) [0x7ff6b7483742]
	chromedriver!(No symbol) [0x7ff6b73d0255]
	chromedriver!GetHandleVerifier [0x7ff6b7e96c61+5f80e1]
	chromedriver!GetHandleVerifier [0x7ff6b7e90feb+5f246b]
	chromedriver!GetHandleVerifier [0x7ff6b7eb62d5+617755]
	chromedriver!GetHandleVerifier [0x7ff6b78d03ae+3182e]
	chromedriver!GetHandleVerifier [0x7ff6b78d8acc+39f4c]
	chromedriver!(No symbol) [0x7ff6b73ceff8]
	chromedriver!GetHandleVerifier [0x7ff6b806f328+7d07a8]
	KERNEL32!BaseThreadInitThunk [0x7ffc8eb9e957+17]
	ntdll!RtlUserThreadStart [0x7ffc8f58427c+2c]

2026-06-04 17:25:00,989 | ERROR | Dummy-24 | 📌 Tentativa atual: 1
2026-06-04 17:25:00,989 | ERROR | Dummy-24 | ⏳ Worker 2 aguardará 3s antes retry
2026-06-04 17:25:00,989 | ERROR | Dummy-24 | 🏁 Worker 2 finalizou
2026-06-04 17:25:00,991 | ERROR | MainThread | FINALIZAR worker 2 thread=MainThread
  File "E:\busca inpi\busca inpi\inpi_busca_codigo_limpo\main.py", line 47, in <module>
    sys.exit(app.exec_())
  File "E:\busca inpi\busca inpi\inpi_busca_codigo_limpo\core\worker_manager.py", line 108, in _finalizar_processo_atual
    f"{''.join(traceback.format_stack())}"

2026-06-04 17:25:00,991 | ERROR | MainThread | 📌 Processo atual antes limpar: None
2026-06-04 17:25:00,992 | ERROR | MainThread | 🔄 Agendando próximo processo worker 2
2026-06-04 17:25:00,992 | ERROR | MainThread | 🟡 _processar_proximo chamado Worker 2
2026-06-04 17:25:00,992 | ERROR | MainThread | 📦 Worker 2 fila restante: 6
2026-06-04 17:25:00,992 | ERROR | MainThread | 🚀 Worker 2 iniciou processo 906451400
2026-06-04 17:25:00,993 | ERROR | MainThread | 🧵 Worker thread START 2
2026-06-04 17:25:00,993 | ERROR | Dummy-25 | 🚀 Worker 2 iniciando
2026-06-04 17:25:00,993 | ERROR | Dummy-25 | 🚀 PIPELINE START worker 2 | 906451400
2026-06-04 17:25:00,994 | ERROR | Dummy-25 | LOGIN 1
2026-06-04 17:25:00,994 | ERROR | Dummy-25 | GARANTIR LOGIN INICIO
2026-06-04 17:25:00,994 | ERROR | Dummy-25 | <selenium.webdriver.chrome.webdriver.WebDriver (session="a4e3d639cec1898533a8fc4b036a2bb4")>
2026-06-04 17:25:00,994 | ERROR | Dummy-25 | a4e3d639cec1898533a8fc4b036a2bb4
2026-06-04 17:25:00,994 | ERROR | Dummy-25 | ANTES DO FINDELEMENT
2026-06-04 17:25:00,995 | ERROR | Dummy-25 | LOGIN 2
2026-06-04 17:25:00,998 | ERROR | Dummy-25 | Traceback (most recent call last):
  File "E:\busca inpi\busca inpi\inpi_busca_codigo_limpo\core\processo_manager.py", line 330, in abrir_detalhe_processo
    self.garantir_login(driver)
    ~~~~~~~~~~~~~~~~~~~^^^^^^^^
  File "E:\busca inpi\busca inpi\inpi_busca_codigo_limpo\core\login_manager.py", line 62, in garantir_login
    wait_element(
    ~~~~~~~~~~~~^
        self,
        ^^^^^
    ...<2 lines>...
        timeout=5
        ^^^^^^^^^
    )
    ^
  File "E:\busca inpi\busca inpi\inpi_busca_codigo_limpo\core\network_utils.py", line 39, in wait_element
    return WebDriverWait(driver, timeout).until(
           ~~~~~~~~~~~~~~~~~~~~~~~~~~~~~~~~~~~~^
        EC.presence_of_element_located(locator)
        ^^^^^^^^^^^^^^^^^^^^^^^^^^^^^^^^^^^^^^^
    )
    ^
  File "E:\busca inpi\busca inpi\inpi_busca_codigo_limpo\venv\Lib\site-packages\selenium\webdriver\support\wait.py", line 112, in until
    value = method(self._driver)
  File "E:\busca inpi\busca inpi\inpi_busca_codigo_limpo\venv\Lib\site-packages\selenium\webdriver\support\expected_conditions.py", line 92, in _predicate
    return driver.find_element(*locator)
           ~~~~~~~~~~~~~~~~~~~^^^^^^^^^^
  File "E:\busca inpi\busca inpi\inpi_busca_codigo_limpo\venv\Lib\site-packages\selenium\webdriver\remote\webdriver.py", line 868, in find_element
    return self.execute(Command.FIND_ELEMENT, {"using": by, "value": value})["value"]
           ~~~~~~~~~~~~^^^^^^^^^^^^^^^^^^^^^^^^^^^^^^^^^^^^^^^^^^^^^^^^^^^^^
  File "E:\busca inpi\busca inpi\inpi_busca_codigo_limpo\venv\Lib\site-packages\selenium\webdriver\remote\webdriver.py", line 468, in execute
    self.error_handler.check_response(response)
    ~~~~~~~~~~~~~~~~~~~~~~~~~~~~~~~~~^^^^^^^^^^
  File "E:\busca inpi\busca inpi\inpi_busca_codigo_limpo\venv\Lib\site-packages\selenium\webdriver\remote\errorhandler.py", line 232, in check_response
    raise exception_class(message, screen, stacktrace)
selenium.common.exceptions.InvalidSessionIdException: Message: invalid session id; For documentation on this error, please visit: https://www.selenium.dev/documentation/webdriver/troubleshooting/errors#invalidsessionidexception
Stacktrace:
	chromedriver!GetHandleVerifier [0x7ff6b78b33f5+14875]
	chromedriver!GetHandleVerifier [0x7ff6b78b3450+148d0]
	chromedriver!(No symbol) [0x7ff6b7407576]
	chromedriver!(No symbol) [0x7ff6b7452ea6]
	chromedriver!(No symbol) [0x7ff6b748a182]
	chromedriver!(No symbol) [0x7ff6b7483f82]
	chromedriver!(No symbol) [0x7ff6b7483742]
	chromedriver!(No symbol) [0x7ff6b73d0255]
	chromedriver!GetHandleVerifier [0x7ff6b7e96c61+5f80e1]
	chromedriver!GetHandleVerifier [0x7ff6b7e90feb+5f246b]
	chromedriver!GetHandleVerifier [0x7ff6b7eb62d5+617755]
	chromedriver!GetHandleVerifier [0x7ff6b78d03ae+3182e]
	chromedriver!GetHandleVerifier [0x7ff6b78d8acc+39f4c]
	chromedriver!(No symbol) [0x7ff6b73ceff8]
	chromedriver!GetHandleVerifier [0x7ff6b806f328+7d07a8]
	KERNEL32!BaseThreadInitThunk [0x7ffc8eb9e957+17]
	ntdll!RtlUserThreadStart [0x7ffc8f58427c+2c]


2026-06-04 17:25:01,010 | ERROR | Dummy-25 | 🔁 REPEAT worker 2 processo 906451400
2026-06-04 17:25:01,011 | ERROR | Dummy-25 | 📌 Motivo retry: Message: invalid session id; For documentation on this error, please visit: https://www.selenium.dev/documentation/webdriver/troubleshooting/errors#invalidsessionidexception
Stacktrace:
	chromedriver!GetHandleVerifier [0x7ff6b78b33f5+14875]
	chromedriver!GetHandleVerifier [0x7ff6b78b3450+148d0]
	chromedriver!(No symbol) [0x7ff6b7407576]
	chromedriver!(No symbol) [0x7ff6b7452ea6]
	chromedriver!(No symbol) [0x7ff6b748a182]
	chromedriver!(No symbol) [0x7ff6b7483f82]
	chromedriver!(No symbol) [0x7ff6b7483742]
	chromedriver!(No symbol) [0x7ff6b73d0255]
	chromedriver!GetHandleVerifier [0x7ff6b7e96c61+5f80e1]
	chromedriver!GetHandleVerifier [0x7ff6b7e90feb+5f246b]
	chromedriver!GetHandleVerifier [0x7ff6b7eb62d5+617755]
	chromedriver!GetHandleVerifier [0x7ff6b78d03ae+3182e]
	chromedriver!GetHandleVerifier [0x7ff6b78d8acc+39f4c]
	chromedriver!(No symbol) [0x7ff6b73ceff8]
	chromedriver!GetHandleVerifier [0x7ff6b806f328+7d07a8]
	KERNEL32!BaseThreadInitThunk [0x7ffc8eb9e957+17]
	ntdll!RtlUserThreadStart [0x7ffc8f58427c+2c]

2026-06-04 17:25:01,011 | ERROR | Dummy-25 | 📌 Tentativa atual: 1
2026-06-04 17:25:01,011 | ERROR | Dummy-25 | ⏳ Worker 2 aguardará 3s antes retry
2026-06-04 17:25:01,011 | ERROR | Dummy-25 | 🏁 Worker 2 finalizou
2026-06-04 17:25:01,013 | ERROR | MainThread | FINALIZAR worker 2 thread=MainThread
  File "E:\busca inpi\busca inpi\inpi_busca_codigo_limpo\main.py", line 47, in <module>
    sys.exit(app.exec_())
  File "E:\busca inpi\busca inpi\inpi_busca_codigo_limpo\core\worker_manager.py", line 108, in _finalizar_processo_atual
    f"{''.join(traceback.format_stack())}"

2026-06-04 17:25:01,013 | ERROR | MainThread | 📌 Processo atual antes limpar: None
2026-06-04 17:25:01,014 | ERROR | MainThread | 🔄 Agendando próximo processo worker 2
2026-06-04 17:25:01,014 | ERROR | MainThread | 🟡 _processar_proximo chamado Worker 2
2026-06-04 17:25:01,015 | ERROR | MainThread | 📦 Worker 2 fila restante: 5
2026-06-04 17:25:01,015 | ERROR | MainThread | 🚀 Worker 2 iniciou processo 906451230
2026-06-04 17:25:01,015 | ERROR | MainThread | 🧵 Worker thread START 2
2026-06-04 17:25:01,016 | ERROR | Dummy-26 | 🚀 Worker 2 iniciando
2026-06-04 17:25:01,016 | ERROR | Dummy-26 | 🚀 PIPELINE START worker 2 | 906451230
2026-06-04 17:25:01,017 | ERROR | Dummy-26 | LOGIN 1
2026-06-04 17:25:01,017 | ERROR | Dummy-26 | GARANTIR LOGIN INICIO
2026-06-04 17:25:01,017 | ERROR | Dummy-26 | <selenium.webdriver.chrome.webdriver.WebDriver (session="a4e3d639cec1898533a8fc4b036a2bb4")>
2026-06-04 17:25:01,017 | ERROR | Dummy-26 | a4e3d639cec1898533a8fc4b036a2bb4
2026-06-04 17:25:01,017 | ERROR | Dummy-26 | ANTES DO FINDELEMENT
2026-06-04 17:25:01,017 | ERROR | Dummy-26 | LOGIN 2
2026-06-04 17:25:01,022 | ERROR | Dummy-26 | Traceback (most recent call last):
  File "E:\busca inpi\busca inpi\inpi_busca_codigo_limpo\core\processo_manager.py", line 330, in abrir_detalhe_processo
    self.garantir_login(driver)
    ~~~~~~~~~~~~~~~~~~~^^^^^^^^
  File "E:\busca inpi\busca inpi\inpi_busca_codigo_limpo\core\login_manager.py", line 62, in garantir_login
    wait_element(
    ~~~~~~~~~~~~^
        self,
        ^^^^^
    ...<2 lines>...
        timeout=5
        ^^^^^^^^^
    )
    ^
  File "E:\busca inpi\busca inpi\inpi_busca_codigo_limpo\core\network_utils.py", line 39, in wait_element
    return WebDriverWait(driver, timeout).until(
           ~~~~~~~~~~~~~~~~~~~~~~~~~~~~~~~~~~~~^
        EC.presence_of_element_located(locator)
        ^^^^^^^^^^^^^^^^^^^^^^^^^^^^^^^^^^^^^^^
    )
    ^
  File "E:\busca inpi\busca inpi\inpi_busca_codigo_limpo\venv\Lib\site-packages\selenium\webdriver\support\wait.py", line 112, in until
    value = method(self._driver)
  File "E:\busca inpi\busca inpi\inpi_busca_codigo_limpo\venv\Lib\site-packages\selenium\webdriver\support\expected_conditions.py", line 92, in _predicate
    return driver.find_element(*locator)
           ~~~~~~~~~~~~~~~~~~~^^^^^^^^^^
  File "E:\busca inpi\busca inpi\inpi_busca_codigo_limpo\venv\Lib\site-packages\selenium\webdriver\remote\webdriver.py", line 868, in find_element
    return self.execute(Command.FIND_ELEMENT, {"using": by, "value": value})["value"]
           ~~~~~~~~~~~~^^^^^^^^^^^^^^^^^^^^^^^^^^^^^^^^^^^^^^^^^^^^^^^^^^^^^
  File "E:\busca inpi\busca inpi\inpi_busca_codigo_limpo\venv\Lib\site-packages\selenium\webdriver\remote\webdriver.py", line 468, in execute
    self.error_handler.check_response(response)
    ~~~~~~~~~~~~~~~~~~~~~~~~~~~~~~~~~^^^^^^^^^^
  File "E:\busca inpi\busca inpi\inpi_busca_codigo_limpo\venv\Lib\site-packages\selenium\webdriver\remote\errorhandler.py", line 232, in check_response
    raise exception_class(message, screen, stacktrace)
selenium.common.exceptions.InvalidSessionIdException: Message: invalid session id; For documentation on this error, please visit: https://www.selenium.dev/documentation/webdriver/troubleshooting/errors#invalidsessionidexception
Stacktrace:
	chromedriver!GetHandleVerifier [0x7ff6b78b33f5+14875]
	chromedriver!GetHandleVerifier [0x7ff6b78b3450+148d0]
	chromedriver!(No symbol) [0x7ff6b7407576]
	chromedriver!(No symbol) [0x7ff6b7452ea6]
	chromedriver!(No symbol) [0x7ff6b748a182]
	chromedriver!(No symbol) [0x7ff6b7483f82]
	chromedriver!(No symbol) [0x7ff6b7483742]
	chromedriver!(No symbol) [0x7ff6b73d0255]
	chromedriver!GetHandleVerifier [0x7ff6b7e96c61+5f80e1]
	chromedriver!GetHandleVerifier [0x7ff6b7e90feb+5f246b]
	chromedriver!GetHandleVerifier [0x7ff6b7eb62d5+617755]
	chromedriver!GetHandleVerifier [0x7ff6b78d03ae+3182e]
	chromedriver!GetHandleVerifier [0x7ff6b78d8acc+39f4c]
	chromedriver!(No symbol) [0x7ff6b73ceff8]
	chromedriver!GetHandleVerifier [0x7ff6b806f328+7d07a8]
	KERNEL32!BaseThreadInitThunk [0x7ffc8eb9e957+17]
	ntdll!RtlUserThreadStart [0x7ffc8f58427c+2c]


2026-06-04 17:25:01,035 | ERROR | Dummy-26 | 🔁 REPEAT worker 2 processo 906451230
2026-06-04 17:25:01,036 | ERROR | Dummy-26 | 📌 Motivo retry: Message: invalid session id; For documentation on this error, please visit: https://www.selenium.dev/documentation/webdriver/troubleshooting/errors#invalidsessionidexception
Stacktrace:
	chromedriver!GetHandleVerifier [0x7ff6b78b33f5+14875]
	chromedriver!GetHandleVerifier [0x7ff6b78b3450+148d0]
	chromedriver!(No symbol) [0x7ff6b7407576]
	chromedriver!(No symbol) [0x7ff6b7452ea6]
	chromedriver!(No symbol) [0x7ff6b748a182]
	chromedriver!(No symbol) [0x7ff6b7483f82]
	chromedriver!(No symbol) [0x7ff6b7483742]
	chromedriver!(No symbol) [0x7ff6b73d0255]
	chromedriver!GetHandleVerifier [0x7ff6b7e96c61+5f80e1]
	chromedriver!GetHandleVerifier [0x7ff6b7e90feb+5f246b]
	chromedriver!GetHandleVerifier [0x7ff6b7eb62d5+617755]
	chromedriver!GetHandleVerifier [0x7ff6b78d03ae+3182e]
	chromedriver!GetHandleVerifier [0x7ff6b78d8acc+39f4c]
	chromedriver!(No symbol) [0x7ff6b73ceff8]
	chromedriver!GetHandleVerifier [0x7ff6b806f328+7d07a8]
	KERNEL32!BaseThreadInitThunk [0x7ffc8eb9e957+17]
	ntdll!RtlUserThreadStart [0x7ffc8f58427c+2c]

2026-06-04 17:25:01,036 | ERROR | Dummy-26 | 📌 Tentativa atual: 1
2026-06-04 17:25:01,037 | ERROR | Dummy-26 | ⏳ Worker 2 aguardará 3s antes retry
2026-06-04 17:25:01,037 | ERROR | Dummy-26 | 🏁 Worker 2 finalizou
2026-06-04 17:25:01,040 | ERROR | MainThread | FINALIZAR worker 2 thread=MainThread
  File "E:\busca inpi\busca inpi\inpi_busca_codigo_limpo\main.py", line 47, in <module>
    sys.exit(app.exec_())
  File "E:\busca inpi\busca inpi\inpi_busca_codigo_limpo\core\worker_manager.py", line 108, in _finalizar_processo_atual
    f"{''.join(traceback.format_stack())}"

2026-06-04 17:25:01,040 | ERROR | MainThread | 📌 Processo atual antes limpar: None
2026-06-04 17:25:01,040 | ERROR | MainThread | 🔄 Agendando próximo processo worker 2
2026-06-04 17:25:01,041 | ERROR | MainThread | 🟡 _processar_proximo chamado Worker 2
2026-06-04 17:25:01,041 | ERROR | MainThread | 📦 Worker 2 fila restante: 4
2026-06-04 17:25:01,041 | ERROR | MainThread | 🚀 Worker 2 iniciou processo 906450861
2026-06-04 17:25:01,041 | ERROR | MainThread | 🧵 Worker thread START 2
2026-06-04 17:25:01,042 | ERROR | Dummy-27 | 🚀 Worker 2 iniciando
2026-06-04 17:25:01,042 | ERROR | Dummy-27 | 🚀 PIPELINE START worker 2 | 906450861
2026-06-04 17:25:01,042 | ERROR | Dummy-27 | LOGIN 1
2026-06-04 17:25:01,042 | ERROR | Dummy-27 | GARANTIR LOGIN INICIO
2026-06-04 17:25:01,043 | ERROR | Dummy-27 | <selenium.webdriver.chrome.webdriver.WebDriver (session="a4e3d639cec1898533a8fc4b036a2bb4")>
2026-06-04 17:25:01,043 | ERROR | Dummy-27 | a4e3d639cec1898533a8fc4b036a2bb4
2026-06-04 17:25:01,043 | ERROR | Dummy-27 | ANTES DO FINDELEMENT
2026-06-04 17:25:01,043 | ERROR | Dummy-27 | LOGIN 2
2026-06-04 17:25:01,048 | ERROR | Dummy-27 | Traceback (most recent call last):
  File "E:\busca inpi\busca inpi\inpi_busca_codigo_limpo\core\processo_manager.py", line 330, in abrir_detalhe_processo
    self.garantir_login(driver)
    ~~~~~~~~~~~~~~~~~~~^^^^^^^^
  File "E:\busca inpi\busca inpi\inpi_busca_codigo_limpo\core\login_manager.py", line 62, in garantir_login
    wait_element(
    ~~~~~~~~~~~~^
        self,
        ^^^^^
    ...<2 lines>...
        timeout=5
        ^^^^^^^^^
    )
    ^
  File "E:\busca inpi\busca inpi\inpi_busca_codigo_limpo\core\network_utils.py", line 39, in wait_element
    return WebDriverWait(driver, timeout).until(
           ~~~~~~~~~~~~~~~~~~~~~~~~~~~~~~~~~~~~^
        EC.presence_of_element_located(locator)
        ^^^^^^^^^^^^^^^^^^^^^^^^^^^^^^^^^^^^^^^
    )
    ^
  File "E:\busca inpi\busca inpi\inpi_busca_codigo_limpo\venv\Lib\site-packages\selenium\webdriver\support\wait.py", line 112, in until
    value = method(self._driver)
  File "E:\busca inpi\busca inpi\inpi_busca_codigo_limpo\venv\Lib\site-packages\selenium\webdriver\support\expected_conditions.py", line 92, in _predicate
    return driver.find_element(*locator)
           ~~~~~~~~~~~~~~~~~~~^^^^^^^^^^
  File "E:\busca inpi\busca inpi\inpi_busca_codigo_limpo\venv\Lib\site-packages\selenium\webdriver\remote\webdriver.py", line 868, in find_element
    return self.execute(Command.FIND_ELEMENT, {"using": by, "value": value})["value"]
           ~~~~~~~~~~~~^^^^^^^^^^^^^^^^^^^^^^^^^^^^^^^^^^^^^^^^^^^^^^^^^^^^^
  File "E:\busca inpi\busca inpi\inpi_busca_codigo_limpo\venv\Lib\site-packages\selenium\webdriver\remote\webdriver.py", line 468, in execute
    self.error_handler.check_response(response)
    ~~~~~~~~~~~~~~~~~~~~~~~~~~~~~~~~~^^^^^^^^^^
  File "E:\busca inpi\busca inpi\inpi_busca_codigo_limpo\venv\Lib\site-packages\selenium\webdriver\remote\errorhandler.py", line 232, in check_response
    raise exception_class(message, screen, stacktrace)
selenium.common.exceptions.InvalidSessionIdException: Message: invalid session id; For documentation on this error, please visit: https://www.selenium.dev/documentation/webdriver/troubleshooting/errors#invalidsessionidexception
Stacktrace:
	chromedriver!GetHandleVerifier [0x7ff6b78b33f5+14875]
	chromedriver!GetHandleVerifier [0x7ff6b78b3450+148d0]
	chromedriver!(No symbol) [0x7ff6b7407576]
	chromedriver!(No symbol) [0x7ff6b7452ea6]
	chromedriver!(No symbol) [0x7ff6b748a182]
	chromedriver!(No symbol) [0x7ff6b7483f82]
	chromedriver!(No symbol) [0x7ff6b7483742]
	chromedriver!(No symbol) [0x7ff6b73d0255]
	chromedriver!GetHandleVerifier [0x7ff6b7e96c61+5f80e1]
	chromedriver!GetHandleVerifier [0x7ff6b7e90feb+5f246b]
	chromedriver!GetHandleVerifier [0x7ff6b7eb62d5+617755]
	chromedriver!GetHandleVerifier [0x7ff6b78d03ae+3182e]
	chromedriver!GetHandleVerifier [0x7ff6b78d8acc+39f4c]
	chromedriver!(No symbol) [0x7ff6b73ceff8]
	chromedriver!GetHandleVerifier [0x7ff6b806f328+7d07a8]
	KERNEL32!BaseThreadInitThunk [0x7ffc8eb9e957+17]
	ntdll!RtlUserThreadStart [0x7ffc8f58427c+2c]


2026-06-04 17:25:01,083 | ERROR | Dummy-27 | 🔁 REPEAT worker 2 processo 906450861
2026-06-04 17:25:01,084 | ERROR | Dummy-27 | 📌 Motivo retry: Message: invalid session id; For documentation on this error, please visit: https://www.selenium.dev/documentation/webdriver/troubleshooting/errors#invalidsessionidexception
Stacktrace:
	chromedriver!GetHandleVerifier [0x7ff6b78b33f5+14875]
	chromedriver!GetHandleVerifier [0x7ff6b78b3450+148d0]
	chromedriver!(No symbol) [0x7ff6b7407576]
	chromedriver!(No symbol) [0x7ff6b7452ea6]
	chromedriver!(No symbol) [0x7ff6b748a182]
	chromedriver!(No symbol) [0x7ff6b7483f82]
	chromedriver!(No symbol) [0x7ff6b7483742]
	chromedriver!(No symbol) [0x7ff6b73d0255]
	chromedriver!GetHandleVerifier [0x7ff6b7e96c61+5f80e1]
	chromedriver!GetHandleVerifier [0x7ff6b7e90feb+5f246b]
	chromedriver!GetHandleVerifier [0x7ff6b7eb62d5+617755]
	chromedriver!GetHandleVerifier [0x7ff6b78d03ae+3182e]
	chromedriver!GetHandleVerifier [0x7ff6b78d8acc+39f4c]
	chromedriver!(No symbol) [0x7ff6b73ceff8]
	chromedriver!GetHandleVerifier [0x7ff6b806f328+7d07a8]
	KERNEL32!BaseThreadInitThunk [0x7ffc8eb9e957+17]
	ntdll!RtlUserThreadStart [0x7ffc8f58427c+2c]

2026-06-04 17:25:01,084 | ERROR | Dummy-27 | 📌 Tentativa atual: 1
2026-06-04 17:25:01,084 | ERROR | Dummy-27 | ⏳ Worker 2 aguardará 3s antes retry
2026-06-04 17:25:01,084 | ERROR | Dummy-27 | 🏁 Worker 2 finalizou
2026-06-04 17:25:01,086 | ERROR | MainThread | FINALIZAR worker 2 thread=MainThread
  File "E:\busca inpi\busca inpi\inpi_busca_codigo_limpo\main.py", line 47, in <module>
    sys.exit(app.exec_())
  File "E:\busca inpi\busca inpi\inpi_busca_codigo_limpo\core\worker_manager.py", line 108, in _finalizar_processo_atual
    f"{''.join(traceback.format_stack())}"

2026-06-04 17:25:01,086 | ERROR | MainThread | 📌 Processo atual antes limpar: None
2026-06-04 17:25:01,086 | ERROR | MainThread | 🔄 Agendando próximo processo worker 2
2026-06-04 17:25:01,087 | ERROR | MainThread | 🟡 _processar_proximo chamado Worker 2
2026-06-04 17:25:01,087 | ERROR | MainThread | 📦 Worker 2 fila restante: 3
2026-06-04 17:25:01,087 | ERROR | MainThread | 🚀 Worker 2 iniciou processo 906450586
2026-06-04 17:25:01,087 | ERROR | MainThread | 🧵 Worker thread START 2
2026-06-04 17:25:01,088 | ERROR | Dummy-28 | 🚀 Worker 2 iniciando
2026-06-04 17:25:01,088 | ERROR | Dummy-28 | 🚀 PIPELINE START worker 2 | 906450586
2026-06-04 17:25:01,088 | ERROR | Dummy-28 | LOGIN 1
2026-06-04 17:25:01,088 | ERROR | Dummy-28 | GARANTIR LOGIN INICIO
2026-06-04 17:25:01,088 | ERROR | Dummy-28 | <selenium.webdriver.chrome.webdriver.WebDriver (session="a4e3d639cec1898533a8fc4b036a2bb4")>
2026-06-04 17:25:01,089 | ERROR | Dummy-28 | a4e3d639cec1898533a8fc4b036a2bb4
2026-06-04 17:25:01,090 | ERROR | Dummy-28 | ANTES DO FINDELEMENT
2026-06-04 17:25:01,090 | ERROR | Dummy-28 | LOGIN 2
2026-06-04 17:25:01,093 | ERROR | Dummy-28 | Traceback (most recent call last):
  File "E:\busca inpi\busca inpi\inpi_busca_codigo_limpo\core\processo_manager.py", line 330, in abrir_detalhe_processo
    self.garantir_login(driver)
    ~~~~~~~~~~~~~~~~~~~^^^^^^^^
  File "E:\busca inpi\busca inpi\inpi_busca_codigo_limpo\core\login_manager.py", line 62, in garantir_login
    wait_element(
    ~~~~~~~~~~~~^
        self,
        ^^^^^
    ...<2 lines>...
        timeout=5
        ^^^^^^^^^
    )
    ^
  File "E:\busca inpi\busca inpi\inpi_busca_codigo_limpo\core\network_utils.py", line 39, in wait_element
    return WebDriverWait(driver, timeout).until(
           ~~~~~~~~~~~~~~~~~~~~~~~~~~~~~~~~~~~~^
        EC.presence_of_element_located(locator)
        ^^^^^^^^^^^^^^^^^^^^^^^^^^^^^^^^^^^^^^^
    )
    ^
  File "E:\busca inpi\busca inpi\inpi_busca_codigo_limpo\venv\Lib\site-packages\selenium\webdriver\support\wait.py", line 112, in until
    value = method(self._driver)
  File "E:\busca inpi\busca inpi\inpi_busca_codigo_limpo\venv\Lib\site-packages\selenium\webdriver\support\expected_conditions.py", line 92, in _predicate
    return driver.find_element(*locator)
           ~~~~~~~~~~~~~~~~~~~^^^^^^^^^^
  File "E:\busca inpi\busca inpi\inpi_busca_codigo_limpo\venv\Lib\site-packages\selenium\webdriver\remote\webdriver.py", line 868, in find_element
    return self.execute(Command.FIND_ELEMENT, {"using": by, "value": value})["value"]
           ~~~~~~~~~~~~^^^^^^^^^^^^^^^^^^^^^^^^^^^^^^^^^^^^^^^^^^^^^^^^^^^^^
  File "E:\busca inpi\busca inpi\inpi_busca_codigo_limpo\venv\Lib\site-packages\selenium\webdriver\remote\webdriver.py", line 468, in execute
    self.error_handler.check_response(response)
    ~~~~~~~~~~~~~~~~~~~~~~~~~~~~~~~~~^^^^^^^^^^
  File "E:\busca inpi\busca inpi\inpi_busca_codigo_limpo\venv\Lib\site-packages\selenium\webdriver\remote\errorhandler.py", line 232, in check_response
    raise exception_class(message, screen, stacktrace)
selenium.common.exceptions.InvalidSessionIdException: Message: invalid session id; For documentation on this error, please visit: https://www.selenium.dev/documentation/webdriver/troubleshooting/errors#invalidsessionidexception
Stacktrace:
	chromedriver!GetHandleVerifier [0x7ff6b78b33f5+14875]
	chromedriver!GetHandleVerifier [0x7ff6b78b3450+148d0]
	chromedriver!(No symbol) [0x7ff6b7407576]
	chromedriver!(No symbol) [0x7ff6b7452ea6]
	chromedriver!(No symbol) [0x7ff6b748a182]
	chromedriver!(No symbol) [0x7ff6b7483f82]
	chromedriver!(No symbol) [0x7ff6b7483742]
	chromedriver!(No symbol) [0x7ff6b73d0255]
	chromedriver!GetHandleVerifier [0x7ff6b7e96c61+5f80e1]
	chromedriver!GetHandleVerifier [0x7ff6b7e90feb+5f246b]
	chromedriver!GetHandleVerifier [0x7ff6b7eb62d5+617755]
	chromedriver!GetHandleVerifier [0x7ff6b78d03ae+3182e]
	chromedriver!GetHandleVerifier [0x7ff6b78d8acc+39f4c]
	chromedriver!(No symbol) [0x7ff6b73ceff8]
	chromedriver!GetHandleVerifier [0x7ff6b806f328+7d07a8]
	KERNEL32!BaseThreadInitThunk [0x7ffc8eb9e957+17]
	ntdll!RtlUserThreadStart [0x7ffc8f58427c+2c]


2026-06-04 17:25:01,105 | ERROR | Dummy-28 | 🔁 REPEAT worker 2 processo 906450586
2026-06-04 17:25:01,106 | ERROR | Dummy-28 | 📌 Motivo retry: Message: invalid session id; For documentation on this error, please visit: https://www.selenium.dev/documentation/webdriver/troubleshooting/errors#invalidsessionidexception
Stacktrace:
	chromedriver!GetHandleVerifier [0x7ff6b78b33f5+14875]
	chromedriver!GetHandleVerifier [0x7ff6b78b3450+148d0]
	chromedriver!(No symbol) [0x7ff6b7407576]
	chromedriver!(No symbol) [0x7ff6b7452ea6]
	chromedriver!(No symbol) [0x7ff6b748a182]
	chromedriver!(No symbol) [0x7ff6b7483f82]
	chromedriver!(No symbol) [0x7ff6b7483742]
	chromedriver!(No symbol) [0x7ff6b73d0255]
	chromedriver!GetHandleVerifier [0x7ff6b7e96c61+5f80e1]
	chromedriver!GetHandleVerifier [0x7ff6b7e90feb+5f246b]
	chromedriver!GetHandleVerifier [0x7ff6b7eb62d5+617755]
	chromedriver!GetHandleVerifier [0x7ff6b78d03ae+3182e]
	chromedriver!GetHandleVerifier [0x7ff6b78d8acc+39f4c]
	chromedriver!(No symbol) [0x7ff6b73ceff8]
	chromedriver!GetHandleVerifier [0x7ff6b806f328+7d07a8]
	KERNEL32!BaseThreadInitThunk [0x7ffc8eb9e957+17]
	ntdll!RtlUserThreadStart [0x7ffc8f58427c+2c]

2026-06-04 17:25:01,106 | ERROR | Dummy-28 | 📌 Tentativa atual: 1
2026-06-04 17:25:01,106 | ERROR | Dummy-28 | ⏳ Worker 2 aguardará 3s antes retry
2026-06-04 17:25:01,106 | ERROR | Dummy-28 | 🏁 Worker 2 finalizou
2026-06-04 17:25:01,107 | ERROR | MainThread | FINALIZAR worker 2 thread=MainThread
  File "E:\busca inpi\busca inpi\inpi_busca_codigo_limpo\main.py", line 47, in <module>
    sys.exit(app.exec_())
  File "E:\busca inpi\busca inpi\inpi_busca_codigo_limpo\core\worker_manager.py", line 108, in _finalizar_processo_atual
    f"{''.join(traceback.format_stack())}"

2026-06-04 17:25:01,107 | ERROR | MainThread | 📌 Processo atual antes limpar: None
2026-06-04 17:25:01,107 | ERROR | MainThread | 🔄 Agendando próximo processo worker 2
2026-06-04 17:25:01,108 | ERROR | MainThread | 🟡 _processar_proximo chamado Worker 2
2026-06-04 17:25:01,108 | ERROR | MainThread | 📦 Worker 2 fila restante: 2
2026-06-04 17:25:01,108 | ERROR | MainThread | 🚀 Worker 2 iniciou processo 906450144
2026-06-04 17:25:01,108 | ERROR | MainThread | 🧵 Worker thread START 2
2026-06-04 17:25:01,109 | ERROR | Dummy-29 | 🚀 Worker 2 iniciando
2026-06-04 17:25:01,109 | ERROR | Dummy-29 | 🚀 PIPELINE START worker 2 | 906450144
2026-06-04 17:25:01,109 | ERROR | Dummy-29 | LOGIN 1
2026-06-04 17:25:01,109 | ERROR | Dummy-29 | GARANTIR LOGIN INICIO
2026-06-04 17:25:01,109 | ERROR | Dummy-29 | <selenium.webdriver.chrome.webdriver.WebDriver (session="a4e3d639cec1898533a8fc4b036a2bb4")>
2026-06-04 17:25:01,109 | ERROR | Dummy-29 | a4e3d639cec1898533a8fc4b036a2bb4
2026-06-04 17:25:01,109 | ERROR | Dummy-29 | ANTES DO FINDELEMENT
2026-06-04 17:25:01,109 | ERROR | Dummy-29 | LOGIN 2
2026-06-04 17:25:01,114 | ERROR | Dummy-29 | Traceback (most recent call last):
  File "E:\busca inpi\busca inpi\inpi_busca_codigo_limpo\core\processo_manager.py", line 330, in abrir_detalhe_processo
    self.garantir_login(driver)
    ~~~~~~~~~~~~~~~~~~~^^^^^^^^
  File "E:\busca inpi\busca inpi\inpi_busca_codigo_limpo\core\login_manager.py", line 62, in garantir_login
    wait_element(
    ~~~~~~~~~~~~^
        self,
        ^^^^^
    ...<2 lines>...
        timeout=5
        ^^^^^^^^^
    )
    ^
  File "E:\busca inpi\busca inpi\inpi_busca_codigo_limpo\core\network_utils.py", line 39, in wait_element
    return WebDriverWait(driver, timeout).until(
           ~~~~~~~~~~~~~~~~~~~~~~~~~~~~~~~~~~~~^
        EC.presence_of_element_located(locator)
        ^^^^^^^^^^^^^^^^^^^^^^^^^^^^^^^^^^^^^^^
    )
    ^
  File "E:\busca inpi\busca inpi\inpi_busca_codigo_limpo\venv\Lib\site-packages\selenium\webdriver\support\wait.py", line 112, in until
    value = method(self._driver)
  File "E:\busca inpi\busca inpi\inpi_busca_codigo_limpo\venv\Lib\site-packages\selenium\webdriver\support\expected_conditions.py", line 92, in _predicate
    return driver.find_element(*locator)
           ~~~~~~~~~~~~~~~~~~~^^^^^^^^^^
  File "E:\busca inpi\busca inpi\inpi_busca_codigo_limpo\venv\Lib\site-packages\selenium\webdriver\remote\webdriver.py", line 868, in find_element
    return self.execute(Command.FIND_ELEMENT, {"using": by, "value": value})["value"]
           ~~~~~~~~~~~~^^^^^^^^^^^^^^^^^^^^^^^^^^^^^^^^^^^^^^^^^^^^^^^^^^^^^
  File "E:\busca inpi\busca inpi\inpi_busca_codigo_limpo\venv\Lib\site-packages\selenium\webdriver\remote\webdriver.py", line 468, in execute
    self.error_handler.check_response(response)
    ~~~~~~~~~~~~~~~~~~~~~~~~~~~~~~~~~^^^^^^^^^^
  File "E:\busca inpi\busca inpi\inpi_busca_codigo_limpo\venv\Lib\site-packages\selenium\webdriver\remote\errorhandler.py", line 232, in check_response
    raise exception_class(message, screen, stacktrace)
selenium.common.exceptions.InvalidSessionIdException: Message: invalid session id; For documentation on this error, please visit: https://www.selenium.dev/documentation/webdriver/troubleshooting/errors#invalidsessionidexception
Stacktrace:
	chromedriver!GetHandleVerifier [0x7ff6b78b33f5+14875]
	chromedriver!GetHandleVerifier [0x7ff6b78b3450+148d0]
	chromedriver!(No symbol) [0x7ff6b7407576]
	chromedriver!(No symbol) [0x7ff6b7452ea6]
	chromedriver!(No symbol) [0x7ff6b748a182]
	chromedriver!(No symbol) [0x7ff6b7483f82]
	chromedriver!(No symbol) [0x7ff6b7483742]
	chromedriver!(No symbol) [0x7ff6b73d0255]
	chromedriver!GetHandleVerifier [0x7ff6b7e96c61+5f80e1]
	chromedriver!GetHandleVerifier [0x7ff6b7e90feb+5f246b]
	chromedriver!GetHandleVerifier [0x7ff6b7eb62d5+617755]
	chromedriver!GetHandleVerifier [0x7ff6b78d03ae+3182e]
	chromedriver!GetHandleVerifier [0x7ff6b78d8acc+39f4c]
	chromedriver!(No symbol) [0x7ff6b73ceff8]
	chromedriver!GetHandleVerifier [0x7ff6b806f328+7d07a8]
	KERNEL32!BaseThreadInitThunk [0x7ffc8eb9e957+17]
	ntdll!RtlUserThreadStart [0x7ffc8f58427c+2c]


2026-06-04 17:25:01,146 | ERROR | Dummy-29 | 🔁 REPEAT worker 2 processo 906450144
2026-06-04 17:25:01,147 | ERROR | Dummy-29 | 📌 Motivo retry: Message: invalid session id; For documentation on this error, please visit: https://www.selenium.dev/documentation/webdriver/troubleshooting/errors#invalidsessionidexception
Stacktrace:
	chromedriver!GetHandleVerifier [0x7ff6b78b33f5+14875]
	chromedriver!GetHandleVerifier [0x7ff6b78b3450+148d0]
	chromedriver!(No symbol) [0x7ff6b7407576]
	chromedriver!(No symbol) [0x7ff6b7452ea6]
	chromedriver!(No symbol) [0x7ff6b748a182]
	chromedriver!(No symbol) [0x7ff6b7483f82]
	chromedriver!(No symbol) [0x7ff6b7483742]
	chromedriver!(No symbol) [0x7ff6b73d0255]
	chromedriver!GetHandleVerifier [0x7ff6b7e96c61+5f80e1]
	chromedriver!GetHandleVerifier [0x7ff6b7e90feb+5f246b]
	chromedriver!GetHandleVerifier [0x7ff6b7eb62d5+617755]
	chromedriver!GetHandleVerifier [0x7ff6b78d03ae+3182e]
	chromedriver!GetHandleVerifier [0x7ff6b78d8acc+39f4c]
	chromedriver!(No symbol) [0x7ff6b73ceff8]
	chromedriver!GetHandleVerifier [0x7ff6b806f328+7d07a8]
	KERNEL32!BaseThreadInitThunk [0x7ffc8eb9e957+17]
	ntdll!RtlUserThreadStart [0x7ffc8f58427c+2c]

2026-06-04 17:25:01,148 | ERROR | Dummy-29 | 📌 Tentativa atual: 1
2026-06-04 17:25:01,148 | ERROR | Dummy-29 | ⏳ Worker 2 aguardará 3s antes retry
2026-06-04 17:25:01,148 | ERROR | Dummy-29 | 🏁 Worker 2 finalizou
2026-06-04 17:25:01,150 | ERROR | MainThread | FINALIZAR worker 2 thread=MainThread
  File "E:\busca inpi\busca inpi\inpi_busca_codigo_limpo\main.py", line 47, in <module>
    sys.exit(app.exec_())
  File "E:\busca inpi\busca inpi\inpi_busca_codigo_limpo\core\worker_manager.py", line 108, in _finalizar_processo_atual
    f"{''.join(traceback.format_stack())}"

2026-06-04 17:25:01,151 | ERROR | MainThread | 📌 Processo atual antes limpar: None
2026-06-04 17:25:01,151 | ERROR | MainThread | 🔄 Agendando próximo processo worker 2
2026-06-04 17:25:01,151 | ERROR | MainThread | 🟡 _processar_proximo chamado Worker 2
2026-06-04 17:25:01,151 | ERROR | MainThread | 📦 Worker 2 fila restante: 1
2026-06-04 17:25:01,152 | ERROR | MainThread | 🚀 Worker 2 iniciou processo 906450004
2026-06-04 17:25:01,152 | ERROR | MainThread | 🧵 Worker thread START 2
2026-06-04 17:25:01,152 | ERROR | Dummy-30 | 🚀 Worker 2 iniciando
2026-06-04 17:25:01,152 | ERROR | Dummy-30 | 🚀 PIPELINE START worker 2 | 906450004
2026-06-04 17:25:01,152 | ERROR | Dummy-30 | LOGIN 1
2026-06-04 17:25:01,153 | ERROR | Dummy-30 | GARANTIR LOGIN INICIO
2026-06-04 17:25:01,153 | ERROR | Dummy-30 | <selenium.webdriver.chrome.webdriver.WebDriver (session="a4e3d639cec1898533a8fc4b036a2bb4")>
2026-06-04 17:25:01,153 | ERROR | Dummy-30 | a4e3d639cec1898533a8fc4b036a2bb4
2026-06-04 17:25:01,153 | ERROR | Dummy-30 | ANTES DO FINDELEMENT
2026-06-04 17:25:01,153 | ERROR | Dummy-30 | LOGIN 2
2026-06-04 17:25:01,155 | ERROR | Dummy-30 | Traceback (most recent call last):
  File "E:\busca inpi\busca inpi\inpi_busca_codigo_limpo\core\processo_manager.py", line 330, in abrir_detalhe_processo
    self.garantir_login(driver)
    ~~~~~~~~~~~~~~~~~~~^^^^^^^^
  File "E:\busca inpi\busca inpi\inpi_busca_codigo_limpo\core\login_manager.py", line 62, in garantir_login
    wait_element(
    ~~~~~~~~~~~~^
        self,
        ^^^^^
    ...<2 lines>...
        timeout=5
        ^^^^^^^^^
    )
    ^
  File "E:\busca inpi\busca inpi\inpi_busca_codigo_limpo\core\network_utils.py", line 39, in wait_element
    return WebDriverWait(driver, timeout).until(
           ~~~~~~~~~~~~~~~~~~~~~~~~~~~~~~~~~~~~^
        EC.presence_of_element_located(locator)
        ^^^^^^^^^^^^^^^^^^^^^^^^^^^^^^^^^^^^^^^
    )
    ^
  File "E:\busca inpi\busca inpi\inpi_busca_codigo_limpo\venv\Lib\site-packages\selenium\webdriver\support\wait.py", line 112, in until
    value = method(self._driver)
  File "E:\busca inpi\busca inpi\inpi_busca_codigo_limpo\venv\Lib\site-packages\selenium\webdriver\support\expected_conditions.py", line 92, in _predicate
    return driver.find_element(*locator)
           ~~~~~~~~~~~~~~~~~~~^^^^^^^^^^
  File "E:\busca inpi\busca inpi\inpi_busca_codigo_limpo\venv\Lib\site-packages\selenium\webdriver\remote\webdriver.py", line 868, in find_element
    return self.execute(Command.FIND_ELEMENT, {"using": by, "value": value})["value"]
           ~~~~~~~~~~~~^^^^^^^^^^^^^^^^^^^^^^^^^^^^^^^^^^^^^^^^^^^^^^^^^^^^^
  File "E:\busca inpi\busca inpi\inpi_busca_codigo_limpo\venv\Lib\site-packages\selenium\webdriver\remote\webdriver.py", line 468, in execute
    self.error_handler.check_response(response)
    ~~~~~~~~~~~~~~~~~~~~~~~~~~~~~~~~~^^^^^^^^^^
  File "E:\busca inpi\busca inpi\inpi_busca_codigo_limpo\venv\Lib\site-packages\selenium\webdriver\remote\errorhandler.py", line 232, in check_response
    raise exception_class(message, screen, stacktrace)
selenium.common.exceptions.InvalidSessionIdException: Message: invalid session id; For documentation on this error, please visit: https://www.selenium.dev/documentation/webdriver/troubleshooting/errors#invalidsessionidexception
Stacktrace:
	chromedriver!GetHandleVerifier [0x7ff6b78b33f5+14875]
	chromedriver!GetHandleVerifier [0x7ff6b78b3450+148d0]
	chromedriver!(No symbol) [0x7ff6b7407576]
	chromedriver!(No symbol) [0x7ff6b7452ea6]
	chromedriver!(No symbol) [0x7ff6b748a182]
	chromedriver!(No symbol) [0x7ff6b7483f82]
	chromedriver!(No symbol) [0x7ff6b7483742]
	chromedriver!(No symbol) [0x7ff6b73d0255]
	chromedriver!GetHandleVerifier [0x7ff6b7e96c61+5f80e1]
	chromedriver!GetHandleVerifier [0x7ff6b7e90feb+5f246b]
	chromedriver!GetHandleVerifier [0x7ff6b7eb62d5+617755]
	chromedriver!GetHandleVerifier [0x7ff6b78d03ae+3182e]
	chromedriver!GetHandleVerifier [0x7ff6b78d8acc+39f4c]
	chromedriver!(No symbol) [0x7ff6b73ceff8]
	chromedriver!GetHandleVerifier [0x7ff6b806f328+7d07a8]
	KERNEL32!BaseThreadInitThunk [0x7ffc8eb9e957+17]
	ntdll!RtlUserThreadStart [0x7ffc8f58427c+2c]


2026-06-04 17:25:01,166 | ERROR | Dummy-30 | 🔁 REPEAT worker 2 processo 906450004
2026-06-04 17:25:01,167 | ERROR | Dummy-30 | 📌 Motivo retry: Message: invalid session id; For documentation on this error, please visit: https://www.selenium.dev/documentation/webdriver/troubleshooting/errors#invalidsessionidexception
Stacktrace:
	chromedriver!GetHandleVerifier [0x7ff6b78b33f5+14875]
	chromedriver!GetHandleVerifier [0x7ff6b78b3450+148d0]
	chromedriver!(No symbol) [0x7ff6b7407576]
	chromedriver!(No symbol) [0x7ff6b7452ea6]
	chromedriver!(No symbol) [0x7ff6b748a182]
	chromedriver!(No symbol) [0x7ff6b7483f82]
	chromedriver!(No symbol) [0x7ff6b7483742]
	chromedriver!(No symbol) [0x7ff6b73d0255]
	chromedriver!GetHandleVerifier [0x7ff6b7e96c61+5f80e1]
	chromedriver!GetHandleVerifier [0x7ff6b7e90feb+5f246b]
	chromedriver!GetHandleVerifier [0x7ff6b7eb62d5+617755]
	chromedriver!GetHandleVerifier [0x7ff6b78d03ae+3182e]
	chromedriver!GetHandleVerifier [0x7ff6b78d8acc+39f4c]
	chromedriver!(No symbol) [0x7ff6b73ceff8]
	chromedriver!GetHandleVerifier [0x7ff6b806f328+7d07a8]
	KERNEL32!BaseThreadInitThunk [0x7ffc8eb9e957+17]
	ntdll!RtlUserThreadStart [0x7ffc8f58427c+2c]

2026-06-04 17:25:01,167 | ERROR | Dummy-30 | 📌 Tentativa atual: 1
2026-06-04 17:25:01,167 | ERROR | Dummy-30 | ⏳ Worker 2 aguardará 3s antes retry
2026-06-04 17:25:01,167 | ERROR | Dummy-30 | 🏁 Worker 2 finalizou
2026-06-04 17:25:01,169 | ERROR | MainThread | FINALIZAR worker 2 thread=MainThread
  File "E:\busca inpi\busca inpi\inpi_busca_codigo_limpo\main.py", line 47, in <module>
    sys.exit(app.exec_())
  File "E:\busca inpi\busca inpi\inpi_busca_codigo_limpo\core\worker_manager.py", line 108, in _finalizar_processo_atual
    f"{''.join(traceback.format_stack())}"

2026-06-04 17:25:01,169 | ERROR | MainThread | 📌 Processo atual antes limpar: None
2026-06-04 17:25:01,169 | ERROR | MainThread | 🔄 Agendando próximo processo worker 2
2026-06-04 17:25:01,170 | ERROR | MainThread | 🟡 _processar_proximo chamado Worker 2
2026-06-04 17:25:01,170 | ERROR | MainThread | 📦 Worker 2 fila restante: 0
2026-06-04 17:25:01,170 | ERROR | MainThread | 🏁 Worker 2 finalizou fila
2026-06-04 17:25:01,706 | ERROR | Thread-7 (_loop_solver_button) | Erro PyAutoGUI: expected an image filename, OpenCV numpy array, or PIL image
2026-06-04 17:25:01,779 | ERROR | Thread-7 (_loop_solver_button) | TypeError('expected an image filename, OpenCV numpy array, or PIL image')
2026-06-04 17:25:01,843 | ERROR | Dummy-15 | Traceback (most recent call last):
  File "E:\busca inpi\busca inpi\inpi_busca_codigo_limpo\core\processo_manager.py", line 330, in abrir_detalhe_processo
    self.garantir_login(driver)
    ~~~~~~~~~~~~~~~~~~~^^^^^^^^
  File "E:\busca inpi\busca inpi\inpi_busca_codigo_limpo\core\login_manager.py", line 62, in garantir_login
    wait_element(
    ~~~~~~~~~~~~^
        self,
        ^^^^^
    ...<2 lines>...
        timeout=5
        ^^^^^^^^^
    )
    ^
  File "E:\busca inpi\busca inpi\inpi_busca_codigo_limpo\core\network_utils.py", line 39, in wait_element
    return WebDriverWait(driver, timeout).until(
           ~~~~~~~~~~~~~~~~~~~~~~~~~~~~~~~~~~~~^
        EC.presence_of_element_located(locator)
        ^^^^^^^^^^^^^^^^^^^^^^^^^^^^^^^^^^^^^^^
    )
    ^
  File "E:\busca inpi\busca inpi\inpi_busca_codigo_limpo\venv\Lib\site-packages\selenium\webdriver\support\wait.py", line 112, in until
    value = method(self._driver)
  File "E:\busca inpi\busca inpi\inpi_busca_codigo_limpo\venv\Lib\site-packages\selenium\webdriver\support\expected_conditions.py", line 92, in _predicate
    return driver.find_element(*locator)
           ~~~~~~~~~~~~~~~~~~~^^^^^^^^^^
  File "E:\busca inpi\busca inpi\inpi_busca_codigo_limpo\venv\Lib\site-packages\selenium\webdriver\remote\webdriver.py", line 868, in find_element
    return self.execute(Command.FIND_ELEMENT, {"using": by, "value": value})["value"]
           ~~~~~~~~~~~~^^^^^^^^^^^^^^^^^^^^^^^^^^^^^^^^^^^^^^^^^^^^^^^^^^^^^
  File "E:\busca inpi\busca inpi\inpi_busca_codigo_limpo\venv\Lib\site-packages\selenium\webdriver\remote\webdriver.py", line 468, in execute
    self.error_handler.check_response(response)
    ~~~~~~~~~~~~~~~~~~~~~~~~~~~~~~~~~^^^^^^^^^^
  File "E:\busca inpi\busca inpi\inpi_busca_codigo_limpo\venv\Lib\site-packages\selenium\webdriver\remote\errorhandler.py", line 232, in check_response
    raise exception_class(message, screen, stacktrace)
selenium.common.exceptions.InvalidSessionIdException: Message: invalid session id: session deleted as the browser has closed the connection
from disconnected: not connected to DevTools
  (Session info: chrome=149.0.7827.53); For documentation on this error, please visit: https://www.selenium.dev/documentation/webdriver/troubleshooting/errors#invalidsessionidexception
Stacktrace:
	chromedriver!GetHandleVerifier [0x7ff6b78b33f5+14875]
	chromedriver!GetHandleVerifier [0x7ff6b78b3450+148d0]
	chromedriver!(No symbol) [0x7ff6b740778d]
	chromedriver!(No symbol) [0x7ff6b73f2c02]
	chromedriver!(No symbol) [0x7ff6b7418f0c]
	chromedriver!(No symbol) [0x7ff6b74913c0]
	chromedriver!(No symbol) [0x7ff6b74ae2ed]
	chromedriver!(No symbol) [0x7ff6b7453eb0]
	chromedriver!(No symbol) [0x7ff6b7454e23]
	chromedriver!GetHandleVerifier [0x7ff6b7e96c61+5f80e1]
	chromedriver!GetHandleVerifier [0x7ff6b7e90feb+5f246b]
	chromedriver!GetHandleVerifier [0x7ff6b7eb62d5+617755]
	chromedriver!GetHandleVerifier [0x7ff6b78d03ae+3182e]
	chromedriver!GetHandleVerifier [0x7ff6b78d8acc+39f4c]
	chromedriver!GetHandleVerifier [0x7ff6b78bcac4+1df44]
	chromedriver!GetHandleVerifier [0x7ff6b78bcc54+1e0d4]
	chromedriver!GetHandleVerifier [0x7ff6b78a0957+1dd7]
	KERNEL32!BaseThreadInitThunk [0x7ffc8eb9e957+17]
	ntdll!RtlUserThreadStart [0x7ffc8f58427c+2c]


2026-06-04 17:25:01,855 | ERROR | Dummy-15 | 🔁 REPEAT worker 1 processo 906451248
2026-06-04 17:25:01,856 | ERROR | Dummy-15 | 📌 Motivo retry: Message: invalid session id: session deleted as the browser has closed the connection
from disconnected: not connected to DevTools
  (Session info: chrome=149.0.7827.53); For documentation on this error, please visit: https://www.selenium.dev/documentation/webdriver/troubleshooting/errors#invalidsessionidexception
Stacktrace:
	chromedriver!GetHandleVerifier [0x7ff6b78b33f5+14875]
	chromedriver!GetHandleVerifier [0x7ff6b78b3450+148d0]
	chromedriver!(No symbol) [0x7ff6b740778d]
	chromedriver!(No symbol) [0x7ff6b73f2c02]
	chromedriver!(No symbol) [0x7ff6b7418f0c]
	chromedriver!(No symbol) [0x7ff6b74913c0]
	chromedriver!(No symbol) [0x7ff6b74ae2ed]
	chromedriver!(No symbol) [0x7ff6b7453eb0]
	chromedriver!(No symbol) [0x7ff6b7454e23]
	chromedriver!GetHandleVerifier [0x7ff6b7e96c61+5f80e1]
	chromedriver!GetHandleVerifier [0x7ff6b7e90feb+5f246b]
	chromedriver!GetHandleVerifier [0x7ff6b7eb62d5+617755]
	chromedriver!GetHandleVerifier [0x7ff6b78d03ae+3182e]
	chromedriver!GetHandleVerifier [0x7ff6b78d8acc+39f4c]
	chromedriver!GetHandleVerifier [0x7ff6b78bcac4+1df44]
	chromedriver!GetHandleVerifier [0x7ff6b78bcc54+1e0d4]
	chromedriver!GetHandleVerifier [0x7ff6b78a0957+1dd7]
	KERNEL32!BaseThreadInitThunk [0x7ffc8eb9e957+17]
	ntdll!RtlUserThreadStart [0x7ffc8f58427c+2c]

2026-06-04 17:25:01,856 | ERROR | Dummy-15 | 📌 Tentativa atual: 1
2026-06-04 17:25:01,856 | ERROR | Dummy-15 | ⏳ Worker 1 aguardará 3s antes retry
2026-06-04 17:25:01,857 | ERROR | Dummy-15 | 🏁 Worker 1 finalizou
2026-06-04 17:25:01,860 | ERROR | MainThread | FINALIZAR worker 1 thread=MainThread
  File "E:\busca inpi\busca inpi\inpi_busca_codigo_limpo\main.py", line 47, in <module>
    sys.exit(app.exec_())
  File "E:\busca inpi\busca inpi\inpi_busca_codigo_limpo\core\worker_manager.py", line 108, in _finalizar_processo_atual
    f"{''.join(traceback.format_stack())}"

2026-06-04 17:25:01,862 | ERROR | MainThread | 📌 Processo atual antes limpar: None
2026-06-04 17:25:01,869 | ERROR | MainThread | 🔄 Agendando próximo processo worker 1
2026-06-04 17:25:01,871 | ERROR | MainThread | 🟡 _processar_proximo chamado Worker 1
2026-06-04 17:25:01,872 | ERROR | MainThread | 📦 Worker 1 fila restante: 4
2026-06-04 17:25:01,872 | ERROR | MainThread | 🚀 Worker 1 iniciou processo 906450985
2026-06-04 17:25:01,873 | ERROR | MainThread | 🧵 Worker thread START 1
2026-06-04 17:25:01,874 | ERROR | Dummy-31 | 🚀 Worker 1 iniciando
2026-06-04 17:25:01,875 | ERROR | Dummy-31 | 🚀 PIPELINE START worker 1 | 906450985
2026-06-04 17:25:01,876 | ERROR | Dummy-31 | LOGIN 1
2026-06-04 17:25:01,876 | ERROR | Dummy-31 | GARANTIR LOGIN INICIO
2026-06-04 17:25:01,876 | ERROR | Dummy-31 | <selenium.webdriver.chrome.webdriver.WebDriver (session="8434c24134ed3767626ff7b0afc9c07d")>
2026-06-04 17:25:01,876 | ERROR | Dummy-31 | 8434c24134ed3767626ff7b0afc9c07d
2026-06-04 17:25:01,877 | ERROR | Dummy-31 | ANTES DO FINDELEMENT
2026-06-04 17:25:01,877 | ERROR | Dummy-31 | LOGIN 2
2026-06-04 17:25:01,885 | ERROR | Dummy-31 | Traceback (most recent call last):
  File "E:\busca inpi\busca inpi\inpi_busca_codigo_limpo\core\processo_manager.py", line 330, in abrir_detalhe_processo
    self.garantir_login(driver)
    ~~~~~~~~~~~~~~~~~~~^^^^^^^^
  File "E:\busca inpi\busca inpi\inpi_busca_codigo_limpo\core\login_manager.py", line 62, in garantir_login
    wait_element(
    ~~~~~~~~~~~~^
        self,
        ^^^^^
    ...<2 lines>...
        timeout=5
        ^^^^^^^^^
    )
    ^
  File "E:\busca inpi\busca inpi\inpi_busca_codigo_limpo\core\network_utils.py", line 39, in wait_element
    return WebDriverWait(driver, timeout).until(
           ~~~~~~~~~~~~~~~~~~~~~~~~~~~~~~~~~~~~^
        EC.presence_of_element_located(locator)
        ^^^^^^^^^^^^^^^^^^^^^^^^^^^^^^^^^^^^^^^
    )
    ^
  File "E:\busca inpi\busca inpi\inpi_busca_codigo_limpo\venv\Lib\site-packages\selenium\webdriver\support\wait.py", line 112, in until
    value = method(self._driver)
  File "E:\busca inpi\busca inpi\inpi_busca_codigo_limpo\venv\Lib\site-packages\selenium\webdriver\support\expected_conditions.py", line 92, in _predicate
    return driver.find_element(*locator)
           ~~~~~~~~~~~~~~~~~~~^^^^^^^^^^
  File "E:\busca inpi\busca inpi\inpi_busca_codigo_limpo\venv\Lib\site-packages\selenium\webdriver\remote\webdriver.py", line 868, in find_element
    return self.execute(Command.FIND_ELEMENT, {"using": by, "value": value})["value"]
           ~~~~~~~~~~~~^^^^^^^^^^^^^^^^^^^^^^^^^^^^^^^^^^^^^^^^^^^^^^^^^^^^^
  File "E:\busca inpi\busca inpi\inpi_busca_codigo_limpo\venv\Lib\site-packages\selenium\webdriver\remote\webdriver.py", line 468, in execute
    self.error_handler.check_response(response)
    ~~~~~~~~~~~~~~~~~~~~~~~~~~~~~~~~~^^^^^^^^^^
  File "E:\busca inpi\busca inpi\inpi_busca_codigo_limpo\venv\Lib\site-packages\selenium\webdriver\remote\errorhandler.py", line 232, in check_response
    raise exception_class(message, screen, stacktrace)
selenium.common.exceptions.InvalidSessionIdException: Message: invalid session id; For documentation on this error, please visit: https://www.selenium.dev/documentation/webdriver/troubleshooting/errors#invalidsessionidexception
Stacktrace:
	chromedriver!GetHandleVerifier [0x7ff6b78b33f5+14875]
	chromedriver!GetHandleVerifier [0x7ff6b78b3450+148d0]
	chromedriver!(No symbol) [0x7ff6b7407576]
	chromedriver!(No symbol) [0x7ff6b7452ea6]
	chromedriver!(No symbol) [0x7ff6b748a182]
	chromedriver!(No symbol) [0x7ff6b7483f82]
	chromedriver!(No symbol) [0x7ff6b7483742]
	chromedriver!(No symbol) [0x7ff6b73d0255]
	chromedriver!GetHandleVerifier [0x7ff6b7e96c61+5f80e1]
	chromedriver!GetHandleVerifier [0x7ff6b7e90feb+5f246b]
	chromedriver!GetHandleVerifier [0x7ff6b7eb62d5+617755]
	chromedriver!GetHandleVerifier [0x7ff6b78d03ae+3182e]
	chromedriver!GetHandleVerifier [0x7ff6b78d8acc+39f4c]
	chromedriver!(No symbol) [0x7ff6b73ceff8]
	chromedriver!GetHandleVerifier [0x7ff6b806f328+7d07a8]
	KERNEL32!BaseThreadInitThunk [0x7ffc8eb9e957+17]
	ntdll!RtlUserThreadStart [0x7ffc8f58427c+2c]


2026-06-04 17:25:01,903 | ERROR | Dummy-31 | 🔁 REPEAT worker 1 processo 906450985
2026-06-04 17:25:01,904 | ERROR | Dummy-31 | 📌 Motivo retry: Message: invalid session id; For documentation on this error, please visit: https://www.selenium.dev/documentation/webdriver/troubleshooting/errors#invalidsessionidexception
Stacktrace:
	chromedriver!GetHandleVerifier [0x7ff6b78b33f5+14875]
	chromedriver!GetHandleVerifier [0x7ff6b78b3450+148d0]
	chromedriver!(No symbol) [0x7ff6b7407576]
	chromedriver!(No symbol) [0x7ff6b7452ea6]
	chromedriver!(No symbol) [0x7ff6b748a182]
	chromedriver!(No symbol) [0x7ff6b7483f82]
	chromedriver!(No symbol) [0x7ff6b7483742]
	chromedriver!(No symbol) [0x7ff6b73d0255]
	chromedriver!GetHandleVerifier [0x7ff6b7e96c61+5f80e1]
	chromedriver!GetHandleVerifier [0x7ff6b7e90feb+5f246b]
	chromedriver!GetHandleVerifier [0x7ff6b7eb62d5+617755]
	chromedriver!GetHandleVerifier [0x7ff6b78d03ae+3182e]
	chromedriver!GetHandleVerifier [0x7ff6b78d8acc+39f4c]
	chromedriver!(No symbol) [0x7ff6b73ceff8]
	chromedriver!GetHandleVerifier [0x7ff6b806f328+7d07a8]
	KERNEL32!BaseThreadInitThunk [0x7ffc8eb9e957+17]
	ntdll!RtlUserThreadStart [0x7ffc8f58427c+2c]

2026-06-04 17:25:01,905 | ERROR | Dummy-31 | 📌 Tentativa atual: 1
2026-06-04 17:25:01,905 | ERROR | Dummy-31 | ⏳ Worker 1 aguardará 3s antes retry
2026-06-04 17:25:01,906 | ERROR | Dummy-31 | 🏁 Worker 1 finalizou
2026-06-04 17:25:01,909 | ERROR | MainThread | FINALIZAR worker 1 thread=MainThread
  File "E:\busca inpi\busca inpi\inpi_busca_codigo_limpo\main.py", line 47, in <module>
    sys.exit(app.exec_())
  File "E:\busca inpi\busca inpi\inpi_busca_codigo_limpo\core\worker_manager.py", line 108, in _finalizar_processo_atual
    f"{''.join(traceback.format_stack())}"

2026-06-04 17:25:01,909 | ERROR | MainThread | 📌 Processo atual antes limpar: None
2026-06-04 17:25:01,910 | ERROR | MainThread | 🔄 Agendando próximo processo worker 1
2026-06-04 17:25:01,910 | ERROR | MainThread | 🟡 _processar_proximo chamado Worker 1
2026-06-04 17:25:01,910 | ERROR | MainThread | 📦 Worker 1 fila restante: 3
2026-06-04 17:25:01,911 | ERROR | MainThread | 🚀 Worker 1 iniciou processo 906450713
2026-06-04 17:25:01,911 | ERROR | MainThread | 🧵 Worker thread START 1
2026-06-04 17:25:01,912 | ERROR | Dummy-32 | 🚀 Worker 1 iniciando
2026-06-04 17:25:01,912 | ERROR | Dummy-32 | 🚀 PIPELINE START worker 1 | 906450713
2026-06-04 17:25:01,912 | ERROR | Dummy-32 | LOGIN 1
2026-06-04 17:25:01,913 | ERROR | Dummy-32 | GARANTIR LOGIN INICIO
2026-06-04 17:25:01,913 | ERROR | Dummy-32 | <selenium.webdriver.chrome.webdriver.WebDriver (session="8434c24134ed3767626ff7b0afc9c07d")>
2026-06-04 17:25:01,913 | ERROR | Dummy-32 | 8434c24134ed3767626ff7b0afc9c07d
2026-06-04 17:25:01,913 | ERROR | Dummy-32 | ANTES DO FINDELEMENT
2026-06-04 17:25:01,913 | ERROR | Dummy-32 | LOGIN 2
2026-06-04 17:25:01,920 | ERROR | Dummy-32 | Traceback (most recent call last):
  File "E:\busca inpi\busca inpi\inpi_busca_codigo_limpo\core\processo_manager.py", line 330, in abrir_detalhe_processo
    self.garantir_login(driver)
    ~~~~~~~~~~~~~~~~~~~^^^^^^^^
  File "E:\busca inpi\busca inpi\inpi_busca_codigo_limpo\core\login_manager.py", line 62, in garantir_login
    wait_element(
    ~~~~~~~~~~~~^
        self,
        ^^^^^
    ...<2 lines>...
        timeout=5
        ^^^^^^^^^
    )
    ^
  File "E:\busca inpi\busca inpi\inpi_busca_codigo_limpo\core\network_utils.py", line 39, in wait_element
    return WebDriverWait(driver, timeout).until(
           ~~~~~~~~~~~~~~~~~~~~~~~~~~~~~~~~~~~~^
        EC.presence_of_element_located(locator)
        ^^^^^^^^^^^^^^^^^^^^^^^^^^^^^^^^^^^^^^^
    )
    ^
  File "E:\busca inpi\busca inpi\inpi_busca_codigo_limpo\venv\Lib\site-packages\selenium\webdriver\support\wait.py", line 112, in until
    value = method(self._driver)
  File "E:\busca inpi\busca inpi\inpi_busca_codigo_limpo\venv\Lib\site-packages\selenium\webdriver\support\expected_conditions.py", line 92, in _predicate
    return driver.find_element(*locator)
           ~~~~~~~~~~~~~~~~~~~^^^^^^^^^^
  File "E:\busca inpi\busca inpi\inpi_busca_codigo_limpo\venv\Lib\site-packages\selenium\webdriver\remote\webdriver.py", line 868, in find_element
    return self.execute(Command.FIND_ELEMENT, {"using": by, "value": value})["value"]
           ~~~~~~~~~~~~^^^^^^^^^^^^^^^^^^^^^^^^^^^^^^^^^^^^^^^^^^^^^^^^^^^^^
  File "E:\busca inpi\busca inpi\inpi_busca_codigo_limpo\venv\Lib\site-packages\selenium\webdriver\remote\webdriver.py", line 468, in execute
    self.error_handler.check_response(response)
    ~~~~~~~~~~~~~~~~~~~~~~~~~~~~~~~~~^^^^^^^^^^
  File "E:\busca inpi\busca inpi\inpi_busca_codigo_limpo\venv\Lib\site-packages\selenium\webdriver\remote\errorhandler.py", line 232, in check_response
    raise exception_class(message, screen, stacktrace)
selenium.common.exceptions.InvalidSessionIdException: Message: invalid session id; For documentation on this error, please visit: https://www.selenium.dev/documentation/webdriver/troubleshooting/errors#invalidsessionidexception
Stacktrace:
	chromedriver!GetHandleVerifier [0x7ff6b78b33f5+14875]
	chromedriver!GetHandleVerifier [0x7ff6b78b3450+148d0]
	chromedriver!(No symbol) [0x7ff6b7407576]
	chromedriver!(No symbol) [0x7ff6b7452ea6]
	chromedriver!(No symbol) [0x7ff6b748a182]
	chromedriver!(No symbol) [0x7ff6b7483f82]
	chromedriver!(No symbol) [0x7ff6b7483742]
	chromedriver!(No symbol) [0x7ff6b73d0255]
	chromedriver!GetHandleVerifier [0x7ff6b7e96c61+5f80e1]
	chromedriver!GetHandleVerifier [0x7ff6b7e90feb+5f246b]
	chromedriver!GetHandleVerifier [0x7ff6b7eb62d5+617755]
	chromedriver!GetHandleVerifier [0x7ff6b78d03ae+3182e]
	chromedriver!GetHandleVerifier [0x7ff6b78d8acc+39f4c]
	chromedriver!(No symbol) [0x7ff6b73ceff8]
	chromedriver!GetHandleVerifier [0x7ff6b806f328+7d07a8]
	KERNEL32!BaseThreadInitThunk [0x7ffc8eb9e957+17]
	ntdll!RtlUserThreadStart [0x7ffc8f58427c+2c]


2026-06-04 17:25:01,938 | ERROR | Dummy-32 | 🔁 REPEAT worker 1 processo 906450713
2026-06-04 17:25:01,938 | ERROR | Dummy-32 | 📌 Motivo retry: Message: invalid session id; For documentation on this error, please visit: https://www.selenium.dev/documentation/webdriver/troubleshooting/errors#invalidsessionidexception
Stacktrace:
	chromedriver!GetHandleVerifier [0x7ff6b78b33f5+14875]
	chromedriver!GetHandleVerifier [0x7ff6b78b3450+148d0]
	chromedriver!(No symbol) [0x7ff6b7407576]
	chromedriver!(No symbol) [0x7ff6b7452ea6]
	chromedriver!(No symbol) [0x7ff6b748a182]
	chromedriver!(No symbol) [0x7ff6b7483f82]
	chromedriver!(No symbol) [0x7ff6b7483742]
	chromedriver!(No symbol) [0x7ff6b73d0255]
	chromedriver!GetHandleVerifier [0x7ff6b7e96c61+5f80e1]
	chromedriver!GetHandleVerifier [0x7ff6b7e90feb+5f246b]
	chromedriver!GetHandleVerifier [0x7ff6b7eb62d5+617755]
	chromedriver!GetHandleVerifier [0x7ff6b78d03ae+3182e]
	chromedriver!GetHandleVerifier [0x7ff6b78d8acc+39f4c]
	chromedriver!(No symbol) [0x7ff6b73ceff8]
	chromedriver!GetHandleVerifier [0x7ff6b806f328+7d07a8]
	KERNEL32!BaseThreadInitThunk [0x7ffc8eb9e957+17]
	ntdll!RtlUserThreadStart [0x7ffc8f58427c+2c]

2026-06-04 17:25:01,938 | ERROR | Dummy-32 | 📌 Tentativa atual: 1
2026-06-04 17:25:01,939 | ERROR | Dummy-32 | ⏳ Worker 1 aguardará 3s antes retry
2026-06-04 17:25:01,939 | ERROR | Dummy-32 | 🏁 Worker 1 finalizou
2026-06-04 17:25:01,945 | ERROR | MainThread | FINALIZAR worker 1 thread=MainThread
  File "E:\busca inpi\busca inpi\inpi_busca_codigo_limpo\main.py", line 47, in <module>
    sys.exit(app.exec_())
  File "E:\busca inpi\busca inpi\inpi_busca_codigo_limpo\core\worker_manager.py", line 108, in _finalizar_processo_atual
    f"{''.join(traceback.format_stack())}"

2026-06-04 17:25:01,946 | ERROR | MainThread | 📌 Processo atual antes limpar: None
2026-06-04 17:25:01,946 | ERROR | MainThread | 🔄 Agendando próximo processo worker 1
2026-06-04 17:25:01,948 | ERROR | Thread-8 (_loop_monitor_captcha) | Worker 1 perdeu conexão real: Message: invalid session id; For documentation on this error, please visit: https://www.selenium.dev/documentation/webdriver/troubleshooting/errors#invalidsessionidexception
Stacktrace:
	chromedriver!GetHandleVerifier [0x7ff6b78b33f5+14875]
	chromedriver!GetHandleVerifier [0x7ff6b78b3450+148d0]
	chromedriver!(No symbol) [0x7ff6b7407576]
	chromedriver!(No symbol) [0x7ff6b7452ea6]
	chromedriver!(No symbol) [0x7ff6b748a182]
	chromedriver!(No symbol) [0x7ff6b7483f82]
	chromedriver!(No symbol) [0x7ff6b7483742]
	chromedriver!(No symbol) [0x7ff6b73d0255]
	chromedriver!GetHandleVerifier [0x7ff6b7e96c61+5f80e1]
	chromedriver!GetHandleVerifier [0x7ff6b7e90feb+5f246b]
	chromedriver!GetHandleVerifier [0x7ff6b7eb62d5+617755]
	chromedriver!GetHandleVerifier [0x7ff6b78d03ae+3182e]
	chromedriver!GetHandleVerifier [0x7ff6b78d8acc+39f4c]
	chromedriver!(No symbol) [0x7ff6b73ceff8]
	chromedriver!GetHandleVerifier [0x7ff6b806f328+7d07a8]
	KERNEL32!BaseThreadInitThunk [0x7ffc8eb9e957+17]
	ntdll!RtlUserThreadStart [0x7ffc8f58427c+2c]

2026-06-04 17:25:01,949 | ERROR | MainThread | 🟡 _processar_proximo chamado Worker 1
2026-06-04 17:25:01,950 | ERROR | MainThread | 📦 Worker 1 fila restante: 2
2026-06-04 17:25:01,951 | ERROR | Thread-8 (_loop_monitor_captcha) | Worker 2 perdeu conexão real: Message: invalid session id; For documentation on this error, please visit: https://www.selenium.dev/documentation/webdriver/troubleshooting/errors#invalidsessionidexception
Stacktrace:
	chromedriver!GetHandleVerifier [0x7ff6b78b33f5+14875]
	chromedriver!GetHandleVerifier [0x7ff6b78b3450+148d0]
	chromedriver!(No symbol) [0x7ff6b7407576]
	chromedriver!(No symbol) [0x7ff6b7452ea6]
	chromedriver!(No symbol) [0x7ff6b748a182]
	chromedriver!(No symbol) [0x7ff6b7483f82]
	chromedriver!(No symbol) [0x7ff6b7483742]
	chromedriver!(No symbol) [0x7ff6b73d0255]
	chromedriver!GetHandleVerifier [0x7ff6b7e96c61+5f80e1]
	chromedriver!GetHandleVerifier [0x7ff6b7e90feb+5f246b]
	chromedriver!GetHandleVerifier [0x7ff6b7eb62d5+617755]
	chromedriver!GetHandleVerifier [0x7ff6b78d03ae+3182e]
	chromedriver!GetHandleVerifier [0x7ff6b78d8acc+39f4c]
	chromedriver!(No symbol) [0x7ff6b73ceff8]
	chromedriver!GetHandleVerifier [0x7ff6b806f328+7d07a8]
	KERNEL32!BaseThreadInitThunk [0x7ffc8eb9e957+17]
	ntdll!RtlUserThreadStart [0x7ffc8f58427c+2c]

2026-06-04 17:25:01,952 | ERROR | MainThread | 🚀 Worker 1 iniciou processo 906450268
2026-06-04 17:25:01,953 | ERROR | MainThread | 🧵 Worker thread START 1
2026-06-04 17:25:01,955 | ERROR | Thread-8 (_loop_monitor_captcha) | Worker 3 perdeu conexão real: Message: invalid session id; For documentation on this error, please visit: https://www.selenium.dev/documentation/webdriver/troubleshooting/errors#invalidsessionidexception
Stacktrace:
	chromedriver!GetHandleVerifier [0x7ff6b78b33f5+14875]
	chromedriver!GetHandleVerifier [0x7ff6b78b3450+148d0]
	chromedriver!(No symbol) [0x7ff6b7407576]
	chromedriver!(No symbol) [0x7ff6b7452ea6]
	chromedriver!(No symbol) [0x7ff6b748a182]
	chromedriver!(No symbol) [0x7ff6b7483f82]
	chromedriver!(No symbol) [0x7ff6b7483742]
	chromedriver!(No symbol) [0x7ff6b73d0255]
	chromedriver!GetHandleVerifier [0x7ff6b7e96c61+5f80e1]
	chromedriver!GetHandleVerifier [0x7ff6b7e90feb+5f246b]
	chromedriver!GetHandleVerifier [0x7ff6b7eb62d5+617755]
	chromedriver!GetHandleVerifier [0x7ff6b78d03ae+3182e]
	chromedriver!GetHandleVerifier [0x7ff6b78d8acc+39f4c]
	chromedriver!(No symbol) [0x7ff6b73ceff8]
	chromedriver!GetHandleVerifier [0x7ff6b806f328+7d07a8]
	KERNEL32!BaseThreadInitThunk [0x7ffc8eb9e957+17]
	ntdll!RtlUserThreadStart [0x7ffc8f58427c+2c]

2026-06-04 17:25:01,955 | ERROR | Dummy-33 | 🚀 Worker 1 iniciando
2026-06-04 17:25:01,956 | ERROR | Dummy-33 | 🚀 PIPELINE START worker 1 | 906450268
2026-06-04 17:25:01,956 | ERROR | Dummy-33 | LOGIN 1
2026-06-04 17:25:01,956 | ERROR | Dummy-33 | GARANTIR LOGIN INICIO
2026-06-04 17:25:01,956 | ERROR | Dummy-33 | <selenium.webdriver.chrome.webdriver.WebDriver (session="8434c24134ed3767626ff7b0afc9c07d")>
2026-06-04 17:25:01,957 | ERROR | Dummy-33 | 8434c24134ed3767626ff7b0afc9c07d
2026-06-04 17:25:01,957 | ERROR | Dummy-33 | ANTES DO FINDELEMENT
2026-06-04 17:25:01,957 | ERROR | Dummy-33 | LOGIN 2
2026-06-04 17:25:01,970 | ERROR | Dummy-33 | Traceback (most recent call last):
  File "E:\busca inpi\busca inpi\inpi_busca_codigo_limpo\core\processo_manager.py", line 330, in abrir_detalhe_processo
    self.garantir_login(driver)
    ~~~~~~~~~~~~~~~~~~~^^^^^^^^
  File "E:\busca inpi\busca inpi\inpi_busca_codigo_limpo\core\login_manager.py", line 62, in garantir_login
    wait_element(
    ~~~~~~~~~~~~^
        self,
        ^^^^^
    ...<2 lines>...
        timeout=5
        ^^^^^^^^^
    )
    ^
  File "E:\busca inpi\busca inpi\inpi_busca_codigo_limpo\core\network_utils.py", line 39, in wait_element
    return WebDriverWait(driver, timeout).until(
           ~~~~~~~~~~~~~~~~~~~~~~~~~~~~~~~~~~~~^
        EC.presence_of_element_located(locator)
        ^^^^^^^^^^^^^^^^^^^^^^^^^^^^^^^^^^^^^^^
    )
    ^
  File "E:\busca inpi\busca inpi\inpi_busca_codigo_limpo\venv\Lib\site-packages\selenium\webdriver\support\wait.py", line 112, in until
    value = method(self._driver)
  File "E:\busca inpi\busca inpi\inpi_busca_codigo_limpo\venv\Lib\site-packages\selenium\webdriver\support\expected_conditions.py", line 92, in _predicate
    return driver.find_element(*locator)
           ~~~~~~~~~~~~~~~~~~~^^^^^^^^^^
  File "E:\busca inpi\busca inpi\inpi_busca_codigo_limpo\venv\Lib\site-packages\selenium\webdriver\remote\webdriver.py", line 868, in find_element
    return self.execute(Command.FIND_ELEMENT, {"using": by, "value": value})["value"]
           ~~~~~~~~~~~~^^^^^^^^^^^^^^^^^^^^^^^^^^^^^^^^^^^^^^^^^^^^^^^^^^^^^
  File "E:\busca inpi\busca inpi\inpi_busca_codigo_limpo\venv\Lib\site-packages\selenium\webdriver\remote\webdriver.py", line 468, in execute
    self.error_handler.check_response(response)
    ~~~~~~~~~~~~~~~~~~~~~~~~~~~~~~~~~^^^^^^^^^^
  File "E:\busca inpi\busca inpi\inpi_busca_codigo_limpo\venv\Lib\site-packages\selenium\webdriver\remote\errorhandler.py", line 232, in check_response
    raise exception_class(message, screen, stacktrace)
selenium.common.exceptions.InvalidSessionIdException: Message: invalid session id; For documentation on this error, please visit: https://www.selenium.dev/documentation/webdriver/troubleshooting/errors#invalidsessionidexception
Stacktrace:
	chromedriver!GetHandleVerifier [0x7ff6b78b33f5+14875]
	chromedriver!GetHandleVerifier [0x7ff6b78b3450+148d0]
	chromedriver!(No symbol) [0x7ff6b7407576]
	chromedriver!(No symbol) [0x7ff6b7452ea6]
	chromedriver!(No symbol) [0x7ff6b748a182]
	chromedriver!(No symbol) [0x7ff6b7483f82]
	chromedriver!(No symbol) [0x7ff6b7483742]
	chromedriver!(No symbol) [0x7ff6b73d0255]
	chromedriver!GetHandleVerifier [0x7ff6b7e96c61+5f80e1]
	chromedriver!GetHandleVerifier [0x7ff6b7e90feb+5f246b]
	chromedriver!GetHandleVerifier [0x7ff6b7eb62d5+617755]
	chromedriver!GetHandleVerifier [0x7ff6b78d03ae+3182e]
	chromedriver!GetHandleVerifier [0x7ff6b78d8acc+39f4c]
	chromedriver!(No symbol) [0x7ff6b73ceff8]
	chromedriver!GetHandleVerifier [0x7ff6b806f328+7d07a8]
	KERNEL32!BaseThreadInitThunk [0x7ffc8eb9e957+17]
	ntdll!RtlUserThreadStart [0x7ffc8f58427c+2c]


2026-06-04 17:25:01,984 | ERROR | Dummy-33 | 🔁 REPEAT worker 1 processo 906450268
2026-06-04 17:25:01,984 | ERROR | Dummy-33 | 📌 Motivo retry: Message: invalid session id; For documentation on this error, please visit: https://www.selenium.dev/documentation/webdriver/troubleshooting/errors#invalidsessionidexception
Stacktrace:
	chromedriver!GetHandleVerifier [0x7ff6b78b33f5+14875]
	chromedriver!GetHandleVerifier [0x7ff6b78b3450+148d0]
	chromedriver!(No symbol) [0x7ff6b7407576]
	chromedriver!(No symbol) [0x7ff6b7452ea6]
	chromedriver!(No symbol) [0x7ff6b748a182]
	chromedriver!(No symbol) [0x7ff6b7483f82]
	chromedriver!(No symbol) [0x7ff6b7483742]
	chromedriver!(No symbol) [0x7ff6b73d0255]
	chromedriver!GetHandleVerifier [0x7ff6b7e96c61+5f80e1]
	chromedriver!GetHandleVerifier [0x7ff6b7e90feb+5f246b]
	chromedriver!GetHandleVerifier [0x7ff6b7eb62d5+617755]
	chromedriver!GetHandleVerifier [0x7ff6b78d03ae+3182e]
	chromedriver!GetHandleVerifier [0x7ff6b78d8acc+39f4c]
	chromedriver!(No symbol) [0x7ff6b73ceff8]
	chromedriver!GetHandleVerifier [0x7ff6b806f328+7d07a8]
	KERNEL32!BaseThreadInitThunk [0x7ffc8eb9e957+17]
	ntdll!RtlUserThreadStart [0x7ffc8f58427c+2c]

2026-06-04 17:25:01,985 | ERROR | Dummy-33 | 📌 Tentativa atual: 1
2026-06-04 17:25:01,985 | ERROR | Dummy-33 | ⏳ Worker 1 aguardará 3s antes retry
2026-06-04 17:25:01,985 | ERROR | Dummy-33 | 🏁 Worker 1 finalizou
2026-06-04 17:25:01,990 | ERROR | MainThread | FINALIZAR worker 1 thread=MainThread
  File "E:\busca inpi\busca inpi\inpi_busca_codigo_limpo\main.py", line 47, in <module>
    sys.exit(app.exec_())
  File "E:\busca inpi\busca inpi\inpi_busca_codigo_limpo\core\worker_manager.py", line 108, in _finalizar_processo_atual
    f"{''.join(traceback.format_stack())}"

2026-06-04 17:25:01,990 | ERROR | MainThread | 📌 Processo atual antes limpar: None
2026-06-04 17:25:01,991 | ERROR | MainThread | 🔄 Agendando próximo processo worker 1
2026-06-04 17:25:01,992 | ERROR | MainThread | 🟡 _processar_proximo chamado Worker 1
2026-06-04 17:25:01,992 | ERROR | MainThread | 📦 Worker 1 fila restante: 1
2026-06-04 17:25:01,992 | ERROR | MainThread | 🚀 Worker 1 iniciou processo 906450055
2026-06-04 17:25:01,992 | ERROR | MainThread | 🧵 Worker thread START 1
2026-06-04 17:25:01,994 | ERROR | Dummy-34 | 🚀 Worker 1 iniciando
2026-06-04 17:25:02,000 | ERROR | Dummy-34 | 🚀 PIPELINE START worker 1 | 906450055
2026-06-04 17:25:02,004 | ERROR | Dummy-34 | LOGIN 1
2026-06-04 17:25:02,005 | ERROR | Dummy-34 | GARANTIR LOGIN INICIO
2026-06-04 17:25:02,005 | ERROR | Dummy-34 | <selenium.webdriver.chrome.webdriver.WebDriver (session="8434c24134ed3767626ff7b0afc9c07d")>
2026-06-04 17:25:02,005 | ERROR | Dummy-34 | 8434c24134ed3767626ff7b0afc9c07d
2026-06-04 17:25:02,005 | ERROR | Dummy-34 | ANTES DO FINDELEMENT
2026-06-04 17:25:02,005 | ERROR | Dummy-34 | LOGIN 2
2026-06-04 17:25:02,009 | ERROR | Dummy-34 | Traceback (most recent call last):
  File "E:\busca inpi\busca inpi\inpi_busca_codigo_limpo\core\processo_manager.py", line 330, in abrir_detalhe_processo
    self.garantir_login(driver)
    ~~~~~~~~~~~~~~~~~~~^^^^^^^^
  File "E:\busca inpi\busca inpi\inpi_busca_codigo_limpo\core\login_manager.py", line 62, in garantir_login
    wait_element(
    ~~~~~~~~~~~~^
        self,
        ^^^^^
    ...<2 lines>...
        timeout=5
        ^^^^^^^^^
    )
    ^
  File "E:\busca inpi\busca inpi\inpi_busca_codigo_limpo\core\network_utils.py", line 39, in wait_element
    return WebDriverWait(driver, timeout).until(
           ~~~~~~~~~~~~~~~~~~~~~~~~~~~~~~~~~~~~^
        EC.presence_of_element_located(locator)
        ^^^^^^^^^^^^^^^^^^^^^^^^^^^^^^^^^^^^^^^
    )
    ^
  File "E:\busca inpi\busca inpi\inpi_busca_codigo_limpo\venv\Lib\site-packages\selenium\webdriver\support\wait.py", line 112, in until
    value = method(self._driver)
  File "E:\busca inpi\busca inpi\inpi_busca_codigo_limpo\venv\Lib\site-packages\selenium\webdriver\support\expected_conditions.py", line 92, in _predicate
    return driver.find_element(*locator)
           ~~~~~~~~~~~~~~~~~~~^^^^^^^^^^
  File "E:\busca inpi\busca inpi\inpi_busca_codigo_limpo\venv\Lib\site-packages\selenium\webdriver\remote\webdriver.py", line 868, in find_element
    return self.execute(Command.FIND_ELEMENT, {"using": by, "value": value})["value"]
           ~~~~~~~~~~~~^^^^^^^^^^^^^^^^^^^^^^^^^^^^^^^^^^^^^^^^^^^^^^^^^^^^^
  File "E:\busca inpi\busca inpi\inpi_busca_codigo_limpo\venv\Lib\site-packages\selenium\webdriver\remote\webdriver.py", line 468, in execute
    self.error_handler.check_response(response)
    ~~~~~~~~~~~~~~~~~~~~~~~~~~~~~~~~~^^^^^^^^^^
  File "E:\busca inpi\busca inpi\inpi_busca_codigo_limpo\venv\Lib\site-packages\selenium\webdriver\remote\errorhandler.py", line 232, in check_response
    raise exception_class(message, screen, stacktrace)
selenium.common.exceptions.InvalidSessionIdException: Message: invalid session id; For documentation on this error, please visit: https://www.selenium.dev/documentation/webdriver/troubleshooting/errors#invalidsessionidexception
Stacktrace:
	chromedriver!GetHandleVerifier [0x7ff6b78b33f5+14875]
	chromedriver!GetHandleVerifier [0x7ff6b78b3450+148d0]
	chromedriver!(No symbol) [0x7ff6b7407576]
	chromedriver!(No symbol) [0x7ff6b7452ea6]
	chromedriver!(No symbol) [0x7ff6b748a182]
	chromedriver!(No symbol) [0x7ff6b7483f82]
	chromedriver!(No symbol) [0x7ff6b7483742]
	chromedriver!(No symbol) [0x7ff6b73d0255]
	chromedriver!GetHandleVerifier [0x7ff6b7e96c61+5f80e1]
	chromedriver!GetHandleVerifier [0x7ff6b7e90feb+5f246b]
	chromedriver!GetHandleVerifier [0x7ff6b7eb62d5+617755]
	chromedriver!GetHandleVerifier [0x7ff6b78d03ae+3182e]
	chromedriver!GetHandleVerifier [0x7ff6b78d8acc+39f4c]
	chromedriver!(No symbol) [0x7ff6b73ceff8]
	chromedriver!GetHandleVerifier [0x7ff6b806f328+7d07a8]
	KERNEL32!BaseThreadInitThunk [0x7ffc8eb9e957+17]
	ntdll!RtlUserThreadStart [0x7ffc8f58427c+2c]


2026-06-04 17:25:02,020 | ERROR | Dummy-34 | 🔁 REPEAT worker 1 processo 906450055
2026-06-04 17:25:02,021 | ERROR | Dummy-34 | 📌 Motivo retry: Message: invalid session id; For documentation on this error, please visit: https://www.selenium.dev/documentation/webdriver/troubleshooting/errors#invalidsessionidexception
Stacktrace:
	chromedriver!GetHandleVerifier [0x7ff6b78b33f5+14875]
	chromedriver!GetHandleVerifier [0x7ff6b78b3450+148d0]
	chromedriver!(No symbol) [0x7ff6b7407576]
	chromedriver!(No symbol) [0x7ff6b7452ea6]
	chromedriver!(No symbol) [0x7ff6b748a182]
	chromedriver!(No symbol) [0x7ff6b7483f82]
	chromedriver!(No symbol) [0x7ff6b7483742]
	chromedriver!(No symbol) [0x7ff6b73d0255]
	chromedriver!GetHandleVerifier [0x7ff6b7e96c61+5f80e1]
	chromedriver!GetHandleVerifier [0x7ff6b7e90feb+5f246b]
	chromedriver!GetHandleVerifier [0x7ff6b7eb62d5+617755]
	chromedriver!GetHandleVerifier [0x7ff6b78d03ae+3182e]
	chromedriver!GetHandleVerifier [0x7ff6b78d8acc+39f4c]
	chromedriver!(No symbol) [0x7ff6b73ceff8]
	chromedriver!GetHandleVerifier [0x7ff6b806f328+7d07a8]
	KERNEL32!BaseThreadInitThunk [0x7ffc8eb9e957+17]
	ntdll!RtlUserThreadStart [0x7ffc8f58427c+2c]

2026-06-04 17:25:02,021 | ERROR | Dummy-34 | 📌 Tentativa atual: 1
2026-06-04 17:25:02,022 | ERROR | Dummy-34 | ⏳ Worker 1 aguardará 3s antes retry
2026-06-04 17:25:02,022 | ERROR | Dummy-34 | 🏁 Worker 1 finalizou
2026-06-04 17:25:02,023 | ERROR | MainThread | FINALIZAR worker 1 thread=MainThread
  File "E:\busca inpi\busca inpi\inpi_busca_codigo_limpo\main.py", line 47, in <module>
    sys.exit(app.exec_())
  File "E:\busca inpi\busca inpi\inpi_busca_codigo_limpo\core\worker_manager.py", line 108, in _finalizar_processo_atual
    f"{''.join(traceback.format_stack())}"

2026-06-04 17:25:02,024 | ERROR | MainThread | 📌 Processo atual antes limpar: None
2026-06-04 17:25:02,024 | ERROR | MainThread | 🔄 Agendando próximo processo worker 1
2026-06-04 17:25:02,024 | ERROR | MainThread | 🟡 _processar_proximo chamado Worker 1
2026-06-04 17:25:02,024 | ERROR | MainThread | 📦 Worker 1 fila restante: 0
2026-06-04 17:25:02,024 | ERROR | MainThread | 🏁 Worker 1 finalizou fila
2026-06-04 17:25:02,632 | ERROR | Thread-7 (_loop_solver_button) | Erro PyAutoGUI: expected an image filename, OpenCV numpy array, or PIL image
2026-06-04 17:25:02,692 | ERROR | Thread-7 (_loop_solver_button) | TypeError('expected an image filename, OpenCV numpy array, or PIL image')
2026-06-04 17:25:03,533 | ERROR | Thread-7 (_loop_solver_button) | Erro PyAutoGUI: expected an image filename, OpenCV numpy array, or PIL image
2026-06-04 17:25:03,572 | ERROR | Thread-7 (_loop_solver_button) | TypeError('expected an image filename, OpenCV numpy array, or PIL image')
2026-06-04 17:25:03,957 | ERROR | Thread-8 (_loop_monitor_captcha) | Worker 1 perdeu conexão real: Message: invalid session id; For documentation on this error, please visit: https://www.selenium.dev/documentation/webdriver/troubleshooting/errors#invalidsessionidexception
Stacktrace:
	chromedriver!GetHandleVerifier [0x7ff6b78b33f5+14875]
	chromedriver!GetHandleVerifier [0x7ff6b78b3450+148d0]
	chromedriver!(No symbol) [0x7ff6b7407576]
	chromedriver!(No symbol) [0x7ff6b7452ea6]
	chromedriver!(No symbol) [0x7ff6b748a182]
	chromedriver!(No symbol) [0x7ff6b7483f82]
	chromedriver!(No symbol) [0x7ff6b7483742]
	chromedriver!(No symbol) [0x7ff6b73d0255]
	chromedriver!GetHandleVerifier [0x7ff6b7e96c61+5f80e1]
	chromedriver!GetHandleVerifier [0x7ff6b7e90feb+5f246b]
	chromedriver!GetHandleVerifier [0x7ff6b7eb62d5+617755]
	chromedriver!GetHandleVerifier [0x7ff6b78d03ae+3182e]
	chromedriver!GetHandleVerifier [0x7ff6b78d8acc+39f4c]
	chromedriver!(No symbol) [0x7ff6b73ceff8]
	chromedriver!GetHandleVerifier [0x7ff6b806f328+7d07a8]
	KERNEL32!BaseThreadInitThunk [0x7ffc8eb9e957+17]
	ntdll!RtlUserThreadStart [0x7ffc8f58427c+2c]

2026-06-04 17:25:03,959 | ERROR | Thread-8 (_loop_monitor_captcha) | Worker 2 perdeu conexão real: Message: invalid session id; For documentation on this error, please visit: https://www.selenium.dev/documentation/webdriver/troubleshooting/errors#invalidsessionidexception
Stacktrace:
	chromedriver!GetHandleVerifier [0x7ff6b78b33f5+14875]
	chromedriver!GetHandleVerifier [0x7ff6b78b3450+148d0]
	chromedriver!(No symbol) [0x7ff6b7407576]
	chromedriver!(No symbol) [0x7ff6b7452ea6]
	chromedriver!(No symbol) [0x7ff6b748a182]
	chromedriver!(No symbol) [0x7ff6b7483f82]
	chromedriver!(No symbol) [0x7ff6b7483742]
	chromedriver!(No symbol) [0x7ff6b73d0255]
	chromedriver!GetHandleVerifier [0x7ff6b7e96c61+5f80e1]
	chromedriver!GetHandleVerifier [0x7ff6b7e90feb+5f246b]
	chromedriver!GetHandleVerifier [0x7ff6b7eb62d5+617755]
	chromedriver!GetHandleVerifier [0x7ff6b78d03ae+3182e]
	chromedriver!GetHandleVerifier [0x7ff6b78d8acc+39f4c]
	chromedriver!(No symbol) [0x7ff6b73ceff8]
	chromedriver!GetHandleVerifier [0x7ff6b806f328+7d07a8]
	KERNEL32!BaseThreadInitThunk [0x7ffc8eb9e957+17]
	ntdll!RtlUserThreadStart [0x7ffc8f58427c+2c]

2026-06-04 17:25:03,960 | ERROR | Thread-8 (_loop_monitor_captcha) | Worker 3 perdeu conexão real: Message: invalid session id; For documentation on this error, please visit: https://www.selenium.dev/documentation/webdriver/troubleshooting/errors#invalidsessionidexception
Stacktrace:
	chromedriver!GetHandleVerifier [0x7ff6b78b33f5+14875]
	chromedriver!GetHandleVerifier [0x7ff6b78b3450+148d0]
	chromedriver!(No symbol) [0x7ff6b7407576]
	chromedriver!(No symbol) [0x7ff6b7452ea6]
	chromedriver!(No symbol) [0x7ff6b748a182]
	chromedriver!(No symbol) [0x7ff6b7483f82]
	chromedriver!(No symbol) [0x7ff6b7483742]
	chromedriver!(No symbol) [0x7ff6b73d0255]
	chromedriver!GetHandleVerifier [0x7ff6b7e96c61+5f80e1]
	chromedriver!GetHandleVerifier [0x7ff6b7e90feb+5f246b]
	chromedriver!GetHandleVerifier [0x7ff6b7eb62d5+617755]
	chromedriver!GetHandleVerifier [0x7ff6b78d03ae+3182e]
	chromedriver!GetHandleVerifier [0x7ff6b78d8acc+39f4c]
	chromedriver!(No symbol) [0x7ff6b73ceff8]
	chromedriver!GetHandleVerifier [0x7ff6b806f328+7d07a8]
	KERNEL32!BaseThreadInitThunk [0x7ffc8eb9e957+17]
	ntdll!RtlUserThreadStart [0x7ffc8f58427c+2c]

2026-06-04 17:25:04,409 | ERROR | Thread-7 (_loop_solver_button) | Erro PyAutoGUI: expected an image filename, OpenCV numpy array, or PIL image
2026-06-04 17:25:04,464 | ERROR | Thread-7 (_loop_solver_button) | TypeError('expected an image filename, OpenCV numpy array, or PIL image')
2026-06-04 17:25:05,308 | ERROR | Thread-7 (_loop_solver_button) | Erro PyAutoGUI: expected an image filename, OpenCV numpy array, or PIL image
2026-06-04 17:25:05,348 | ERROR | Thread-7 (_loop_solver_button) | TypeError('expected an image filename, OpenCV numpy array, or PIL image')
2026-06-04 17:25:06,189 | ERROR | Thread-7 (_loop_solver_button) | Erro PyAutoGUI: expected an image filename, OpenCV numpy array, or PIL image
2026-06-04 17:25:06,234 | ERROR | Thread-7 (_loop_solver_button) | TypeError('expected an image filename, OpenCV numpy array, or PIL image')
2026-06-04 17:25:07,071 | ERROR | Thread-7 (_loop_solver_button) | Erro PyAutoGUI: expected an image filename, OpenCV numpy array, or PIL image
2026-06-04 17:25:07,111 | ERROR | Thread-7 (_loop_solver_button) | TypeError('expected an image filename, OpenCV numpy array, or PIL image')
2026-06-04 17:25:07,948 | ERROR | Thread-7 (_loop_solver_button) | Erro PyAutoGUI: expected an image filename, OpenCV numpy array, or PIL image
2026-06-04 17:25:08,001 | ERROR | Thread-7 (_loop_solver_button) | TypeError('expected an image filename, OpenCV numpy array, or PIL image')
2026-06-04 17:25:08,844 | ERROR | Thread-7 (_loop_solver_button) | Erro PyAutoGUI: expected an image filename, OpenCV numpy array, or PIL image
2026-06-04 17:25:08,884 | ERROR | Thread-7 (_loop_solver_button) | TypeError('expected an image filename, OpenCV numpy array, or PIL image')
2026-06-04 17:25:09,723 | ERROR | Thread-7 (_loop_solver_button) | Erro PyAutoGUI: expected an image filename, OpenCV numpy array, or PIL image
2026-06-04 17:25:09,768 | ERROR | Thread-7 (_loop_solver_button) | TypeError('expected an image filename, OpenCV numpy array, or PIL image')
2026-06-04 17:25:10,038 | WARNING | Thread-8 (_loop_monitor_captcha) | Retrying (Retry(total=2, connect=None, read=None, redirect=None, status=None)) after connection broken by 'NewConnectionError("HTTPConnection(host='localhost', port=54672): Failed to establish a new connection: [WinError 10061] Nenhuma conexão pôde ser feita porque a máquina de destino as recusou ativamente")': /session/8434c24134ed3767626ff7b0afc9c07d/element
2026-06-04 17:25:10,607 | ERROR | Thread-7 (_loop_solver_button) | Erro PyAutoGUI: expected an image filename, OpenCV numpy array, or PIL image
2026-06-04 17:25:10,646 | ERROR | Thread-7 (_loop_solver_button) | TypeError('expected an image filename, OpenCV numpy array, or PIL image')
2026-06-04 17:28:41,234 | ERROR | MainThread | 📄 26 processos carregados do Excel.
2026-06-04 17:28:46,621 | ERROR | MainThread | Iniciando 3 Chromes independentes...
2026-06-04 17:28:53,796 | ERROR | MainThread | ✅ Três Chromes iniciados com sucesso
2026-06-04 17:28:53,959 | ERROR | Thread-7 (_loop_solver_button) | Erro PyAutoGUI: 
2026-06-04 17:28:54,178 | ERROR | Thread-7 (_loop_solver_button) | ImageNotFoundException()
2026-06-04 17:28:55,099 | ERROR | Thread-7 (_loop_solver_button) | Erro PyAutoGUI: 
2026-06-04 17:28:55,244 | ERROR | Thread-7 (_loop_solver_button) | ImageNotFoundException()
2026-06-04 17:28:56,202 | ERROR | Thread-7 (_loop_solver_button) | Erro PyAutoGUI: 
2026-06-04 17:28:56,401 | ERROR | Thread-7 (_loop_solver_button) | ImageNotFoundException()
2026-06-04 17:28:57,365 | ERROR | Thread-7 (_loop_solver_button) | Erro PyAutoGUI: 
2026-06-04 17:28:57,644 | ERROR | Thread-7 (_loop_solver_button) | ImageNotFoundException()
2026-06-04 17:28:58,683 | ERROR | Thread-7 (_loop_solver_button) | Erro PyAutoGUI: 
2026-06-04 17:28:59,020 | ERROR | Thread-7 (_loop_solver_button) | ImageNotFoundException()
2026-06-04 17:28:59,973 | ERROR | Thread-7 (_loop_solver_button) | Erro PyAutoGUI: 
2026-06-04 17:29:00,151 | ERROR | Thread-7 (_loop_solver_button) | ImageNotFoundException()
2026-06-04 17:29:01,080 | ERROR | Thread-7 (_loop_solver_button) | Erro PyAutoGUI: 
2026-06-04 17:29:01,214 | ERROR | Thread-7 (_loop_solver_button) | ImageNotFoundException()
2026-06-04 17:29:02,122 | ERROR | Thread-7 (_loop_solver_button) | Erro PyAutoGUI: 
2026-06-04 17:29:02,271 | ERROR | Thread-7 (_loop_solver_button) | ImageNotFoundException()
2026-06-04 17:29:03,185 | ERROR | Thread-7 (_loop_solver_button) | Erro PyAutoGUI: 
2026-06-04 17:29:03,311 | ERROR | Thread-7 (_loop_solver_button) | ImageNotFoundException()
2026-06-04 17:29:04,234 | ERROR | Thread-7 (_loop_solver_button) | Erro PyAutoGUI: 
2026-06-04 17:29:04,357 | ERROR | Thread-7 (_loop_solver_button) | ImageNotFoundException()
2026-06-04 17:29:05,269 | ERROR | Thread-7 (_loop_solver_button) | Erro PyAutoGUI: 
2026-06-04 17:29:05,404 | ERROR | Thread-7 (_loop_solver_button) | ImageNotFoundException()
2026-06-04 17:29:06,333 | ERROR | Thread-7 (_loop_solver_button) | Erro PyAutoGUI: 
2026-06-04 17:29:06,543 | ERROR | Thread-7 (_loop_solver_button) | ImageNotFoundException()
2026-06-04 17:29:07,452 | ERROR | Thread-7 (_loop_solver_button) | Erro PyAutoGUI: 
2026-06-04 17:29:07,588 | ERROR | Thread-7 (_loop_solver_button) | ImageNotFoundException()
2026-06-04 17:29:08,509 | ERROR | Thread-7 (_loop_solver_button) | Erro PyAutoGUI: 
2026-06-04 17:29:08,653 | ERROR | MainThread | Iniciando 3 Chromes independentes...
2026-06-04 17:29:08,656 | ERROR | Thread-7 (_loop_solver_button) | ImageNotFoundException()
2026-06-04 17:29:09,574 | ERROR | Thread-7 (_loop_solver_button) | Erro PyAutoGUI: 
2026-06-04 17:29:09,701 | ERROR | Thread-7 (_loop_solver_button) | ImageNotFoundException()
2026-06-04 17:29:10,649 | ERROR | Thread-7 (_loop_solver_button) | Erro PyAutoGUI: 
2026-06-04 17:29:10,795 | ERROR | Thread-7 (_loop_solver_button) | ImageNotFoundException()
2026-06-04 17:29:11,721 | ERROR | Thread-7 (_loop_solver_button) | Erro PyAutoGUI: 
2026-06-04 17:29:11,923 | ERROR | Thread-7 (_loop_solver_button) | ImageNotFoundException()
2026-06-04 17:29:12,866 | ERROR | Thread-7 (_loop_solver_button) | Erro PyAutoGUI: 
2026-06-04 17:29:13,019 | ERROR | Thread-7 (_loop_solver_button) | ImageNotFoundException()
2026-06-04 17:29:13,934 | ERROR | Thread-7 (_loop_solver_button) | Erro PyAutoGUI: 
2026-06-04 17:29:14,055 | ERROR | Thread-7 (_loop_solver_button) | ImageNotFoundException()
2026-06-04 17:29:14,306 | WARNING | Thread-8 (_loop_monitor_captcha) | Retrying (Retry(total=2, connect=None, read=None, redirect=None, status=None)) after connection broken by 'NewConnectionError("HTTPConnection(host='localhost', port=56247): Failed to establish a new connection: [WinError 10061] Nenhuma conexão pôde ser feita porque a máquina de destino as recusou ativamente")': /session/1c87ed43b50e85c81d76b5cd2d4e7c83/element
2026-06-04 17:29:14,961 | ERROR | Thread-7 (_loop_solver_button) | Erro PyAutoGUI: 
2026-06-04 17:29:15,096 | ERROR | Thread-7 (_loop_solver_button) | ImageNotFoundException()
2026-06-04 17:29:15,993 | ERROR | Thread-7 (_loop_solver_button) | Erro PyAutoGUI: 
2026-06-04 17:29:16,121 | ERROR | Thread-7 (_loop_solver_button) | ImageNotFoundException()
2026-06-04 17:29:17,112 | ERROR | Thread-7 (_loop_solver_button) | Erro PyAutoGUI: 
2026-06-04 17:29:17,360 | ERROR | Thread-7 (_loop_solver_button) | ImageNotFoundException()
2026-06-04 17:29:18,266 | ERROR | Thread-7 (_loop_solver_button) | Erro PyAutoGUI: 
2026-06-04 17:29:18,400 | WARNING | Thread-8 (_loop_monitor_captcha) | Retrying (Retry(total=1, connect=None, read=None, redirect=None, status=None)) after connection broken by 'NewConnectionError("HTTPConnection(host='localhost', port=56247): Failed to establish a new connection: [WinError 10061] Nenhuma conexão pôde ser feita porque a máquina de destino as recusou ativamente")': /session/1c87ed43b50e85c81d76b5cd2d4e7c83/element
2026-06-04 17:29:18,418 | ERROR | Thread-7 (_loop_solver_button) | ImageNotFoundException()
2026-06-04 17:29:19,452 | ERROR | Thread-7 (_loop_solver_button) | Erro PyAutoGUI: 
2026-06-04 17:29:19,904 | ERROR | Thread-7 (_loop_solver_button) | ImageNotFoundException()
2026-06-04 17:29:20,876 | ERROR | Thread-7 (_loop_solver_button) | Erro PyAutoGUI: 
2026-06-04 17:29:21,266 | ERROR | Thread-7 (_loop_solver_button) | ImageNotFoundException()
2026-06-04 17:29:22,211 | ERROR | Thread-7 (_loop_solver_button) | Erro PyAutoGUI: 
2026-06-04 17:29:22,434 | ERROR | Thread-7 (_loop_solver_button) | ImageNotFoundException()
2026-06-04 17:29:22,514 | WARNING | Thread-8 (_loop_monitor_captcha) | Retrying (Retry(total=0, connect=None, read=None, redirect=None, status=None)) after connection broken by 'NewConnectionError("HTTPConnection(host='localhost', port=56247): Failed to establish a new connection: [WinError 10061] Nenhuma conexão pôde ser feita porque a máquina de destino as recusou ativamente")': /session/1c87ed43b50e85c81d76b5cd2d4e7c83/element
2026-06-04 17:29:23,244 | ERROR | MainThread | ✅ Três Chromes iniciados com sucesso
2026-06-04 17:29:23,401 | ERROR | Thread-7 (_loop_solver_button) | Erro PyAutoGUI: 
2026-06-04 17:29:23,677 | ERROR | Thread-7 (_loop_solver_button) | ImageNotFoundException()
2026-06-04 17:29:24,597 | ERROR | Thread-7 (_loop_solver_button) | Erro PyAutoGUI: 
2026-06-04 17:29:24,735 | ERROR | Thread-7 (_loop_solver_button) | ImageNotFoundException()
2026-06-04 17:29:25,690 | ERROR | Thread-7 (_loop_solver_button) | Erro PyAutoGUI: 
2026-06-04 17:29:25,879 | ERROR | Thread-7 (_loop_solver_button) | ImageNotFoundException()
2026-06-04 17:29:26,582 | CRITICAL | Thread-8 (_loop_monitor_captcha) | ERRO FATAL THREAD: Thread-8 (_loop_monitor_captcha)
Traceback (most recent call last):
  File "E:\busca inpi\busca inpi\inpi_busca_codigo_limpo\venv\Lib\site-packages\urllib3\connection.py", line 204, in _new_conn
    sock = connection.create_connection(
        (self._dns_host, self.port),
    ...<2 lines>...
        socket_options=self.socket_options,
    )
  File "E:\busca inpi\busca inpi\inpi_busca_codigo_limpo\venv\Lib\site-packages\urllib3\util\connection.py", line 85, in create_connection
    raise err
  File "E:\busca inpi\busca inpi\inpi_busca_codigo_limpo\venv\Lib\site-packages\urllib3\util\connection.py", line 73, in create_connection
    sock.connect(sa)
    ~~~~~~~~~~~~^^^^
ConnectionRefusedError: [WinError 10061] Nenhuma conexão pôde ser feita porque a máquina de destino as recusou ativamente

The above exception was the direct cause of the following exception:

Traceback (most recent call last):
  File "E:\busca inpi\busca inpi\inpi_busca_codigo_limpo\venv\Lib\site-packages\urllib3\connectionpool.py", line 787, in urlopen
    response = self._make_request(
        conn,
    ...<10 lines>...
        **response_kw,
    )
  File "E:\busca inpi\busca inpi\inpi_busca_codigo_limpo\venv\Lib\site-packages\urllib3\connectionpool.py", line 493, in _make_request
    conn.request(
    ~~~~~~~~~~~~^
        method,
        ^^^^^^^
    ...<6 lines>...
        enforce_content_length=enforce_content_length,
        ^^^^^^^^^^^^^^^^^^^^^^^^^^^^^^^^^^^^^^^^^^^^^^
    )
    ^
  File "E:\busca inpi\busca inpi\inpi_busca_codigo_limpo\venv\Lib\site-packages\urllib3\connection.py", line 500, in request
    self.endheaders()
    ~~~~~~~~~~~~~~~^^
  File "C:\Python314\Lib\http\client.py", line 1362, in endheaders
    self._send_output(message_body, encode_chunked=encode_chunked)
    ~~~~~~~~~~~~~~~~~^^^^^^^^^^^^^^^^^^^^^^^^^^^^^^^^^^^^^^^^^^^^^
  File "C:\Python314\Lib\http\client.py", line 1122, in _send_output
    self.send(msg)
    ~~~~~~~~~^^^^^
  File "C:\Python314\Lib\http\client.py", line 1066, in send
    self.connect()
    ~~~~~~~~~~~~^^
  File "E:\busca inpi\busca inpi\inpi_busca_codigo_limpo\venv\Lib\site-packages\urllib3\connection.py", line 331, in connect
    self.sock = self._new_conn()
                ~~~~~~~~~~~~~~^^
  File "E:\busca inpi\busca inpi\inpi_busca_codigo_limpo\venv\Lib\site-packages\urllib3\connection.py", line 219, in _new_conn
    raise NewConnectionError(
        self, f"Failed to establish a new connection: {e}"
    ) from e
urllib3.exceptions.NewConnectionError: HTTPConnection(host='localhost', port=56247): Failed to establish a new connection: [WinError 10061] Nenhuma conexão pôde ser feita porque a máquina de destino as recusou ativamente

The above exception was the direct cause of the following exception:

Traceback (most recent call last):
  File "C:\Python314\Lib\threading.py", line 1082, in _bootstrap_inner
    self._context.run(self.run)
    ~~~~~~~~~~~~~~~~~^^^^^^^^^^
  File "C:\Python314\Lib\threading.py", line 1024, in run
    self._target(*self._args, **self._kwargs)
    ~~~~~~~~~~~~^^^^^^^^^^^^^^^^^^^^^^^^^^^^^
  File "E:\busca inpi\busca inpi\inpi_busca_codigo_limpo\core\captcha_manager.py", line 54, in _loop_monitor_captcha
    modal = driver.find_element(
        By.ID,
        "janelaModalCaptchaDownload"
    )
  File "E:\busca inpi\busca inpi\inpi_busca_codigo_limpo\venv\Lib\site-packages\selenium\webdriver\remote\webdriver.py", line 868, in find_element
    return self.execute(Command.FIND_ELEMENT, {"using": by, "value": value})["value"]
           ~~~~~~~~~~~~^^^^^^^^^^^^^^^^^^^^^^^^^^^^^^^^^^^^^^^^^^^^^^^^^^^^^
  File "E:\busca inpi\busca inpi\inpi_busca_codigo_limpo\venv\Lib\site-packages\selenium\webdriver\remote\webdriver.py", line 465, in execute
    response = cast(RemoteConnection, self.command_executor).execute(driver_command, params)
  File "E:\busca inpi\busca inpi\inpi_busca_codigo_limpo\venv\Lib\site-packages\selenium\webdriver\remote\remote_connection.py", line 407, in execute
    return self._request(command_info[0], url, body=data)
           ~~~~~~~~~~~~~^^^^^^^^^^^^^^^^^^^^^^^^^^^^^^^^^
  File "E:\busca inpi\busca inpi\inpi_busca_codigo_limpo\venv\Lib\site-packages\selenium\webdriver\remote\remote_connection.py", line 431, in _request
    response = self._conn.request(method, url, body=body, headers=headers, timeout=self._client_config.timeout)
  File "E:\busca inpi\busca inpi\inpi_busca_codigo_limpo\venv\Lib\site-packages\urllib3\_request_methods.py", line 143, in request
    return self.request_encode_body(
           ~~~~~~~~~~~~~~~~~~~~~~~~^
        method, url, fields=fields, headers=headers, **urlopen_kw
        ^^^^^^^^^^^^^^^^^^^^^^^^^^^^^^^^^^^^^^^^^^^^^^^^^^^^^^^^^
    )
    ^
  File "E:\busca inpi\busca inpi\inpi_busca_codigo_limpo\venv\Lib\site-packages\urllib3\_request_methods.py", line 278, in request_encode_body
    return self.urlopen(method, url, **extra_kw)
           ~~~~~~~~~~~~^^^^^^^^^^^^^^^^^^^^^^^^^
  File "E:\busca inpi\busca inpi\inpi_busca_codigo_limpo\venv\Lib\site-packages\urllib3\poolmanager.py", line 457, in urlopen
    response = conn.urlopen(method, u.request_uri, **kw)
  File "E:\busca inpi\busca inpi\inpi_busca_codigo_limpo\venv\Lib\site-packages\urllib3\connectionpool.py", line 871, in urlopen
    return self.urlopen(
           ~~~~~~~~~~~~^
        method,
        ^^^^^^^
    ...<13 lines>...
        **response_kw,
        ^^^^^^^^^^^^^^
    )
    ^
  File "E:\busca inpi\busca inpi\inpi_busca_codigo_limpo\venv\Lib\site-packages\urllib3\connectionpool.py", line 871, in urlopen
    return self.urlopen(
           ~~~~~~~~~~~~^
        method,
        ^^^^^^^
    ...<13 lines>...
        **response_kw,
        ^^^^^^^^^^^^^^
    )
    ^
  File "E:\busca inpi\busca inpi\inpi_busca_codigo_limpo\venv\Lib\site-packages\urllib3\connectionpool.py", line 871, in urlopen
    return self.urlopen(
           ~~~~~~~~~~~~^
        method,
        ^^^^^^^
    ...<13 lines>...
        **response_kw,
        ^^^^^^^^^^^^^^
    )
    ^
  File "E:\busca inpi\busca inpi\inpi_busca_codigo_limpo\venv\Lib\site-packages\urllib3\connectionpool.py", line 841, in urlopen
    retries = retries.increment(
        method, url, error=new_e, _pool=self, _stacktrace=sys.exc_info()[2]
    )
  File "E:\busca inpi\busca inpi\inpi_busca_codigo_limpo\venv\Lib\site-packages\urllib3\util\retry.py", line 535, in increment
    raise MaxRetryError(_pool, url, reason) from reason  # type: ignore[arg-type]
    ^^^^^^^^^^^^^^^^^^^^^^^^^^^^^^^^^^^^^^^^^^^^^^^^^^^
urllib3.exceptions.MaxRetryError: HTTPConnectionPool(host='localhost', port=56247): Max retries exceeded with url: /session/1c87ed43b50e85c81d76b5cd2d4e7c83/element (Caused by NewConnectionError("HTTPConnection(host='localhost', port=56247): Failed to establish a new connection: [WinError 10061] Nenhuma conexão pôde ser feita porque a máquina de destino as recusou ativamente"))
2026-06-04 17:29:26,811 | ERROR | Thread-7 (_loop_solver_button) | Erro PyAutoGUI: 
2026-06-04 17:29:27,000 | ERROR | Thread-7 (_loop_solver_button) | ImageNotFoundException()
2026-06-04 17:29:28,044 | ERROR | Thread-7 (_loop_solver_button) | Erro PyAutoGUI: 
2026-06-04 17:29:28,430 | ERROR | Thread-7 (_loop_solver_button) | ImageNotFoundException()
2026-06-04 17:29:28,575 | ERROR | MainThread | 🚀 Iniciando processamento em lote (3 Chromes)...
2026-06-04 17:29:28,575 | ERROR | MainThread | 🟡 _processar_proximo chamado Worker 1
2026-06-04 17:29:28,576 | ERROR | MainThread | 📦 Worker 1 fila restante: 9
2026-06-04 17:29:28,576 | ERROR | MainThread | 🚀 Worker 1 iniciou processo 906452724
2026-06-04 17:29:28,577 | ERROR | MainThread | 🧵 Worker thread START 1
2026-06-04 17:29:28,577 | ERROR | MainThread | 🟡 _processar_proximo chamado Worker 2
2026-06-04 17:29:28,577 | ERROR | MainThread | 📦 Worker 2 fila restante: 9
2026-06-04 17:29:28,577 | ERROR | MainThread | 🚀 Worker 2 iniciou processo 906452376
2026-06-04 17:29:28,577 | ERROR | MainThread | 🧵 Worker thread START 2
2026-06-04 17:29:28,578 | ERROR | Dummy-15 | 🚀 Worker 1 iniciando
2026-06-04 17:29:28,578 | ERROR | MainThread | 🟡 _processar_proximo chamado Worker 3
2026-06-04 17:29:28,578 | ERROR | Dummy-15 | 🚀 PIPELINE START worker 1 | 906452724
2026-06-04 17:29:28,578 | ERROR | MainThread | 📦 Worker 3 fila restante: 8
2026-06-04 17:29:28,578 | ERROR | Dummy-15 | LOGIN 1
2026-06-04 17:29:28,578 | ERROR | Dummy-16 | 🚀 Worker 2 iniciando
2026-06-04 17:29:28,579 | ERROR | MainThread | 🚀 Worker 3 iniciou processo 906452341
2026-06-04 17:29:28,579 | ERROR | Dummy-16 | 🚀 PIPELINE START worker 2 | 906452376
2026-06-04 17:29:28,579 | ERROR | Dummy-15 | GARANTIR LOGIN INICIO
2026-06-04 17:29:28,579 | ERROR | Dummy-16 | LOGIN 1
2026-06-04 17:29:28,580 | ERROR | Dummy-15 | <selenium.webdriver.chrome.webdriver.WebDriver (session="a300be2f19a00d9bc75d3fa71ef4d704")>
2026-06-04 17:29:28,580 | ERROR | MainThread | 🧵 Worker thread START 3
2026-06-04 17:29:28,580 | ERROR | Dummy-15 | a300be2f19a00d9bc75d3fa71ef4d704
2026-06-04 17:29:28,580 | ERROR | Dummy-16 | GARANTIR LOGIN INICIO
2026-06-04 17:29:28,580 | ERROR | Dummy-15 | ANTES DO FINDELEMENT
2026-06-04 17:29:28,580 | ERROR | Dummy-16 | <selenium.webdriver.chrome.webdriver.WebDriver (session="7ac9364cf8752afeaac823349c2b8d87")>
2026-06-04 17:29:28,582 | ERROR | Dummy-15 | LOGIN 2
2026-06-04 17:29:28,584 | ERROR | Dummy-16 | 7ac9364cf8752afeaac823349c2b8d87
2026-06-04 17:29:28,584 | ERROR | Dummy-17 | 🚀 Worker 3 iniciando
2026-06-04 17:29:28,585 | ERROR | Dummy-16 | ANTES DO FINDELEMENT
2026-06-04 17:29:28,586 | ERROR | Dummy-17 | 🚀 PIPELINE START worker 3 | 906452341
2026-06-04 17:29:28,586 | ERROR | Dummy-16 | LOGIN 2
2026-06-04 17:29:28,586 | ERROR | Dummy-17 | LOGIN 1
2026-06-04 17:29:28,587 | ERROR | Dummy-17 | GARANTIR LOGIN INICIO
2026-06-04 17:29:28,588 | ERROR | Dummy-17 | <selenium.webdriver.chrome.webdriver.WebDriver (session="5fb19a7078ea1b34009bbcbaae817860")>
2026-06-04 17:29:28,588 | ERROR | Dummy-17 | 5fb19a7078ea1b34009bbcbaae817860
2026-06-04 17:29:28,588 | ERROR | Dummy-17 | ANTES DO FINDELEMENT
2026-06-04 17:29:28,589 | ERROR | Dummy-17 | LOGIN 2
2026-06-04 17:29:29,346 | ERROR | Thread-7 (_loop_solver_button) | Erro PyAutoGUI: 
2026-06-04 17:29:29,523 | ERROR | Thread-7 (_loop_solver_button) | ImageNotFoundException()
2026-06-04 17:29:30,428 | ERROR | Thread-7 (_loop_solver_button) | Erro PyAutoGUI: 
2026-06-04 17:29:30,561 | ERROR | Thread-7 (_loop_solver_button) | ImageNotFoundException()
2026-06-04 17:29:31,483 | ERROR | Thread-7 (_loop_solver_button) | Erro PyAutoGUI: 
2026-06-04 17:29:31,636 | ERROR | Thread-7 (_loop_solver_button) | ImageNotFoundException()
2026-06-04 17:29:32,541 | ERROR | Thread-7 (_loop_solver_button) | Erro PyAutoGUI: 
2026-06-04 17:29:32,683 | ERROR | Thread-7 (_loop_solver_button) | ImageNotFoundException()
2026-06-04 17:29:33,604 | ERROR | Thread-7 (_loop_solver_button) | Erro PyAutoGUI: 
2026-06-04 17:29:33,729 | ERROR | Dummy-17 | 🔐 Usuário não está na página correta. Garantindo login...
2026-06-04 17:29:33,730 | ERROR | Dummy-15 | 🔐 Usuário não está na página correta. Garantindo login...
2026-06-04 17:29:33,730 | ERROR | Dummy-16 | 🔐 Usuário não está na página correta. Garantindo login...
2026-06-04 17:29:33,780 | ERROR | Thread-7 (_loop_solver_button) | ImageNotFoundException()
2026-06-04 17:29:34,704 | ERROR | Thread-7 (_loop_solver_button) | Erro PyAutoGUI: 
2026-06-04 17:29:34,866 | ERROR | Thread-7 (_loop_solver_button) | ImageNotFoundException()
2026-06-04 17:29:35,789 | ERROR | Thread-7 (_loop_solver_button) | Erro PyAutoGUI: 
2026-06-04 17:29:35,932 | ERROR | Thread-7 (_loop_solver_button) | ImageNotFoundException()
2026-06-04 17:29:36,841 | ERROR | Thread-7 (_loop_solver_button) | Erro PyAutoGUI: 
2026-06-04 17:29:37,094 | ERROR | Thread-7 (_loop_solver_button) | ImageNotFoundException()
2026-06-04 17:29:37,430 | ERROR | Dummy-15 | LOGIN 3
2026-06-04 17:29:37,475 | ERROR | Dummy-17 | LOGIN 3
2026-06-04 17:29:37,518 | ERROR | Dummy-16 | LOGIN 3
2026-06-04 17:29:37,551 | ERROR | Dummy-15 | 🔑 Login realizado. Acessando menu Marcas...
2026-06-04 17:29:37,553 | ERROR | Dummy-17 | 🔑 Login realizado. Acessando menu Marcas...
2026-06-04 17:29:37,578 | ERROR | Dummy-16 | 🔑 Login realizado. Acessando menu Marcas...
2026-06-04 17:29:37,810 | ERROR | Dummy-17 | ✅ Página de pesquisa por processo carregada com sucesso.
2026-06-04 17:29:37,821 | ERROR | Dummy-15 | ✅ Página de pesquisa por processo carregada com sucesso.
2026-06-04 17:29:37,890 | ERROR | Dummy-16 | ✅ Página de pesquisa por processo carregada com sucesso.
2026-06-04 17:29:38,112 | ERROR | Thread-7 (_loop_solver_button) | Erro PyAutoGUI: 
2026-06-04 17:29:38,434 | ERROR | Thread-7 (_loop_solver_button) | ImageNotFoundException()
2026-06-04 17:29:39,456 | ERROR | Thread-7 (_loop_solver_button) | Erro PyAutoGUI: 
2026-06-04 17:29:39,817 | ERROR | Thread-7 (_loop_solver_button) | ImageNotFoundException()
2026-06-04 17:29:40,804 | ERROR | Thread-7 (_loop_solver_button) | Erro PyAutoGUI: 
2026-06-04 17:29:41,149 | ERROR | Thread-7 (_loop_solver_button) | ImageNotFoundException()
2026-06-04 17:29:41,703 | ERROR | Dummy-17 | 📄 Serviço 389 ou 394 detectado
2026-06-04 17:29:41,705 | ERROR | Dummy-17 | 📂 Worker 3 liberando petições
2026-06-04 17:29:41,707 | ERROR | Dummy-17 | 🔍 Verificando necessidade de amplo acesso às petições...
2026-06-04 17:29:41,946 | ERROR | Dummy-16 | 📄 Serviço 389 ou 394 detectado
2026-06-04 17:29:41,947 | ERROR | Dummy-16 | 📂 Worker 2 liberando petições
2026-06-04 17:29:41,947 | ERROR | Dummy-16 | 🔍 Verificando necessidade de amplo acesso às petições...
2026-06-04 17:29:42,014 | ERROR | Dummy-16 | 🔐 Acesso restrito detectado. Solicitando liberação...
2026-06-04 17:29:42,143 | ERROR | Thread-7 (_loop_solver_button) | Erro PyAutoGUI: 
2026-06-04 17:29:42,291 | ERROR | Dummy-15 | 📄 Serviço 389 ou 394 detectado
2026-06-04 17:29:42,295 | ERROR | Dummy-15 | 📂 Worker 1 liberando petições
2026-06-04 17:29:42,301 | ERROR | Dummy-15 | 🔍 Verificando necessidade de amplo acesso às petições...
2026-06-04 17:29:42,351 | ERROR | Dummy-15 | 🔐 Acesso restrito detectado. Solicitando liberação...
2026-06-04 17:29:42,509 | ERROR | Thread-7 (_loop_solver_button) | ImageNotFoundException()
2026-06-04 17:29:43,067 | ERROR | Dummy-16 | 🖱 Link de acesso clicado
2026-06-04 17:29:43,139 | ERROR | Dummy-15 | 🖱 Link de acesso clicado
2026-06-04 17:29:43,516 | ERROR | Thread-7 (_loop_solver_button) | Erro PyAutoGUI: 
2026-06-04 17:29:43,836 | ERROR | Thread-7 (_loop_solver_button) | ImageNotFoundException()
2026-06-04 17:29:43,900 | ERROR | Dummy-17 | 🔓 Nenhum bloqueio de petições detectado
2026-06-04 17:29:43,902 | ERROR | Dummy-17 | 🔍 Verificando popup de amplo acesso...
2026-06-04 17:29:44,750 | ERROR | Thread-7 (_loop_solver_button) | Erro PyAutoGUI: 
2026-06-04 17:29:44,908 | ERROR | Thread-7 (_loop_solver_button) | ImageNotFoundException()
2026-06-04 17:29:45,188 | ERROR | Dummy-16 | 🔓 Nenhum bloqueio de petições detectado
2026-06-04 17:29:45,191 | ERROR | Dummy-16 | 🔍 Verificando popup de amplo acesso...
2026-06-04 17:29:45,206 | ERROR | Dummy-15 | 🔓 Nenhum bloqueio de petições detectado
2026-06-04 17:29:45,209 | ERROR | Dummy-15 | 🔍 Verificando popup de amplo acesso...
2026-06-04 17:29:45,212 | ERROR | Dummy-16 | 🪟 Popup de amplo acesso detectado
2026-06-04 17:29:45,295 | ERROR | Dummy-16 | ☑️ Checkbox de concordância marcado
2026-06-04 17:29:45,430 | ERROR | Dummy-16 | 📨 Formulário enviado
2026-06-04 17:29:45,853 | ERROR | Thread-7 (_loop_solver_button) | Erro PyAutoGUI: 
2026-06-04 17:29:45,927 | ERROR | Dummy-17 | 🔓 Nenhum popup de amplo acesso detectado
2026-06-04 17:29:45,968 | ERROR | Dummy-17 | ✅ Worker 3 petições liberadas
2026-06-04 17:29:46,010 | ERROR | Dummy-16 | ✅ Acesso às petições liberado com sucesso
2026-06-04 17:29:46,011 | ERROR | Dummy-16 | ✅ Worker 2 petições liberadas
2026-06-04 17:29:46,120 | ERROR | Thread-7 (_loop_solver_button) | ImageNotFoundException()
2026-06-04 17:29:47,042 | ERROR | Thread-7 (_loop_solver_button) | Erro PyAutoGUI: 
2026-06-04 17:29:47,191 | ERROR | Thread-7 (_loop_solver_button) | ImageNotFoundException()
2026-06-04 17:29:47,273 | ERROR | Dummy-15 | 🔓 Nenhum popup de amplo acesso detectado
2026-06-04 17:29:47,275 | ERROR | Dummy-15 | ✅ Worker 1 petições liberadas
2026-06-04 17:29:47,971 | ERROR | Dummy-17 | 📥 Worker 3 iniciando fluxo PDF
2026-06-04 17:29:47,971 | ERROR | Dummy-17 | 📄 Worker 3 procurando PDF
2026-06-04 17:29:48,031 | ERROR | Dummy-16 | 📥 Worker 2 iniciando fluxo PDF
2026-06-04 17:29:48,031 | ERROR | Dummy-16 | 📄 Worker 2 procurando PDF
2026-06-04 17:29:48,116 | ERROR | Thread-7 (_loop_solver_button) | Erro PyAutoGUI: 
2026-06-04 17:29:48,177 | ERROR | Dummy-17 | 🖱 Worker 3 clicou PDF
2026-06-04 17:29:48,215 | ERROR | Dummy-17 | 🧩 Worker 3 captcha aberto
2026-06-04 17:29:48,217 | ERROR | Dummy-17 | [W3] 🧩 aguardando modal...
2026-06-04 17:29:48,267 | ERROR | Dummy-16 | 🖱 Worker 2 clicou PDF
2026-06-04 17:29:48,314 | ERROR | Dummy-16 | 🧩 Worker 2 captcha aberto
2026-06-04 17:29:48,314 | ERROR | Dummy-16 | [W2] 🧩 aguardando modal...
2026-06-04 17:29:48,323 | ERROR | Dummy-17 | [captcha] modal visível
2026-06-04 17:29:48,392 | ERROR | Dummy-16 | [captcha] modal visível
2026-06-04 17:29:48,466 | ERROR | Thread-7 (_loop_solver_button) | ImageNotFoundException()
2026-06-04 17:29:48,698 | ERROR | Dummy-17 | [captcha] checkbox clicado
2026-06-04 17:29:48,723 | ERROR | Dummy-17 | [captcha] aguardando token resolver (sem timeout)...
2026-06-04 17:29:48,757 | ERROR | Dummy-16 | [captcha] checkbox clicado
2026-06-04 17:29:48,803 | ERROR | Dummy-16 | [captcha] aguardando token resolver (sem timeout)...
2026-06-04 17:29:49,354 | ERROR | Dummy-15 | 📥 Worker 1 iniciando fluxo PDF
2026-06-04 17:29:49,354 | ERROR | Dummy-15 | 📄 Worker 1 procurando PDF
2026-06-04 17:29:50,081 | ERROR | Thread-7 (_loop_solver_button) | 🤖 Solver button clicado via PyAutoGUI
2026-06-04 17:29:50,334 | ERROR | Thread-7 (_loop_solver_button) | ImageNotFoundException()
2026-06-04 17:29:51,300 | ERROR | Thread-7 (_loop_solver_button) | Erro PyAutoGUI: 
2026-06-04 17:29:51,469 | ERROR | Thread-7 (_loop_solver_button) | ImageNotFoundException()
2026-06-04 17:29:53,014 | ERROR | Thread-7 (_loop_solver_button) | 🤖 Solver button clicado via PyAutoGUI
2026-06-04 17:29:53,137 | ERROR | Dummy-16 | ✅ Token encontrado worker 2
2026-06-04 17:29:53,137 | ERROR | Dummy-16 | [captcha] token detectado (len=2212)
2026-06-04 17:29:53,351 | ERROR | Thread-7 (_loop_solver_button) | ImageNotFoundException()
2026-06-04 17:29:53,618 | ERROR | Dummy-16 | ⏳ Worker 2 aguardando download...
2026-06-04 17:29:53,619 | ERROR | Dummy-16 | ⏳ Worker 2 aguardando download...
2026-06-04 17:29:54,330 | ERROR | Thread-7 (_loop_solver_button) | Erro PyAutoGUI: 
2026-06-04 17:29:54,504 | ERROR | Thread-7 (_loop_solver_button) | ImageNotFoundException()
2026-06-04 17:29:55,416 | ERROR | Thread-7 (_loop_solver_button) | Erro PyAutoGUI: 
2026-06-04 17:29:55,622 | ERROR | Dummy-16 | ✅ Worker 2 download concluído: 850130126936 (1).pdf
2026-06-04 17:29:55,626 | ERROR | Dummy-16 | ✅ Worker 2 PDF baixado
2026-06-04 17:29:55,627 | ERROR | Dummy-16 | [captcha] finalizado
2026-06-04 17:29:55,632 | ERROR | Dummy-16 | 📥 Worker 2 retorno captcha: E:\busca inpi\busca inpi\inpi_busca_codigo_limpo\pdfs\worker_2\850130126936 (1).pdf
2026-06-04 17:29:55,633 | ERROR | Dummy-16 | 📄 Worker 2 verificando arquivo: E:\busca inpi\busca inpi\inpi_busca_codigo_limpo\pdfs\worker_2\850130126936 (1).pdf
2026-06-04 17:29:55,634 | ERROR | Dummy-16 | ✅ Worker 2 PDF OK
2026-06-04 17:29:55,637 | ERROR | Dummy-16 | 📄 Worker 2 — PDF renomeado para: 906452376.pdf
2026-06-04 17:29:55,639 | ERROR | Dummy-16 | 🏁 Worker 2 finalizou
2026-06-04 17:29:55,676 | ERROR | MainThread | FINALIZAR worker 2 thread=MainThread
  File "E:\busca inpi\busca inpi\inpi_busca_codigo_limpo\main.py", line 47, in <module>
    sys.exit(app.exec_())
  File "E:\busca inpi\busca inpi\inpi_busca_codigo_limpo\core\worker_manager.py", line 108, in _finalizar_processo_atual
    f"{''.join(traceback.format_stack())}"

2026-06-04 17:29:55,677 | ERROR | MainThread | 📌 Processo atual antes limpar: 906452376
2026-06-04 17:29:55,678 | ERROR | MainThread | 🔄 Agendando próximo processo worker 2
2026-06-04 17:29:55,699 | ERROR | Thread-7 (_loop_solver_button) | ImageNotFoundException()
2026-06-04 17:29:55,702 | ERROR | MainThread | 🟡 _processar_proximo chamado Worker 2
2026-06-04 17:29:55,703 | ERROR | MainThread | 📦 Worker 2 fila restante: 8
2026-06-04 17:29:55,704 | ERROR | MainThread | 🚀 Worker 2 iniciou processo 906452309
2026-06-04 17:29:55,704 | ERROR | MainThread | 🧵 Worker thread START 2
2026-06-04 17:29:55,706 | ERROR | Dummy-18 | 🚀 Worker 2 iniciando
2026-06-04 17:29:55,707 | ERROR | Dummy-18 | 🚀 PIPELINE START worker 2 | 906452309
2026-06-04 17:29:55,709 | ERROR | Dummy-18 | LOGIN 1
2026-06-04 17:29:55,710 | ERROR | Dummy-18 | GARANTIR LOGIN INICIO
2026-06-04 17:29:55,710 | ERROR | Dummy-18 | <selenium.webdriver.chrome.webdriver.WebDriver (session="7ac9364cf8752afeaac823349c2b8d87")>
2026-06-04 17:29:55,710 | ERROR | Dummy-18 | 7ac9364cf8752afeaac823349c2b8d87
2026-06-04 17:29:55,710 | ERROR | Dummy-18 | ANTES DO FINDELEMENT
2026-06-04 17:29:55,711 | ERROR | Dummy-18 | LOGIN 2
2026-06-04 17:29:55,725 | ERROR | Dummy-18 | ✅ Usuário já está logado.
2026-06-04 17:29:56,651 | ERROR | Thread-7 (_loop_solver_button) | Erro PyAutoGUI: 
2026-06-04 17:29:56,869 | ERROR | Thread-7 (_loop_solver_button) | ImageNotFoundException()
2026-06-04 17:29:57,916 | ERROR | Thread-7 (_loop_solver_button) | Erro PyAutoGUI: 
2026-06-04 17:29:58,175 | ERROR | Thread-7 (_loop_solver_button) | ImageNotFoundException()
2026-06-04 17:29:58,238 | ERROR | Dummy-17 | ⏱️ Captcha travado no worker 3
2026-06-04 17:29:58,239 | ERROR | Dummy-17 | 🔍 Procurando reload: E:\busca inpi\busca inpi\inpi_busca_codigo_limpo\reload_button.png
2026-06-04 17:29:58,404 | ERROR | Dummy-17 | ✅ Reload encontrado em X=1130 Y=686
2026-06-04 17:29:59,057 | ERROR | Dummy-18 | 📄 Serviço 389 ou 394 detectado
2026-06-04 17:29:59,065 | ERROR | Dummy-18 | 📂 Worker 2 liberando petições
2026-06-04 17:29:59,069 | ERROR | Dummy-18 | 🔍 Verificando necessidade de amplo acesso às petições...
2026-06-04 17:29:59,142 | ERROR | Dummy-18 | 🔐 Acesso restrito detectado. Solicitando liberação...
2026-06-04 17:29:59,321 | ERROR | Thread-7 (_loop_solver_button) | Erro PyAutoGUI: 
2026-06-04 17:29:59,532 | ERROR | Dummy-17 | 🔄 Reload clicado 2x
2026-06-04 17:29:59,533 | ERROR | Dummy-17 | 🔄 Reload executado worker 3
2026-06-04 17:29:59,569 | ERROR | Thread-7 (_loop_solver_button) | ImageNotFoundException()
2026-06-04 17:29:59,863 | ERROR | Dummy-18 | 🖱 Link de acesso clicado
2026-06-04 17:30:00,512 | ERROR | Thread-7 (_loop_solver_button) | Erro PyAutoGUI: 
2026-06-04 17:30:00,721 | ERROR | Thread-7 (_loop_solver_button) | ImageNotFoundException()
2026-06-04 17:30:01,702 | ERROR | Thread-7 (_loop_solver_button) | Erro PyAutoGUI: 
2026-06-04 17:30:01,948 | ERROR | Dummy-18 | 🔓 Nenhum bloqueio de petições detectado
2026-06-04 17:30:01,950 | ERROR | Dummy-18 | 🔍 Verificando popup de amplo acesso...
2026-06-04 17:30:01,979 | ERROR | Dummy-18 | 🪟 Popup de amplo acesso detectado
2026-06-04 17:30:02,007 | ERROR | Thread-7 (_loop_solver_button) | ImageNotFoundException()
2026-06-04 17:30:02,073 | ERROR | Dummy-18 | ☑️ Checkbox de concordância marcado
2026-06-04 17:30:02,243 | ERROR | Dummy-18 | 📨 Formulário enviado
2026-06-04 17:30:02,751 | ERROR | Dummy-18 | ✅ Acesso às petições liberado com sucesso
2026-06-04 17:30:02,751 | ERROR | Dummy-18 | ✅ Worker 2 petições liberadas
2026-06-04 17:30:03,002 | ERROR | Thread-7 (_loop_solver_button) | Erro PyAutoGUI: 
2026-06-04 17:30:03,270 | ERROR | Thread-7 (_loop_solver_button) | ImageNotFoundException()
2026-06-04 17:30:04,236 | ERROR | Thread-7 (_loop_solver_button) | Erro PyAutoGUI: 
2026-06-04 17:30:04,384 | ERROR | Thread-7 (_loop_solver_button) | ImageNotFoundException()
2026-06-04 17:30:04,752 | ERROR | Dummy-18 | 📥 Worker 2 iniciando fluxo PDF
2026-06-04 17:30:04,752 | ERROR | Dummy-18 | 📄 Worker 2 procurando PDF
2026-06-04 17:30:04,835 | ERROR | Dummy-18 | 🖱 Worker 2 clicou PDF
2026-06-04 17:30:04,854 | ERROR | Dummy-18 | 🧩 Worker 2 captcha aberto
2026-06-04 17:30:04,855 | ERROR | Dummy-18 | [W2] 🧩 aguardando modal...
2026-06-04 17:30:04,911 | ERROR | Dummy-18 | [captcha] modal visível
2026-06-04 17:30:05,113 | ERROR | Dummy-18 | [captcha] checkbox clicado
2026-06-04 17:30:05,130 | ERROR | Dummy-18 | [captcha] aguardando token resolver (sem timeout)...
2026-06-04 17:30:05,366 | ERROR | Thread-7 (_loop_solver_button) | Erro PyAutoGUI: 
2026-06-04 17:30:05,640 | ERROR | Thread-7 (_loop_solver_button) | ImageNotFoundException()
2026-06-04 17:30:06,553 | ERROR | Thread-7 (_loop_solver_button) | Erro PyAutoGUI: 
2026-06-04 17:30:06,768 | ERROR | Thread-7 (_loop_solver_button) | ImageNotFoundException()
2026-06-04 17:30:07,714 | ERROR | Thread-7 (_loop_solver_button) | Erro PyAutoGUI: 
2026-06-04 17:30:07,948 | ERROR | Thread-7 (_loop_solver_button) | ImageNotFoundException()
2026-06-04 17:30:08,895 | ERROR | Thread-7 (_loop_solver_button) | Erro PyAutoGUI: 
2026-06-04 17:30:09,170 | ERROR | Thread-7 (_loop_solver_button) | ImageNotFoundException()
2026-06-04 17:30:09,858 | ERROR | Dummy-15 | ❌ Worker 1 erro PDF: Message: 
Stacktrace:
	chromedriver!GetHandleVerifier [0x7ff6b78b33f5+14875]
	chromedriver!GetHandleVerifier [0x7ff6b78b3450+148d0]
	chromedriver!(No symbol) [0x7ff6b740778d]
	chromedriver!(No symbol) [0x7ff6b746195d]
	chromedriver!(No symbol) [0x7ff6b7461c5c]
	chromedriver!(No symbol) [0x7ff6b74b1e37]
	chromedriver!(No symbol) [0x7ff6b74ae9fc]
	chromedriver!(No symbol) [0x7ff6b7453eb0]
	chromedriver!(No symbol) [0x7ff6b7454e23]
	chromedriver!GetHandleVerifier [0x7ff6b7e96c61+5f80e1]
	chromedriver!GetHandleVerifier [0x7ff6b7e90feb+5f246b]
	chromedriver!GetHandleVerifier [0x7ff6b7eb62d5+617755]
	chromedriver!GetHandleVerifier [0x7ff6b78d03ae+3182e]
	chromedriver!GetHandleVerifier [0x7ff6b78d8acc+39f4c]
	chromedriver!GetHandleVerifier [0x7ff6b78bcac4+1df44]
	chromedriver!GetHandleVerifier [0x7ff6b78bcc54+1e0d4]
	chromedriver!GetHandleVerifier [0x7ff6b78a0957+1dd7]
	KERNEL32!BaseThreadInitThunk [0x7ffc8eb9e957+17]
	ntdll!RtlUserThreadStart [0x7ffc8f58427c+2c]

2026-06-04 17:30:09,858 | ERROR | Dummy-15 | 📥 Worker 1 retorno captcha: None
2026-06-04 17:30:09,859 | ERROR | Dummy-15 | ❌ Worker 1 PDF não encontrado
2026-06-04 17:30:09,863 | ERROR | Dummy-15 | Traceback (most recent call last):
  File "E:\busca inpi\busca inpi\inpi_busca_codigo_limpo\core\processo_manager.py", line 418, in abrir_detalhe_processo
    raise Exception("PDF não baixado")
Exception: PDF não baixado

2026-06-04 17:30:09,874 | ERROR | Dummy-15 | 🔁 REPEAT worker 1 processo 906452724
2026-06-04 17:30:09,875 | ERROR | Dummy-15 | 📌 Motivo retry: PDF não baixado
2026-06-04 17:30:09,875 | ERROR | Dummy-15 | 📌 Tentativa atual: 1
2026-06-04 17:30:09,875 | ERROR | Dummy-15 | ⏳ Worker 1 aguardará 3s antes retry
2026-06-04 17:30:09,875 | ERROR | Dummy-15 | 🏁 Worker 1 finalizou
2026-06-04 17:30:09,877 | ERROR | MainThread | FINALIZAR worker 1 thread=MainThread
  File "E:\busca inpi\busca inpi\inpi_busca_codigo_limpo\main.py", line 47, in <module>
    sys.exit(app.exec_())
  File "E:\busca inpi\busca inpi\inpi_busca_codigo_limpo\core\worker_manager.py", line 108, in _finalizar_processo_atual
    f"{''.join(traceback.format_stack())}"

2026-06-04 17:30:09,877 | ERROR | MainThread | 📌 Processo atual antes limpar: None
2026-06-04 17:30:09,877 | ERROR | MainThread | 🔄 Agendando próximo processo worker 1
2026-06-04 17:30:09,878 | ERROR | MainThread | 🟡 _processar_proximo chamado Worker 1
2026-06-04 17:30:09,878 | ERROR | MainThread | 📦 Worker 1 fila restante: 8
2026-06-04 17:30:09,878 | ERROR | MainThread | 🚀 Worker 1 iniciou processo 906452333
2026-06-04 17:30:09,878 | ERROR | MainThread | 🧵 Worker thread START 1
2026-06-04 17:30:09,879 | ERROR | Dummy-19 | 🚀 Worker 1 iniciando
2026-06-04 17:30:09,879 | ERROR | Dummy-19 | 🚀 PIPELINE START worker 1 | 906452333
2026-06-04 17:30:09,879 | ERROR | Dummy-19 | LOGIN 1
2026-06-04 17:30:09,879 | ERROR | Dummy-19 | GARANTIR LOGIN INICIO
2026-06-04 17:30:09,879 | ERROR | Dummy-19 | <selenium.webdriver.chrome.webdriver.WebDriver (session="a300be2f19a00d9bc75d3fa71ef4d704")>
2026-06-04 17:30:09,879 | ERROR | Dummy-19 | a300be2f19a00d9bc75d3fa71ef4d704
2026-06-04 17:30:09,879 | ERROR | Dummy-19 | ANTES DO FINDELEMENT
2026-06-04 17:30:09,880 | ERROR | Dummy-19 | LOGIN 2
2026-06-04 17:30:09,886 | ERROR | Dummy-19 | ✅ Usuário já está logado.
2026-06-04 17:30:10,164 | ERROR | Thread-7 (_loop_solver_button) | Erro PyAutoGUI: 
2026-06-04 17:30:10,439 | ERROR | Thread-7 (_loop_solver_button) | ImageNotFoundException()
2026-06-04 17:30:11,412 | ERROR | Thread-7 (_loop_solver_button) | Erro PyAutoGUI: 
2026-06-04 17:30:11,610 | ERROR | Thread-7 (_loop_solver_button) | ImageNotFoundException()
2026-06-04 17:30:12,686 | ERROR | Thread-7 (_loop_solver_button) | Erro PyAutoGUI: 
2026-06-04 17:30:13,050 | ERROR | Thread-7 (_loop_solver_button) | ImageNotFoundException()
2026-06-04 17:30:13,101 | ERROR | Dummy-19 | 📄 Serviço 389 ou 394 detectado
2026-06-04 17:30:13,101 | ERROR | Dummy-19 | 📂 Worker 1 liberando petições
2026-06-04 17:30:13,103 | ERROR | Dummy-19 | 🔍 Verificando necessidade de amplo acesso às petições...
2026-06-04 17:30:13,112 | ERROR | Dummy-19 | 🔐 Acesso restrito detectado. Solicitando liberação...
2026-06-04 17:30:13,766 | ERROR | Dummy-19 | 🖱 Link de acesso clicado
2026-06-04 17:30:14,081 | ERROR | Thread-7 (_loop_solver_button) | Erro PyAutoGUI: 
2026-06-04 17:30:14,299 | ERROR | Thread-7 (_loop_solver_button) | ImageNotFoundException()
2026-06-04 17:30:15,217 | ERROR | Thread-7 (_loop_solver_button) | Erro PyAutoGUI: 
2026-06-04 17:30:15,368 | ERROR | Thread-7 (_loop_solver_button) | ImageNotFoundException()
2026-06-04 17:30:15,630 | ERROR | Dummy-18 | ⏱️ Captcha travado no worker 2
2026-06-04 17:30:15,630 | ERROR | Dummy-18 | 🔍 Procurando reload: E:\busca inpi\busca inpi\inpi_busca_codigo_limpo\reload_button.png
2026-06-04 17:30:15,749 | ERROR | Dummy-18 | 🔄 Reload executado worker 2
2026-06-04 17:30:15,821 | ERROR | Dummy-19 | 🔓 Nenhum bloqueio de petições detectado
2026-06-04 17:30:15,823 | ERROR | Dummy-19 | 🔍 Verificando popup de amplo acesso...
2026-06-04 17:30:15,833 | ERROR | Dummy-19 | 🪟 Popup de amplo acesso detectado
2026-06-04 17:30:15,926 | ERROR | Dummy-19 | ☑️ Checkbox de concordância marcado
2026-06-04 17:30:15,996 | ERROR | Dummy-19 | 📨 Formulário enviado
2026-06-04 17:30:16,322 | ERROR | Thread-7 (_loop_solver_button) | Erro PyAutoGUI: 
2026-06-04 17:30:16,502 | ERROR | Dummy-19 | ✅ Acesso às petições liberado com sucesso
2026-06-04 17:30:16,502 | ERROR | Dummy-19 | ✅ Worker 1 petições liberadas
2026-06-04 17:30:16,540 | ERROR | Thread-7 (_loop_solver_button) | ImageNotFoundException()
2026-06-04 17:30:17,452 | ERROR | Thread-7 (_loop_solver_button) | Erro PyAutoGUI: 
2026-06-04 17:30:17,603 | ERROR | Thread-7 (_loop_solver_button) | ImageNotFoundException()
2026-06-04 17:30:18,503 | ERROR | Dummy-19 | 📥 Worker 1 iniciando fluxo PDF
2026-06-04 17:30:18,504 | ERROR | Dummy-19 | 📄 Worker 1 procurando PDF
2026-06-04 17:30:18,541 | ERROR | Thread-7 (_loop_solver_button) | Erro PyAutoGUI: 
2026-06-04 17:30:18,716 | ERROR | Dummy-19 | 🖱 Worker 1 clicou PDF
2026-06-04 17:30:18,754 | ERROR | Dummy-19 | 🧩 Worker 1 captcha aberto
2026-06-04 17:30:18,755 | ERROR | Dummy-19 | [W1] 🧩 aguardando modal...
2026-06-04 17:30:18,835 | ERROR | Dummy-19 | [captcha] modal visível
2026-06-04 17:30:18,882 | ERROR | Thread-7 (_loop_solver_button) | ImageNotFoundException()
2026-06-04 17:30:19,043 | ERROR | Dummy-19 | [captcha] checkbox clicado
2026-06-04 17:30:19,053 | ERROR | Dummy-19 | [captcha] aguardando token resolver (sem timeout)...
2026-06-04 17:30:19,870 | ERROR | Thread-7 (_loop_solver_button) | Erro PyAutoGUI: 
2026-06-04 17:30:20,171 | ERROR | Thread-7 (_loop_solver_button) | ImageNotFoundException()
2026-06-04 17:30:21,104 | ERROR | Thread-7 (_loop_solver_button) | Erro PyAutoGUI: 
2026-06-04 17:30:21,269 | ERROR | Thread-7 (_loop_solver_button) | ImageNotFoundException()
2026-06-04 17:30:22,183 | ERROR | Thread-7 (_loop_solver_button) | Erro PyAutoGUI: 
2026-06-04 17:30:22,339 | ERROR | Thread-7 (_loop_solver_button) | ImageNotFoundException()
2026-06-04 17:30:23,287 | ERROR | Thread-7 (_loop_solver_button) | Erro PyAutoGUI: 
2026-06-04 17:30:23,455 | ERROR | Thread-7 (_loop_solver_button) | ImageNotFoundException()
2026-06-04 17:30:24,383 | ERROR | Thread-7 (_loop_solver_button) | Erro PyAutoGUI: 
2026-06-04 17:30:24,541 | ERROR | Thread-7 (_loop_solver_button) | ImageNotFoundException()
2026-06-04 17:30:25,462 | ERROR | Thread-7 (_loop_solver_button) | Erro PyAutoGUI: 
2026-06-04 17:30:25,631 | ERROR | Thread-7 (_loop_solver_button) | ImageNotFoundException()
2026-06-04 17:30:26,544 | ERROR | Thread-7 (_loop_solver_button) | Erro PyAutoGUI: 
2026-06-04 17:30:26,732 | ERROR | Thread-7 (_loop_solver_button) | ImageNotFoundException()
2026-06-04 17:30:27,700 | ERROR | Thread-7 (_loop_solver_button) | Erro PyAutoGUI: 
2026-06-04 17:30:27,913 | ERROR | Thread-7 (_loop_solver_button) | ImageNotFoundException()
2026-06-04 17:30:28,842 | ERROR | Thread-7 (_loop_solver_button) | Erro PyAutoGUI: 
2026-06-04 17:30:28,993 | ERROR | Thread-7 (_loop_solver_button) | ImageNotFoundException()
2026-06-04 17:30:29,411 | ERROR | Dummy-19 | ⏱️ Captcha travado no worker 1
2026-06-04 17:30:29,411 | ERROR | Dummy-19 | 🔍 Procurando reload: E:\busca inpi\busca inpi\inpi_busca_codigo_limpo\reload_button.png
2026-06-04 17:30:29,545 | ERROR | Dummy-19 | ✅ Reload encontrado em X=178 Y=675
2026-06-04 17:30:29,649 | ERROR | Dummy-17 | ⏱️ Captcha travado no worker 3
2026-06-04 17:30:29,650 | ERROR | Dummy-17 | 🔍 Procurando reload: E:\busca inpi\busca inpi\inpi_busca_codigo_limpo\reload_button.png
2026-06-04 17:30:29,863 | ERROR | Dummy-17 | ✅ Reload encontrado em X=178 Y=675
2026-06-04 17:30:29,964 | ERROR | Thread-7 (_loop_solver_button) | Erro PyAutoGUI: 
2026-06-04 17:30:30,147 | ERROR | Thread-7 (_loop_solver_button) | ImageNotFoundException()
2026-06-04 17:30:30,649 | ERROR | Dummy-19 | 🔄 Reload clicado 2x
2026-06-04 17:30:30,649 | ERROR | Dummy-19 | 🔄 Reload executado worker 1
2026-06-04 17:30:30,983 | ERROR | Dummy-17 | 🔄 Reload clicado 2x
2026-06-04 17:30:30,984 | ERROR | Dummy-17 | 🔄 Reload executado worker 3
2026-06-04 17:30:31,097 | ERROR | Thread-7 (_loop_solver_button) | Erro PyAutoGUI: 
2026-06-04 17:30:31,252 | ERROR | Thread-7 (_loop_solver_button) | ImageNotFoundException()
2026-06-04 17:30:32,178 | ERROR | Thread-7 (_loop_solver_button) | Erro PyAutoGUI: 
2026-06-04 17:30:32,316 | ERROR | Thread-7 (_loop_solver_button) | ImageNotFoundException()
2026-06-04 17:30:33,260 | ERROR | Thread-7 (_loop_solver_button) | Erro PyAutoGUI: 
2026-06-04 17:30:33,413 | ERROR | Thread-7 (_loop_solver_button) | ImageNotFoundException()
2026-06-04 17:30:34,364 | ERROR | Thread-7 (_loop_solver_button) | Erro PyAutoGUI: 
2026-06-04 17:30:34,558 | ERROR | Thread-7 (_loop_solver_button) | ImageNotFoundException()
2026-06-04 17:30:35,486 | ERROR | Thread-7 (_loop_solver_button) | Erro PyAutoGUI: 
2026-06-04 17:30:35,704 | ERROR | Thread-7 (_loop_solver_button) | ImageNotFoundException()
2026-06-04 17:30:36,635 | ERROR | Thread-7 (_loop_solver_button) | Erro PyAutoGUI: 
2026-06-04 17:30:36,803 | ERROR | Thread-7 (_loop_solver_button) | ImageNotFoundException()
2026-06-04 17:30:37,739 | ERROR | Thread-7 (_loop_solver_button) | Erro PyAutoGUI: 
2026-06-04 17:30:37,948 | ERROR | Thread-7 (_loop_solver_button) | ImageNotFoundException()
2026-06-04 17:30:38,325 | ERROR | Dummy-17 | [W3] erro captcha: Message: invalid session id: session deleted as the browser has closed the connection
from disconnected: not connected to DevTools
  (Session info: chrome=149.0.7827.53); For documentation on this error, please visit: https://www.selenium.dev/documentation/webdriver/troubleshooting/errors#invalidsessionidexception
Stacktrace:
	chromedriver!GetHandleVerifier [0x7ff6b78b33f5+14875]
	chromedriver!GetHandleVerifier [0x7ff6b78b3450+148d0]
	chromedriver!(No symbol) [0x7ff6b740778d]
	chromedriver!(No symbol) [0x7ff6b73f2c02]
	chromedriver!(No symbol) [0x7ff6b7418f0c]
	chromedriver!(No symbol) [0x7ff6b74913c0]
	chromedriver!(No symbol) [0x7ff6b74ae2ed]
	chromedriver!(No symbol) [0x7ff6b7453eb0]
	chromedriver!(No symbol) [0x7ff6b7454e23]
	chromedriver!GetHandleVerifier [0x7ff6b7e96c61+5f80e1]
	chromedriver!GetHandleVerifier [0x7ff6b7e90feb+5f246b]
	chromedriver!GetHandleVerifier [0x7ff6b7eb62d5+617755]
	chromedriver!GetHandleVerifier [0x7ff6b78d03ae+3182e]
	chromedriver!GetHandleVerifier [0x7ff6b78d8acc+39f4c]
	chromedriver!GetHandleVerifier [0x7ff6b78bcac4+1df44]
	chromedriver!GetHandleVerifier [0x7ff6b78bcc54+1e0d4]
	chromedriver!GetHandleVerifier [0x7ff6b78a0957+1dd7]
	KERNEL32!BaseThreadInitThunk [0x7ffc8eb9e957+17]
	ntdll!RtlUserThreadStart [0x7ffc8f58427c+2c]

2026-06-04 17:30:38,325 | ERROR | Dummy-17 | [captcha] finalizado
2026-06-04 17:30:38,325 | ERROR | Dummy-17 | 📥 Worker 3 retorno captcha: None
2026-06-04 17:30:38,326 | ERROR | Dummy-17 | ❌ Worker 3 PDF não encontrado
2026-06-04 17:30:38,326 | ERROR | Dummy-17 | Traceback (most recent call last):
  File "E:\busca inpi\busca inpi\inpi_busca_codigo_limpo\core\processo_manager.py", line 418, in abrir_detalhe_processo
    raise Exception("PDF não baixado")
Exception: PDF não baixado

2026-06-04 17:30:38,340 | ERROR | Dummy-17 | 🔁 REPEAT worker 3 processo 906452341
2026-06-04 17:30:38,341 | ERROR | Dummy-17 | 📌 Motivo retry: PDF não baixado
2026-06-04 17:30:38,341 | ERROR | Dummy-17 | 📌 Tentativa atual: 1
2026-06-04 17:30:38,341 | ERROR | Dummy-17 | ⏳ Worker 3 aguardará 3s antes retry
2026-06-04 17:30:38,341 | ERROR | Dummy-17 | 🏁 Worker 3 finalizou
2026-06-04 17:30:38,342 | ERROR | MainThread | FINALIZAR worker 3 thread=MainThread
  File "E:\busca inpi\busca inpi\inpi_busca_codigo_limpo\main.py", line 47, in <module>
    sys.exit(app.exec_())
  File "E:\busca inpi\busca inpi\inpi_busca_codigo_limpo\core\worker_manager.py", line 108, in _finalizar_processo_atual
    f"{''.join(traceback.format_stack())}"

2026-06-04 17:30:38,343 | ERROR | MainThread | 📌 Processo atual antes limpar: None
2026-06-04 17:30:38,343 | ERROR | MainThread | 🔄 Agendando próximo processo worker 3
2026-06-04 17:30:38,343 | ERROR | MainThread | 🟡 _processar_proximo chamado Worker 3
2026-06-04 17:30:38,344 | ERROR | MainThread | 📦 Worker 3 fila restante: 7
2026-06-04 17:30:38,344 | ERROR | MainThread | 🚀 Worker 3 iniciou processo 906451914
2026-06-04 17:30:38,344 | ERROR | MainThread | 🧵 Worker thread START 3
2026-06-04 17:30:38,346 | ERROR | Dummy-20 | 🚀 Worker 3 iniciando
2026-06-04 17:30:38,347 | ERROR | Dummy-20 | 🚀 PIPELINE START worker 3 | 906451914
2026-06-04 17:30:38,347 | ERROR | Dummy-20 | LOGIN 1
2026-06-04 17:30:38,347 | ERROR | Dummy-20 | GARANTIR LOGIN INICIO
2026-06-04 17:30:38,348 | ERROR | Dummy-20 | <selenium.webdriver.chrome.webdriver.WebDriver (session="5fb19a7078ea1b34009bbcbaae817860")>
2026-06-04 17:30:38,348 | ERROR | Dummy-20 | 5fb19a7078ea1b34009bbcbaae817860
2026-06-04 17:30:38,348 | ERROR | Dummy-20 | ANTES DO FINDELEMENT
2026-06-04 17:30:38,348 | ERROR | Dummy-20 | LOGIN 2
2026-06-04 17:30:38,358 | ERROR | Dummy-20 | Traceback (most recent call last):
  File "E:\busca inpi\busca inpi\inpi_busca_codigo_limpo\core\processo_manager.py", line 330, in abrir_detalhe_processo
    self.garantir_login(driver)
    ~~~~~~~~~~~~~~~~~~~^^^^^^^^
  File "E:\busca inpi\busca inpi\inpi_busca_codigo_limpo\core\login_manager.py", line 62, in garantir_login
    wait_element(
    ~~~~~~~~~~~~^
        self,
        ^^^^^
    ...<2 lines>...
        timeout=5
        ^^^^^^^^^
    )
    ^
  File "E:\busca inpi\busca inpi\inpi_busca_codigo_limpo\core\network_utils.py", line 39, in wait_element
    return WebDriverWait(driver, timeout).until(
           ~~~~~~~~~~~~~~~~~~~~~~~~~~~~~~~~~~~~^
        EC.presence_of_element_located(locator)
        ^^^^^^^^^^^^^^^^^^^^^^^^^^^^^^^^^^^^^^^
    )
    ^
  File "E:\busca inpi\busca inpi\inpi_busca_codigo_limpo\venv\Lib\site-packages\selenium\webdriver\support\wait.py", line 112, in until
    value = method(self._driver)
  File "E:\busca inpi\busca inpi\inpi_busca_codigo_limpo\venv\Lib\site-packages\selenium\webdriver\support\expected_conditions.py", line 92, in _predicate
    return driver.find_element(*locator)
           ~~~~~~~~~~~~~~~~~~~^^^^^^^^^^
  File "E:\busca inpi\busca inpi\inpi_busca_codigo_limpo\venv\Lib\site-packages\selenium\webdriver\remote\webdriver.py", line 868, in find_element
    return self.execute(Command.FIND_ELEMENT, {"using": by, "value": value})["value"]
           ~~~~~~~~~~~~^^^^^^^^^^^^^^^^^^^^^^^^^^^^^^^^^^^^^^^^^^^^^^^^^^^^^
  File "E:\busca inpi\busca inpi\inpi_busca_codigo_limpo\venv\Lib\site-packages\selenium\webdriver\remote\webdriver.py", line 468, in execute
    self.error_handler.check_response(response)
    ~~~~~~~~~~~~~~~~~~~~~~~~~~~~~~~~~^^^^^^^^^^
  File "E:\busca inpi\busca inpi\inpi_busca_codigo_limpo\venv\Lib\site-packages\selenium\webdriver\remote\errorhandler.py", line 232, in check_response
    raise exception_class(message, screen, stacktrace)
selenium.common.exceptions.InvalidSessionIdException: Message: invalid session id; For documentation on this error, please visit: https://www.selenium.dev/documentation/webdriver/troubleshooting/errors#invalidsessionidexception
Stacktrace:
	chromedriver!GetHandleVerifier [0x7ff6b78b33f5+14875]
	chromedriver!GetHandleVerifier [0x7ff6b78b3450+148d0]
	chromedriver!(No symbol) [0x7ff6b7407576]
	chromedriver!(No symbol) [0x7ff6b7452ea6]
	chromedriver!(No symbol) [0x7ff6b748a182]
	chromedriver!(No symbol) [0x7ff6b7483f82]
	chromedriver!(No symbol) [0x7ff6b7483742]
	chromedriver!(No symbol) [0x7ff6b73d0255]
	chromedriver!GetHandleVerifier [0x7ff6b7e96c61+5f80e1]
	chromedriver!GetHandleVerifier [0x7ff6b7e90feb+5f246b]
	chromedriver!GetHandleVerifier [0x7ff6b7eb62d5+617755]
	chromedriver!GetHandleVerifier [0x7ff6b78d03ae+3182e]
	chromedriver!GetHandleVerifier [0x7ff6b78d8acc+39f4c]
	chromedriver!(No symbol) [0x7ff6b73ceff8]
	chromedriver!GetHandleVerifier [0x7ff6b806f328+7d07a8]
	KERNEL32!BaseThreadInitThunk [0x7ffc8eb9e957+17]
	ntdll!RtlUserThreadStart [0x7ffc8f58427c+2c]


2026-06-04 17:30:38,369 | ERROR | Dummy-20 | 🔁 REPEAT worker 3 processo 906451914
2026-06-04 17:30:38,370 | ERROR | Dummy-20 | 📌 Motivo retry: Message: invalid session id; For documentation on this error, please visit: https://www.selenium.dev/documentation/webdriver/troubleshooting/errors#invalidsessionidexception
Stacktrace:
	chromedriver!GetHandleVerifier [0x7ff6b78b33f5+14875]
	chromedriver!GetHandleVerifier [0x7ff6b78b3450+148d0]
	chromedriver!(No symbol) [0x7ff6b7407576]
	chromedriver!(No symbol) [0x7ff6b7452ea6]
	chromedriver!(No symbol) [0x7ff6b748a182]
	chromedriver!(No symbol) [0x7ff6b7483f82]
	chromedriver!(No symbol) [0x7ff6b7483742]
	chromedriver!(No symbol) [0x7ff6b73d0255]
	chromedriver!GetHandleVerifier [0x7ff6b7e96c61+5f80e1]
	chromedriver!GetHandleVerifier [0x7ff6b7e90feb+5f246b]
	chromedriver!GetHandleVerifier [0x7ff6b7eb62d5+617755]
	chromedriver!GetHandleVerifier [0x7ff6b78d03ae+3182e]
	chromedriver!GetHandleVerifier [0x7ff6b78d8acc+39f4c]
	chromedriver!(No symbol) [0x7ff6b73ceff8]
	chromedriver!GetHandleVerifier [0x7ff6b806f328+7d07a8]
	KERNEL32!BaseThreadInitThunk [0x7ffc8eb9e957+17]
	ntdll!RtlUserThreadStart [0x7ffc8f58427c+2c]

2026-06-04 17:30:38,370 | ERROR | Dummy-20 | 📌 Tentativa atual: 1
2026-06-04 17:30:38,370 | ERROR | Dummy-20 | ⏳ Worker 3 aguardará 3s antes retry
2026-06-04 17:30:38,370 | ERROR | Dummy-20 | 🏁 Worker 3 finalizou
2026-06-04 17:30:38,373 | ERROR | MainThread | FINALIZAR worker 3 thread=MainThread
  File "E:\busca inpi\busca inpi\inpi_busca_codigo_limpo\main.py", line 47, in <module>
    sys.exit(app.exec_())
  File "E:\busca inpi\busca inpi\inpi_busca_codigo_limpo\core\worker_manager.py", line 108, in _finalizar_processo_atual
    f"{''.join(traceback.format_stack())}"

2026-06-04 17:30:38,373 | ERROR | MainThread | 📌 Processo atual antes limpar: None
2026-06-04 17:30:38,374 | ERROR | MainThread | 🔄 Agendando próximo processo worker 3
2026-06-04 17:30:38,375 | ERROR | MainThread | 🟡 _processar_proximo chamado Worker 3
2026-06-04 17:30:38,375 | ERROR | MainThread | 📦 Worker 3 fila restante: 6
2026-06-04 17:30:38,375 | ERROR | MainThread | 🚀 Worker 3 iniciou processo 906451752
2026-06-04 17:30:38,375 | ERROR | MainThread | 🧵 Worker thread START 3
2026-06-04 17:30:38,376 | ERROR | Dummy-21 | 🚀 Worker 3 iniciando
2026-06-04 17:30:38,376 | ERROR | Dummy-21 | 🚀 PIPELINE START worker 3 | 906451752
2026-06-04 17:30:38,376 | ERROR | Dummy-21 | LOGIN 1
2026-06-04 17:30:38,376 | ERROR | Dummy-21 | GARANTIR LOGIN INICIO
2026-06-04 17:30:38,377 | ERROR | Dummy-21 | <selenium.webdriver.chrome.webdriver.WebDriver (session="5fb19a7078ea1b34009bbcbaae817860")>
2026-06-04 17:30:38,377 | ERROR | Dummy-21 | 5fb19a7078ea1b34009bbcbaae817860
2026-06-04 17:30:38,377 | ERROR | Dummy-21 | ANTES DO FINDELEMENT
2026-06-04 17:30:38,377 | ERROR | Dummy-21 | LOGIN 2
2026-06-04 17:30:38,381 | ERROR | Dummy-21 | Traceback (most recent call last):
  File "E:\busca inpi\busca inpi\inpi_busca_codigo_limpo\core\processo_manager.py", line 330, in abrir_detalhe_processo
    self.garantir_login(driver)
    ~~~~~~~~~~~~~~~~~~~^^^^^^^^
  File "E:\busca inpi\busca inpi\inpi_busca_codigo_limpo\core\login_manager.py", line 62, in garantir_login
    wait_element(
    ~~~~~~~~~~~~^
        self,
        ^^^^^
    ...<2 lines>...
        timeout=5
        ^^^^^^^^^
    )
    ^
  File "E:\busca inpi\busca inpi\inpi_busca_codigo_limpo\core\network_utils.py", line 39, in wait_element
    return WebDriverWait(driver, timeout).until(
           ~~~~~~~~~~~~~~~~~~~~~~~~~~~~~~~~~~~~^
        EC.presence_of_element_located(locator)
        ^^^^^^^^^^^^^^^^^^^^^^^^^^^^^^^^^^^^^^^
    )
    ^
  File "E:\busca inpi\busca inpi\inpi_busca_codigo_limpo\venv\Lib\site-packages\selenium\webdriver\support\wait.py", line 112, in until
    value = method(self._driver)
  File "E:\busca inpi\busca inpi\inpi_busca_codigo_limpo\venv\Lib\site-packages\selenium\webdriver\support\expected_conditions.py", line 92, in _predicate
    return driver.find_element(*locator)
           ~~~~~~~~~~~~~~~~~~~^^^^^^^^^^
  File "E:\busca inpi\busca inpi\inpi_busca_codigo_limpo\venv\Lib\site-packages\selenium\webdriver\remote\webdriver.py", line 868, in find_element
    return self.execute(Command.FIND_ELEMENT, {"using": by, "value": value})["value"]
           ~~~~~~~~~~~~^^^^^^^^^^^^^^^^^^^^^^^^^^^^^^^^^^^^^^^^^^^^^^^^^^^^^
  File "E:\busca inpi\busca inpi\inpi_busca_codigo_limpo\venv\Lib\site-packages\selenium\webdriver\remote\webdriver.py", line 468, in execute
    self.error_handler.check_response(response)
    ~~~~~~~~~~~~~~~~~~~~~~~~~~~~~~~~~^^^^^^^^^^
  File "E:\busca inpi\busca inpi\inpi_busca_codigo_limpo\venv\Lib\site-packages\selenium\webdriver\remote\errorhandler.py", line 232, in check_response
    raise exception_class(message, screen, stacktrace)
selenium.common.exceptions.InvalidSessionIdException: Message: invalid session id; For documentation on this error, please visit: https://www.selenium.dev/documentation/webdriver/troubleshooting/errors#invalidsessionidexception
Stacktrace:
	chromedriver!GetHandleVerifier [0x7ff6b78b33f5+14875]
	chromedriver!GetHandleVerifier [0x7ff6b78b3450+148d0]
	chromedriver!(No symbol) [0x7ff6b7407576]
	chromedriver!(No symbol) [0x7ff6b7452ea6]
	chromedriver!(No symbol) [0x7ff6b748a182]
	chromedriver!(No symbol) [0x7ff6b7483f82]
	chromedriver!(No symbol) [0x7ff6b7483742]
	chromedriver!(No symbol) [0x7ff6b73d0255]
	chromedriver!GetHandleVerifier [0x7ff6b7e96c61+5f80e1]
	chromedriver!GetHandleVerifier [0x7ff6b7e90feb+5f246b]
	chromedriver!GetHandleVerifier [0x7ff6b7eb62d5+617755]
	chromedriver!GetHandleVerifier [0x7ff6b78d03ae+3182e]
	chromedriver!GetHandleVerifier [0x7ff6b78d8acc+39f4c]
	chromedriver!(No symbol) [0x7ff6b73ceff8]
	chromedriver!GetHandleVerifier [0x7ff6b806f328+7d07a8]
	KERNEL32!BaseThreadInitThunk [0x7ffc8eb9e957+17]
	ntdll!RtlUserThreadStart [0x7ffc8f58427c+2c]


2026-06-04 17:30:38,395 | ERROR | Dummy-21 | 🔁 REPEAT worker 3 processo 906451752
2026-06-04 17:30:38,396 | ERROR | Dummy-21 | 📌 Motivo retry: Message: invalid session id; For documentation on this error, please visit: https://www.selenium.dev/documentation/webdriver/troubleshooting/errors#invalidsessionidexception
Stacktrace:
	chromedriver!GetHandleVerifier [0x7ff6b78b33f5+14875]
	chromedriver!GetHandleVerifier [0x7ff6b78b3450+148d0]
	chromedriver!(No symbol) [0x7ff6b7407576]
	chromedriver!(No symbol) [0x7ff6b7452ea6]
	chromedriver!(No symbol) [0x7ff6b748a182]
	chromedriver!(No symbol) [0x7ff6b7483f82]
	chromedriver!(No symbol) [0x7ff6b7483742]
	chromedriver!(No symbol) [0x7ff6b73d0255]
	chromedriver!GetHandleVerifier [0x7ff6b7e96c61+5f80e1]
	chromedriver!GetHandleVerifier [0x7ff6b7e90feb+5f246b]
	chromedriver!GetHandleVerifier [0x7ff6b7eb62d5+617755]
	chromedriver!GetHandleVerifier [0x7ff6b78d03ae+3182e]
	chromedriver!GetHandleVerifier [0x7ff6b78d8acc+39f4c]
	chromedriver!(No symbol) [0x7ff6b73ceff8]
	chromedriver!GetHandleVerifier [0x7ff6b806f328+7d07a8]
	KERNEL32!BaseThreadInitThunk [0x7ffc8eb9e957+17]
	ntdll!RtlUserThreadStart [0x7ffc8f58427c+2c]

2026-06-04 17:30:38,396 | ERROR | Dummy-21 | 📌 Tentativa atual: 1
2026-06-04 17:30:38,396 | ERROR | Dummy-21 | ⏳ Worker 3 aguardará 3s antes retry
2026-06-04 17:30:38,397 | ERROR | Dummy-21 | 🏁 Worker 3 finalizou
2026-06-04 17:30:38,402 | ERROR | MainThread | FINALIZAR worker 3 thread=MainThread
  File "E:\busca inpi\busca inpi\inpi_busca_codigo_limpo\main.py", line 47, in <module>
    sys.exit(app.exec_())
  File "E:\busca inpi\busca inpi\inpi_busca_codigo_limpo\core\worker_manager.py", line 108, in _finalizar_processo_atual
    f"{''.join(traceback.format_stack())}"

2026-06-04 17:30:38,403 | ERROR | MainThread | 📌 Processo atual antes limpar: None
2026-06-04 17:30:38,403 | ERROR | MainThread | 🔄 Agendando próximo processo worker 3
2026-06-04 17:30:38,406 | ERROR | MainThread | 🟡 _processar_proximo chamado Worker 3
2026-06-04 17:30:38,406 | ERROR | MainThread | 📦 Worker 3 fila restante: 5
2026-06-04 17:30:38,407 | ERROR | MainThread | 🚀 Worker 3 iniciou processo 906451264
2026-06-04 17:30:38,408 | ERROR | MainThread | 🧵 Worker thread START 3
2026-06-04 17:30:38,410 | ERROR | Dummy-22 | 🚀 Worker 3 iniciando
2026-06-04 17:30:38,410 | ERROR | Dummy-22 | 🚀 PIPELINE START worker 3 | 906451264
2026-06-04 17:30:38,411 | ERROR | Dummy-22 | LOGIN 1
2026-06-04 17:30:38,411 | ERROR | Dummy-22 | GARANTIR LOGIN INICIO
2026-06-04 17:30:38,411 | ERROR | Dummy-22 | <selenium.webdriver.chrome.webdriver.WebDriver (session="5fb19a7078ea1b34009bbcbaae817860")>
2026-06-04 17:30:38,411 | ERROR | Dummy-22 | 5fb19a7078ea1b34009bbcbaae817860
2026-06-04 17:30:38,412 | ERROR | Dummy-22 | ANTES DO FINDELEMENT
2026-06-04 17:30:38,412 | ERROR | Dummy-22 | LOGIN 2
2026-06-04 17:30:38,421 | ERROR | Dummy-22 | Traceback (most recent call last):
  File "E:\busca inpi\busca inpi\inpi_busca_codigo_limpo\core\processo_manager.py", line 330, in abrir_detalhe_processo
    self.garantir_login(driver)
    ~~~~~~~~~~~~~~~~~~~^^^^^^^^
  File "E:\busca inpi\busca inpi\inpi_busca_codigo_limpo\core\login_manager.py", line 62, in garantir_login
    wait_element(
    ~~~~~~~~~~~~^
        self,
        ^^^^^
    ...<2 lines>...
        timeout=5
        ^^^^^^^^^
    )
    ^
  File "E:\busca inpi\busca inpi\inpi_busca_codigo_limpo\core\network_utils.py", line 39, in wait_element
    return WebDriverWait(driver, timeout).until(
           ~~~~~~~~~~~~~~~~~~~~~~~~~~~~~~~~~~~~^
        EC.presence_of_element_located(locator)
        ^^^^^^^^^^^^^^^^^^^^^^^^^^^^^^^^^^^^^^^
    )
    ^
  File "E:\busca inpi\busca inpi\inpi_busca_codigo_limpo\venv\Lib\site-packages\selenium\webdriver\support\wait.py", line 112, in until
    value = method(self._driver)
  File "E:\busca inpi\busca inpi\inpi_busca_codigo_limpo\venv\Lib\site-packages\selenium\webdriver\support\expected_conditions.py", line 92, in _predicate
    return driver.find_element(*locator)
           ~~~~~~~~~~~~~~~~~~~^^^^^^^^^^
  File "E:\busca inpi\busca inpi\inpi_busca_codigo_limpo\venv\Lib\site-packages\selenium\webdriver\remote\webdriver.py", line 868, in find_element
    return self.execute(Command.FIND_ELEMENT, {"using": by, "value": value})["value"]
           ~~~~~~~~~~~~^^^^^^^^^^^^^^^^^^^^^^^^^^^^^^^^^^^^^^^^^^^^^^^^^^^^^
  File "E:\busca inpi\busca inpi\inpi_busca_codigo_limpo\venv\Lib\site-packages\selenium\webdriver\remote\webdriver.py", line 468, in execute
    self.error_handler.check_response(response)
    ~~~~~~~~~~~~~~~~~~~~~~~~~~~~~~~~~^^^^^^^^^^
  File "E:\busca inpi\busca inpi\inpi_busca_codigo_limpo\venv\Lib\site-packages\selenium\webdriver\remote\errorhandler.py", line 232, in check_response
    raise exception_class(message, screen, stacktrace)
selenium.common.exceptions.InvalidSessionIdException: Message: invalid session id; For documentation on this error, please visit: https://www.selenium.dev/documentation/webdriver/troubleshooting/errors#invalidsessionidexception
Stacktrace:
	chromedriver!GetHandleVerifier [0x7ff6b78b33f5+14875]
	chromedriver!GetHandleVerifier [0x7ff6b78b3450+148d0]
	chromedriver!(No symbol) [0x7ff6b7407576]
	chromedriver!(No symbol) [0x7ff6b7452ea6]
	chromedriver!(No symbol) [0x7ff6b748a182]
	chromedriver!(No symbol) [0x7ff6b7483f82]
	chromedriver!(No symbol) [0x7ff6b7483742]
	chromedriver!(No symbol) [0x7ff6b73d0255]
	chromedriver!GetHandleVerifier [0x7ff6b7e96c61+5f80e1]
	chromedriver!GetHandleVerifier [0x7ff6b7e90feb+5f246b]
	chromedriver!GetHandleVerifier [0x7ff6b7eb62d5+617755]
	chromedriver!GetHandleVerifier [0x7ff6b78d03ae+3182e]
	chromedriver!GetHandleVerifier [0x7ff6b78d8acc+39f4c]
	chromedriver!(No symbol) [0x7ff6b73ceff8]
	chromedriver!GetHandleVerifier [0x7ff6b806f328+7d07a8]
	KERNEL32!BaseThreadInitThunk [0x7ffc8eb9e957+17]
	ntdll!RtlUserThreadStart [0x7ffc8f58427c+2c]


2026-06-04 17:30:38,439 | ERROR | Dummy-22 | 🔁 REPEAT worker 3 processo 906451264
2026-06-04 17:30:38,441 | ERROR | Dummy-22 | 📌 Motivo retry: Message: invalid session id; For documentation on this error, please visit: https://www.selenium.dev/documentation/webdriver/troubleshooting/errors#invalidsessionidexception
Stacktrace:
	chromedriver!GetHandleVerifier [0x7ff6b78b33f5+14875]
	chromedriver!GetHandleVerifier [0x7ff6b78b3450+148d0]
	chromedriver!(No symbol) [0x7ff6b7407576]
	chromedriver!(No symbol) [0x7ff6b7452ea6]
	chromedriver!(No symbol) [0x7ff6b748a182]
	chromedriver!(No symbol) [0x7ff6b7483f82]
	chromedriver!(No symbol) [0x7ff6b7483742]
	chromedriver!(No symbol) [0x7ff6b73d0255]
	chromedriver!GetHandleVerifier [0x7ff6b7e96c61+5f80e1]
	chromedriver!GetHandleVerifier [0x7ff6b7e90feb+5f246b]
	chromedriver!GetHandleVerifier [0x7ff6b7eb62d5+617755]
	chromedriver!GetHandleVerifier [0x7ff6b78d03ae+3182e]
	chromedriver!GetHandleVerifier [0x7ff6b78d8acc+39f4c]
	chromedriver!(No symbol) [0x7ff6b73ceff8]
	chromedriver!GetHandleVerifier [0x7ff6b806f328+7d07a8]
	KERNEL32!BaseThreadInitThunk [0x7ffc8eb9e957+17]
	ntdll!RtlUserThreadStart [0x7ffc8f58427c+2c]

2026-06-04 17:30:38,441 | ERROR | Dummy-22 | 📌 Tentativa atual: 1
2026-06-04 17:30:38,442 | ERROR | Dummy-22 | ⏳ Worker 3 aguardará 3s antes retry
2026-06-04 17:30:38,442 | ERROR | Dummy-22 | 🏁 Worker 3 finalizou
2026-06-04 17:30:38,447 | ERROR | MainThread | FINALIZAR worker 3 thread=MainThread
  File "E:\busca inpi\busca inpi\inpi_busca_codigo_limpo\main.py", line 47, in <module>
    sys.exit(app.exec_())
  File "E:\busca inpi\busca inpi\inpi_busca_codigo_limpo\core\worker_manager.py", line 108, in _finalizar_processo_atual
    f"{''.join(traceback.format_stack())}"

2026-06-04 17:30:38,449 | ERROR | MainThread | 📌 Processo atual antes limpar: None
2026-06-04 17:30:38,450 | ERROR | MainThread | 🔄 Agendando próximo processo worker 3
2026-06-04 17:30:38,452 | ERROR | MainThread | 🟡 _processar_proximo chamado Worker 3
2026-06-04 17:30:38,453 | ERROR | MainThread | 📦 Worker 3 fila restante: 4
2026-06-04 17:30:38,454 | ERROR | MainThread | 🚀 Worker 3 iniciou processo 906451191
2026-06-04 17:30:38,454 | ERROR | MainThread | 🧵 Worker thread START 3
2026-06-04 17:30:38,456 | ERROR | Dummy-23 | 🚀 Worker 3 iniciando
2026-06-04 17:30:38,456 | ERROR | Dummy-23 | 🚀 PIPELINE START worker 3 | 906451191
2026-06-04 17:30:38,456 | ERROR | Dummy-23 | LOGIN 1
2026-06-04 17:30:38,457 | ERROR | Dummy-23 | GARANTIR LOGIN INICIO
2026-06-04 17:30:38,457 | ERROR | Dummy-23 | <selenium.webdriver.chrome.webdriver.WebDriver (session="5fb19a7078ea1b34009bbcbaae817860")>
2026-06-04 17:30:38,457 | ERROR | Dummy-23 | 5fb19a7078ea1b34009bbcbaae817860
2026-06-04 17:30:38,457 | ERROR | Dummy-23 | ANTES DO FINDELEMENT
2026-06-04 17:30:38,457 | ERROR | Dummy-23 | LOGIN 2
2026-06-04 17:30:38,467 | ERROR | Dummy-23 | Traceback (most recent call last):
  File "E:\busca inpi\busca inpi\inpi_busca_codigo_limpo\core\processo_manager.py", line 330, in abrir_detalhe_processo
    self.garantir_login(driver)
    ~~~~~~~~~~~~~~~~~~~^^^^^^^^
  File "E:\busca inpi\busca inpi\inpi_busca_codigo_limpo\core\login_manager.py", line 62, in garantir_login
    wait_element(
    ~~~~~~~~~~~~^
        self,
        ^^^^^
    ...<2 lines>...
        timeout=5
        ^^^^^^^^^
    )
    ^
  File "E:\busca inpi\busca inpi\inpi_busca_codigo_limpo\core\network_utils.py", line 39, in wait_element
    return WebDriverWait(driver, timeout).until(
           ~~~~~~~~~~~~~~~~~~~~~~~~~~~~~~~~~~~~^
        EC.presence_of_element_located(locator)
        ^^^^^^^^^^^^^^^^^^^^^^^^^^^^^^^^^^^^^^^
    )
    ^
  File "E:\busca inpi\busca inpi\inpi_busca_codigo_limpo\venv\Lib\site-packages\selenium\webdriver\support\wait.py", line 112, in until
    value = method(self._driver)
  File "E:\busca inpi\busca inpi\inpi_busca_codigo_limpo\venv\Lib\site-packages\selenium\webdriver\support\expected_conditions.py", line 92, in _predicate
    return driver.find_element(*locator)
           ~~~~~~~~~~~~~~~~~~~^^^^^^^^^^
  File "E:\busca inpi\busca inpi\inpi_busca_codigo_limpo\venv\Lib\site-packages\selenium\webdriver\remote\webdriver.py", line 868, in find_element
    return self.execute(Command.FIND_ELEMENT, {"using": by, "value": value})["value"]
           ~~~~~~~~~~~~^^^^^^^^^^^^^^^^^^^^^^^^^^^^^^^^^^^^^^^^^^^^^^^^^^^^^
  File "E:\busca inpi\busca inpi\inpi_busca_codigo_limpo\venv\Lib\site-packages\selenium\webdriver\remote\webdriver.py", line 468, in execute
    self.error_handler.check_response(response)
    ~~~~~~~~~~~~~~~~~~~~~~~~~~~~~~~~~^^^^^^^^^^
  File "E:\busca inpi\busca inpi\inpi_busca_codigo_limpo\venv\Lib\site-packages\selenium\webdriver\remote\errorhandler.py", line 232, in check_response
    raise exception_class(message, screen, stacktrace)
selenium.common.exceptions.InvalidSessionIdException: Message: invalid session id; For documentation on this error, please visit: https://www.selenium.dev/documentation/webdriver/troubleshooting/errors#invalidsessionidexception
Stacktrace:
	chromedriver!GetHandleVerifier [0x7ff6b78b33f5+14875]
	chromedriver!GetHandleVerifier [0x7ff6b78b3450+148d0]
	chromedriver!(No symbol) [0x7ff6b7407576]
	chromedriver!(No symbol) [0x7ff6b7452ea6]
	chromedriver!(No symbol) [0x7ff6b748a182]
	chromedriver!(No symbol) [0x7ff6b7483f82]
	chromedriver!(No symbol) [0x7ff6b7483742]
	chromedriver!(No symbol) [0x7ff6b73d0255]
	chromedriver!GetHandleVerifier [0x7ff6b7e96c61+5f80e1]
	chromedriver!GetHandleVerifier [0x7ff6b7e90feb+5f246b]
	chromedriver!GetHandleVerifier [0x7ff6b7eb62d5+617755]
	chromedriver!GetHandleVerifier [0x7ff6b78d03ae+3182e]
	chromedriver!GetHandleVerifier [0x7ff6b78d8acc+39f4c]
	chromedriver!(No symbol) [0x7ff6b73ceff8]
	chromedriver!GetHandleVerifier [0x7ff6b806f328+7d07a8]
	KERNEL32!BaseThreadInitThunk [0x7ffc8eb9e957+17]
	ntdll!RtlUserThreadStart [0x7ffc8f58427c+2c]


2026-06-04 17:30:38,484 | ERROR | Dummy-23 | 🔁 REPEAT worker 3 processo 906451191
2026-06-04 17:30:38,485 | ERROR | Dummy-23 | 📌 Motivo retry: Message: invalid session id; For documentation on this error, please visit: https://www.selenium.dev/documentation/webdriver/troubleshooting/errors#invalidsessionidexception
Stacktrace:
	chromedriver!GetHandleVerifier [0x7ff6b78b33f5+14875]
	chromedriver!GetHandleVerifier [0x7ff6b78b3450+148d0]
	chromedriver!(No symbol) [0x7ff6b7407576]
	chromedriver!(No symbol) [0x7ff6b7452ea6]
	chromedriver!(No symbol) [0x7ff6b748a182]
	chromedriver!(No symbol) [0x7ff6b7483f82]
	chromedriver!(No symbol) [0x7ff6b7483742]
	chromedriver!(No symbol) [0x7ff6b73d0255]
	chromedriver!GetHandleVerifier [0x7ff6b7e96c61+5f80e1]
	chromedriver!GetHandleVerifier [0x7ff6b7e90feb+5f246b]
	chromedriver!GetHandleVerifier [0x7ff6b7eb62d5+617755]
	chromedriver!GetHandleVerifier [0x7ff6b78d03ae+3182e]
	chromedriver!GetHandleVerifier [0x7ff6b78d8acc+39f4c]
	chromedriver!(No symbol) [0x7ff6b73ceff8]
	chromedriver!GetHandleVerifier [0x7ff6b806f328+7d07a8]
	KERNEL32!BaseThreadInitThunk [0x7ffc8eb9e957+17]
	ntdll!RtlUserThreadStart [0x7ffc8f58427c+2c]

2026-06-04 17:30:38,485 | ERROR | Dummy-23 | 📌 Tentativa atual: 1
2026-06-04 17:30:38,485 | ERROR | Dummy-23 | ⏳ Worker 3 aguardará 3s antes retry
2026-06-04 17:30:38,486 | ERROR | Dummy-23 | 🏁 Worker 3 finalizou
2026-06-04 17:30:38,493 | ERROR | MainThread | FINALIZAR worker 3 thread=MainThread
  File "E:\busca inpi\busca inpi\inpi_busca_codigo_limpo\main.py", line 47, in <module>
    sys.exit(app.exec_())
  File "E:\busca inpi\busca inpi\inpi_busca_codigo_limpo\core\worker_manager.py", line 108, in _finalizar_processo_atual
    f"{''.join(traceback.format_stack())}"

2026-06-04 17:30:38,496 | ERROR | MainThread | 📌 Processo atual antes limpar: None
2026-06-04 17:30:38,497 | ERROR | MainThread | 🔄 Agendando próximo processo worker 3
2026-06-04 17:30:38,498 | ERROR | MainThread | 🟡 _processar_proximo chamado Worker 3
2026-06-04 17:30:38,499 | ERROR | MainThread | 📦 Worker 3 fila restante: 3
2026-06-04 17:30:38,499 | ERROR | MainThread | 🚀 Worker 3 iniciou processo 906450721
2026-06-04 17:30:38,500 | ERROR | MainThread | 🧵 Worker thread START 3
2026-06-04 17:30:38,501 | ERROR | Dummy-24 | 🚀 Worker 3 iniciando
2026-06-04 17:30:38,502 | ERROR | Dummy-24 | 🚀 PIPELINE START worker 3 | 906450721
2026-06-04 17:30:38,502 | ERROR | Dummy-24 | LOGIN 1
2026-06-04 17:30:38,503 | ERROR | Dummy-24 | GARANTIR LOGIN INICIO
2026-06-04 17:30:38,503 | ERROR | Dummy-24 | <selenium.webdriver.chrome.webdriver.WebDriver (session="5fb19a7078ea1b34009bbcbaae817860")>
2026-06-04 17:30:38,503 | ERROR | Dummy-24 | 5fb19a7078ea1b34009bbcbaae817860
2026-06-04 17:30:38,503 | ERROR | Dummy-24 | ANTES DO FINDELEMENT
2026-06-04 17:30:38,504 | ERROR | Dummy-24 | LOGIN 2
2026-06-04 17:30:38,515 | ERROR | Dummy-24 | Traceback (most recent call last):
  File "E:\busca inpi\busca inpi\inpi_busca_codigo_limpo\core\processo_manager.py", line 330, in abrir_detalhe_processo
    self.garantir_login(driver)
    ~~~~~~~~~~~~~~~~~~~^^^^^^^^
  File "E:\busca inpi\busca inpi\inpi_busca_codigo_limpo\core\login_manager.py", line 62, in garantir_login
    wait_element(
    ~~~~~~~~~~~~^
        self,
        ^^^^^
    ...<2 lines>...
        timeout=5
        ^^^^^^^^^
    )
    ^
  File "E:\busca inpi\busca inpi\inpi_busca_codigo_limpo\core\network_utils.py", line 39, in wait_element
    return WebDriverWait(driver, timeout).until(
           ~~~~~~~~~~~~~~~~~~~~~~~~~~~~~~~~~~~~^
        EC.presence_of_element_located(locator)
        ^^^^^^^^^^^^^^^^^^^^^^^^^^^^^^^^^^^^^^^
    )
    ^
  File "E:\busca inpi\busca inpi\inpi_busca_codigo_limpo\venv\Lib\site-packages\selenium\webdriver\support\wait.py", line 112, in until
    value = method(self._driver)
  File "E:\busca inpi\busca inpi\inpi_busca_codigo_limpo\venv\Lib\site-packages\selenium\webdriver\support\expected_conditions.py", line 92, in _predicate
    return driver.find_element(*locator)
           ~~~~~~~~~~~~~~~~~~~^^^^^^^^^^
  File "E:\busca inpi\busca inpi\inpi_busca_codigo_limpo\venv\Lib\site-packages\selenium\webdriver\remote\webdriver.py", line 868, in find_element
    return self.execute(Command.FIND_ELEMENT, {"using": by, "value": value})["value"]
           ~~~~~~~~~~~~^^^^^^^^^^^^^^^^^^^^^^^^^^^^^^^^^^^^^^^^^^^^^^^^^^^^^
  File "E:\busca inpi\busca inpi\inpi_busca_codigo_limpo\venv\Lib\site-packages\selenium\webdriver\remote\webdriver.py", line 468, in execute
    self.error_handler.check_response(response)
    ~~~~~~~~~~~~~~~~~~~~~~~~~~~~~~~~~^^^^^^^^^^
  File "E:\busca inpi\busca inpi\inpi_busca_codigo_limpo\venv\Lib\site-packages\selenium\webdriver\remote\errorhandler.py", line 232, in check_response
    raise exception_class(message, screen, stacktrace)
selenium.common.exceptions.InvalidSessionIdException: Message: invalid session id; For documentation on this error, please visit: https://www.selenium.dev/documentation/webdriver/troubleshooting/errors#invalidsessionidexception
Stacktrace:
	chromedriver!GetHandleVerifier [0x7ff6b78b33f5+14875]
	chromedriver!GetHandleVerifier [0x7ff6b78b3450+148d0]
	chromedriver!(No symbol) [0x7ff6b7407576]
	chromedriver!(No symbol) [0x7ff6b7452ea6]
	chromedriver!(No symbol) [0x7ff6b748a182]
	chromedriver!(No symbol) [0x7ff6b7483f82]
	chromedriver!(No symbol) [0x7ff6b7483742]
	chromedriver!(No symbol) [0x7ff6b73d0255]
	chromedriver!GetHandleVerifier [0x7ff6b7e96c61+5f80e1]
	chromedriver!GetHandleVerifier [0x7ff6b7e90feb+5f246b]
	chromedriver!GetHandleVerifier [0x7ff6b7eb62d5+617755]
	chromedriver!GetHandleVerifier [0x7ff6b78d03ae+3182e]
	chromedriver!GetHandleVerifier [0x7ff6b78d8acc+39f4c]
	chromedriver!(No symbol) [0x7ff6b73ceff8]
	chromedriver!GetHandleVerifier [0x7ff6b806f328+7d07a8]
	KERNEL32!BaseThreadInitThunk [0x7ffc8eb9e957+17]
	ntdll!RtlUserThreadStart [0x7ffc8f58427c+2c]


2026-06-04 17:30:38,536 | ERROR | Dummy-24 | 🔁 REPEAT worker 3 processo 906450721
2026-06-04 17:30:38,537 | ERROR | Dummy-24 | 📌 Motivo retry: Message: invalid session id; For documentation on this error, please visit: https://www.selenium.dev/documentation/webdriver/troubleshooting/errors#invalidsessionidexception
Stacktrace:
	chromedriver!GetHandleVerifier [0x7ff6b78b33f5+14875]
	chromedriver!GetHandleVerifier [0x7ff6b78b3450+148d0]
	chromedriver!(No symbol) [0x7ff6b7407576]
	chromedriver!(No symbol) [0x7ff6b7452ea6]
	chromedriver!(No symbol) [0x7ff6b748a182]
	chromedriver!(No symbol) [0x7ff6b7483f82]
	chromedriver!(No symbol) [0x7ff6b7483742]
	chromedriver!(No symbol) [0x7ff6b73d0255]
	chromedriver!GetHandleVerifier [0x7ff6b7e96c61+5f80e1]
	chromedriver!GetHandleVerifier [0x7ff6b7e90feb+5f246b]
	chromedriver!GetHandleVerifier [0x7ff6b7eb62d5+617755]
	chromedriver!GetHandleVerifier [0x7ff6b78d03ae+3182e]
	chromedriver!GetHandleVerifier [0x7ff6b78d8acc+39f4c]
	chromedriver!(No symbol) [0x7ff6b73ceff8]
	chromedriver!GetHandleVerifier [0x7ff6b806f328+7d07a8]
	KERNEL32!BaseThreadInitThunk [0x7ffc8eb9e957+17]
	ntdll!RtlUserThreadStart [0x7ffc8f58427c+2c]

2026-06-04 17:30:38,537 | ERROR | Dummy-24 | 📌 Tentativa atual: 1
2026-06-04 17:30:38,538 | ERROR | Dummy-24 | ⏳ Worker 3 aguardará 3s antes retry
2026-06-04 17:30:38,539 | ERROR | Dummy-24 | 🏁 Worker 3 finalizou
2026-06-04 17:30:38,547 | ERROR | MainThread | FINALIZAR worker 3 thread=MainThread
  File "E:\busca inpi\busca inpi\inpi_busca_codigo_limpo\main.py", line 47, in <module>
    sys.exit(app.exec_())
  File "E:\busca inpi\busca inpi\inpi_busca_codigo_limpo\core\worker_manager.py", line 108, in _finalizar_processo_atual
    f"{''.join(traceback.format_stack())}"

2026-06-04 17:30:38,547 | ERROR | MainThread | 📌 Processo atual antes limpar: None
2026-06-04 17:30:38,548 | ERROR | MainThread | 🔄 Agendando próximo processo worker 3
2026-06-04 17:30:38,550 | ERROR | MainThread | 🟡 _processar_proximo chamado Worker 3
2026-06-04 17:30:38,550 | ERROR | MainThread | 📦 Worker 3 fila restante: 2
2026-06-04 17:30:38,551 | ERROR | MainThread | 🚀 Worker 3 iniciou processo 906450420
2026-06-04 17:30:38,552 | ERROR | MainThread | 🧵 Worker thread START 3
2026-06-04 17:30:38,565 | ERROR | Dummy-25 | 🚀 Worker 3 iniciando
2026-06-04 17:30:38,567 | ERROR | Dummy-25 | 🚀 PIPELINE START worker 3 | 906450420
2026-06-04 17:30:38,573 | ERROR | Dummy-25 | LOGIN 1
2026-06-04 17:30:38,574 | ERROR | Dummy-25 | GARANTIR LOGIN INICIO
2026-06-04 17:30:38,574 | ERROR | Dummy-25 | <selenium.webdriver.chrome.webdriver.WebDriver (session="5fb19a7078ea1b34009bbcbaae817860")>
2026-06-04 17:30:38,575 | ERROR | Dummy-25 | 5fb19a7078ea1b34009bbcbaae817860
2026-06-04 17:30:38,575 | ERROR | Dummy-25 | ANTES DO FINDELEMENT
2026-06-04 17:30:38,575 | ERROR | Dummy-25 | LOGIN 2
2026-06-04 17:30:38,584 | ERROR | Dummy-25 | Traceback (most recent call last):
  File "E:\busca inpi\busca inpi\inpi_busca_codigo_limpo\core\processo_manager.py", line 330, in abrir_detalhe_processo
    self.garantir_login(driver)
    ~~~~~~~~~~~~~~~~~~~^^^^^^^^
  File "E:\busca inpi\busca inpi\inpi_busca_codigo_limpo\core\login_manager.py", line 62, in garantir_login
    wait_element(
    ~~~~~~~~~~~~^
        self,
        ^^^^^
    ...<2 lines>...
        timeout=5
        ^^^^^^^^^
    )
    ^
  File "E:\busca inpi\busca inpi\inpi_busca_codigo_limpo\core\network_utils.py", line 39, in wait_element
    return WebDriverWait(driver, timeout).until(
           ~~~~~~~~~~~~~~~~~~~~~~~~~~~~~~~~~~~~^
        EC.presence_of_element_located(locator)
        ^^^^^^^^^^^^^^^^^^^^^^^^^^^^^^^^^^^^^^^
    )
    ^
  File "E:\busca inpi\busca inpi\inpi_busca_codigo_limpo\venv\Lib\site-packages\selenium\webdriver\support\wait.py", line 112, in until
    value = method(self._driver)
  File "E:\busca inpi\busca inpi\inpi_busca_codigo_limpo\venv\Lib\site-packages\selenium\webdriver\support\expected_conditions.py", line 92, in _predicate
    return driver.find_element(*locator)
           ~~~~~~~~~~~~~~~~~~~^^^^^^^^^^
  File "E:\busca inpi\busca inpi\inpi_busca_codigo_limpo\venv\Lib\site-packages\selenium\webdriver\remote\webdriver.py", line 868, in find_element
    return self.execute(Command.FIND_ELEMENT, {"using": by, "value": value})["value"]
           ~~~~~~~~~~~~^^^^^^^^^^^^^^^^^^^^^^^^^^^^^^^^^^^^^^^^^^^^^^^^^^^^^
  File "E:\busca inpi\busca inpi\inpi_busca_codigo_limpo\venv\Lib\site-packages\selenium\webdriver\remote\webdriver.py", line 468, in execute
    self.error_handler.check_response(response)
    ~~~~~~~~~~~~~~~~~~~~~~~~~~~~~~~~~^^^^^^^^^^
  File "E:\busca inpi\busca inpi\inpi_busca_codigo_limpo\venv\Lib\site-packages\selenium\webdriver\remote\errorhandler.py", line 232, in check_response
    raise exception_class(message, screen, stacktrace)
selenium.common.exceptions.InvalidSessionIdException: Message: invalid session id; For documentation on this error, please visit: https://www.selenium.dev/documentation/webdriver/troubleshooting/errors#invalidsessionidexception
Stacktrace:
	chromedriver!GetHandleVerifier [0x7ff6b78b33f5+14875]
	chromedriver!GetHandleVerifier [0x7ff6b78b3450+148d0]
	chromedriver!(No symbol) [0x7ff6b7407576]
	chromedriver!(No symbol) [0x7ff6b7452ea6]
	chromedriver!(No symbol) [0x7ff6b748a182]
	chromedriver!(No symbol) [0x7ff6b7483f82]
	chromedriver!(No symbol) [0x7ff6b7483742]
	chromedriver!(No symbol) [0x7ff6b73d0255]
	chromedriver!GetHandleVerifier [0x7ff6b7e96c61+5f80e1]
	chromedriver!GetHandleVerifier [0x7ff6b7e90feb+5f246b]
	chromedriver!GetHandleVerifier [0x7ff6b7eb62d5+617755]
	chromedriver!GetHandleVerifier [0x7ff6b78d03ae+3182e]
	chromedriver!GetHandleVerifier [0x7ff6b78d8acc+39f4c]
	chromedriver!(No symbol) [0x7ff6b73ceff8]
	chromedriver!GetHandleVerifier [0x7ff6b806f328+7d07a8]
	KERNEL32!BaseThreadInitThunk [0x7ffc8eb9e957+17]
	ntdll!RtlUserThreadStart [0x7ffc8f58427c+2c]


2026-06-04 17:30:38,597 | ERROR | Dummy-25 | 🔁 REPEAT worker 3 processo 906450420
2026-06-04 17:30:38,597 | ERROR | Dummy-25 | 📌 Motivo retry: Message: invalid session id; For documentation on this error, please visit: https://www.selenium.dev/documentation/webdriver/troubleshooting/errors#invalidsessionidexception
Stacktrace:
	chromedriver!GetHandleVerifier [0x7ff6b78b33f5+14875]
	chromedriver!GetHandleVerifier [0x7ff6b78b3450+148d0]
	chromedriver!(No symbol) [0x7ff6b7407576]
	chromedriver!(No symbol) [0x7ff6b7452ea6]
	chromedriver!(No symbol) [0x7ff6b748a182]
	chromedriver!(No symbol) [0x7ff6b7483f82]
	chromedriver!(No symbol) [0x7ff6b7483742]
	chromedriver!(No symbol) [0x7ff6b73d0255]
	chromedriver!GetHandleVerifier [0x7ff6b7e96c61+5f80e1]
	chromedriver!GetHandleVerifier [0x7ff6b7e90feb+5f246b]
	chromedriver!GetHandleVerifier [0x7ff6b7eb62d5+617755]
	chromedriver!GetHandleVerifier [0x7ff6b78d03ae+3182e]
	chromedriver!GetHandleVerifier [0x7ff6b78d8acc+39f4c]
	chromedriver!(No symbol) [0x7ff6b73ceff8]
	chromedriver!GetHandleVerifier [0x7ff6b806f328+7d07a8]
	KERNEL32!BaseThreadInitThunk [0x7ffc8eb9e957+17]
	ntdll!RtlUserThreadStart [0x7ffc8f58427c+2c]

2026-06-04 17:30:38,598 | ERROR | Dummy-25 | 📌 Tentativa atual: 1
2026-06-04 17:30:38,598 | ERROR | Dummy-25 | ⏳ Worker 3 aguardará 3s antes retry
2026-06-04 17:30:38,598 | ERROR | Dummy-25 | 🏁 Worker 3 finalizou
2026-06-04 17:30:38,601 | ERROR | MainThread | FINALIZAR worker 3 thread=MainThread
  File "E:\busca inpi\busca inpi\inpi_busca_codigo_limpo\main.py", line 47, in <module>
    sys.exit(app.exec_())
  File "E:\busca inpi\busca inpi\inpi_busca_codigo_limpo\core\worker_manager.py", line 108, in _finalizar_processo_atual
    f"{''.join(traceback.format_stack())}"

2026-06-04 17:30:38,602 | ERROR | MainThread | 📌 Processo atual antes limpar: None
2026-06-04 17:30:38,602 | ERROR | MainThread | 🔄 Agendando próximo processo worker 3
2026-06-04 17:30:38,603 | ERROR | MainThread | 🟡 _processar_proximo chamado Worker 3
2026-06-04 17:30:38,603 | ERROR | MainThread | 📦 Worker 3 fila restante: 1
2026-06-04 17:30:38,603 | ERROR | MainThread | 🚀 Worker 3 iniciou processo 906450110
2026-06-04 17:30:38,604 | ERROR | MainThread | 🧵 Worker thread START 3
2026-06-04 17:30:38,604 | ERROR | Dummy-26 | 🚀 Worker 3 iniciando
2026-06-04 17:30:38,605 | ERROR | Dummy-26 | 🚀 PIPELINE START worker 3 | 906450110
2026-06-04 17:30:38,605 | ERROR | Dummy-26 | LOGIN 1
2026-06-04 17:30:38,605 | ERROR | Dummy-26 | GARANTIR LOGIN INICIO
2026-06-04 17:30:38,606 | ERROR | Dummy-26 | <selenium.webdriver.chrome.webdriver.WebDriver (session="5fb19a7078ea1b34009bbcbaae817860")>
2026-06-04 17:30:38,606 | ERROR | Dummy-26 | 5fb19a7078ea1b34009bbcbaae817860
2026-06-04 17:30:38,606 | ERROR | Dummy-26 | ANTES DO FINDELEMENT
2026-06-04 17:30:38,606 | ERROR | Dummy-26 | LOGIN 2
2026-06-04 17:30:38,615 | ERROR | Dummy-26 | Traceback (most recent call last):
  File "E:\busca inpi\busca inpi\inpi_busca_codigo_limpo\core\processo_manager.py", line 330, in abrir_detalhe_processo
    self.garantir_login(driver)
    ~~~~~~~~~~~~~~~~~~~^^^^^^^^
  File "E:\busca inpi\busca inpi\inpi_busca_codigo_limpo\core\login_manager.py", line 62, in garantir_login
    wait_element(
    ~~~~~~~~~~~~^
        self,
        ^^^^^
    ...<2 lines>...
        timeout=5
        ^^^^^^^^^
    )
    ^
  File "E:\busca inpi\busca inpi\inpi_busca_codigo_limpo\core\network_utils.py", line 39, in wait_element
    return WebDriverWait(driver, timeout).until(
           ~~~~~~~~~~~~~~~~~~~~~~~~~~~~~~~~~~~~^
        EC.presence_of_element_located(locator)
        ^^^^^^^^^^^^^^^^^^^^^^^^^^^^^^^^^^^^^^^
    )
    ^
  File "E:\busca inpi\busca inpi\inpi_busca_codigo_limpo\venv\Lib\site-packages\selenium\webdriver\support\wait.py", line 112, in until
    value = method(self._driver)
  File "E:\busca inpi\busca inpi\inpi_busca_codigo_limpo\venv\Lib\site-packages\selenium\webdriver\support\expected_conditions.py", line 92, in _predicate
    return driver.find_element(*locator)
           ~~~~~~~~~~~~~~~~~~~^^^^^^^^^^
  File "E:\busca inpi\busca inpi\inpi_busca_codigo_limpo\venv\Lib\site-packages\selenium\webdriver\remote\webdriver.py", line 868, in find_element
    return self.execute(Command.FIND_ELEMENT, {"using": by, "value": value})["value"]
           ~~~~~~~~~~~~^^^^^^^^^^^^^^^^^^^^^^^^^^^^^^^^^^^^^^^^^^^^^^^^^^^^^
  File "E:\busca inpi\busca inpi\inpi_busca_codigo_limpo\venv\Lib\site-packages\selenium\webdriver\remote\webdriver.py", line 468, in execute
    self.error_handler.check_response(response)
    ~~~~~~~~~~~~~~~~~~~~~~~~~~~~~~~~~^^^^^^^^^^
  File "E:\busca inpi\busca inpi\inpi_busca_codigo_limpo\venv\Lib\site-packages\selenium\webdriver\remote\errorhandler.py", line 232, in check_response
    raise exception_class(message, screen, stacktrace)
selenium.common.exceptions.InvalidSessionIdException: Message: invalid session id; For documentation on this error, please visit: https://www.selenium.dev/documentation/webdriver/troubleshooting/errors#invalidsessionidexception
Stacktrace:
	chromedriver!GetHandleVerifier [0x7ff6b78b33f5+14875]
	chromedriver!GetHandleVerifier [0x7ff6b78b3450+148d0]
	chromedriver!(No symbol) [0x7ff6b7407576]
	chromedriver!(No symbol) [0x7ff6b7452ea6]
	chromedriver!(No symbol) [0x7ff6b748a182]
	chromedriver!(No symbol) [0x7ff6b7483f82]
	chromedriver!(No symbol) [0x7ff6b7483742]
	chromedriver!(No symbol) [0x7ff6b73d0255]
	chromedriver!GetHandleVerifier [0x7ff6b7e96c61+5f80e1]
	chromedriver!GetHandleVerifier [0x7ff6b7e90feb+5f246b]
	chromedriver!GetHandleVerifier [0x7ff6b7eb62d5+617755]
	chromedriver!GetHandleVerifier [0x7ff6b78d03ae+3182e]
	chromedriver!GetHandleVerifier [0x7ff6b78d8acc+39f4c]
	chromedriver!(No symbol) [0x7ff6b73ceff8]
	chromedriver!GetHandleVerifier [0x7ff6b806f328+7d07a8]
	KERNEL32!BaseThreadInitThunk [0x7ffc8eb9e957+17]
	ntdll!RtlUserThreadStart [0x7ffc8f58427c+2c]


2026-06-04 17:30:38,627 | ERROR | Dummy-26 | 🔁 REPEAT worker 3 processo 906450110
2026-06-04 17:30:38,628 | ERROR | Dummy-26 | 📌 Motivo retry: Message: invalid session id; For documentation on this error, please visit: https://www.selenium.dev/documentation/webdriver/troubleshooting/errors#invalidsessionidexception
Stacktrace:
	chromedriver!GetHandleVerifier [0x7ff6b78b33f5+14875]
	chromedriver!GetHandleVerifier [0x7ff6b78b3450+148d0]
	chromedriver!(No symbol) [0x7ff6b7407576]
	chromedriver!(No symbol) [0x7ff6b7452ea6]
	chromedriver!(No symbol) [0x7ff6b748a182]
	chromedriver!(No symbol) [0x7ff6b7483f82]
	chromedriver!(No symbol) [0x7ff6b7483742]
	chromedriver!(No symbol) [0x7ff6b73d0255]
	chromedriver!GetHandleVerifier [0x7ff6b7e96c61+5f80e1]
	chromedriver!GetHandleVerifier [0x7ff6b7e90feb+5f246b]
	chromedriver!GetHandleVerifier [0x7ff6b7eb62d5+617755]
	chromedriver!GetHandleVerifier [0x7ff6b78d03ae+3182e]
	chromedriver!GetHandleVerifier [0x7ff6b78d8acc+39f4c]
	chromedriver!(No symbol) [0x7ff6b73ceff8]
	chromedriver!GetHandleVerifier [0x7ff6b806f328+7d07a8]
	KERNEL32!BaseThreadInitThunk [0x7ffc8eb9e957+17]
	ntdll!RtlUserThreadStart [0x7ffc8f58427c+2c]

2026-06-04 17:30:38,628 | ERROR | Dummy-26 | 📌 Tentativa atual: 1
2026-06-04 17:30:38,629 | ERROR | Dummy-26 | ⏳ Worker 3 aguardará 3s antes retry
2026-06-04 17:30:38,629 | ERROR | Dummy-26 | 🏁 Worker 3 finalizou
2026-06-04 17:30:38,632 | ERROR | MainThread | FINALIZAR worker 3 thread=MainThread
  File "E:\busca inpi\busca inpi\inpi_busca_codigo_limpo\main.py", line 47, in <module>
    sys.exit(app.exec_())
  File "E:\busca inpi\busca inpi\inpi_busca_codigo_limpo\core\worker_manager.py", line 108, in _finalizar_processo_atual
    f"{''.join(traceback.format_stack())}"

2026-06-04 17:30:38,632 | ERROR | MainThread | 📌 Processo atual antes limpar: None
2026-06-04 17:30:38,632 | ERROR | MainThread | 🔄 Agendando próximo processo worker 3
2026-06-04 17:30:38,633 | ERROR | MainThread | 🟡 _processar_proximo chamado Worker 3
2026-06-04 17:30:38,634 | ERROR | MainThread | 📦 Worker 3 fila restante: 0
2026-06-04 17:30:38,634 | ERROR | MainThread | 🏁 Worker 3 finalizou fila
2026-06-04 17:30:38,917 | ERROR | Thread-7 (_loop_solver_button) | Erro PyAutoGUI: 
2026-06-04 17:30:39,220 | ERROR | Thread-7 (_loop_solver_button) | ImageNotFoundException()
2026-06-04 17:30:39,584 | ERROR | Dummy-18 | [W2] erro captcha: Message: invalid session id: session deleted as the browser has closed the connection
from disconnected: not connected to DevTools
  (Session info: chrome=149.0.7827.53); For documentation on this error, please visit: https://www.selenium.dev/documentation/webdriver/troubleshooting/errors#invalidsessionidexception
Stacktrace:
	chromedriver!GetHandleVerifier [0x7ff6b78b33f5+14875]
	chromedriver!GetHandleVerifier [0x7ff6b78b3450+148d0]
	chromedriver!(No symbol) [0x7ff6b740778d]
	chromedriver!(No symbol) [0x7ff6b73f2c02]
	chromedriver!(No symbol) [0x7ff6b7418f0c]
	chromedriver!(No symbol) [0x7ff6b74913c0]
	chromedriver!(No symbol) [0x7ff6b74ae2ed]
	chromedriver!(No symbol) [0x7ff6b7453eb0]
	chromedriver!(No symbol) [0x7ff6b7454e23]
	chromedriver!GetHandleVerifier [0x7ff6b7e96c61+5f80e1]
	chromedriver!GetHandleVerifier [0x7ff6b7e90feb+5f246b]
	chromedriver!GetHandleVerifier [0x7ff6b7eb62d5+617755]
	chromedriver!GetHandleVerifier [0x7ff6b78d03ae+3182e]
	chromedriver!GetHandleVerifier [0x7ff6b78d8acc+39f4c]
	chromedriver!GetHandleVerifier [0x7ff6b78bcac4+1df44]
	chromedriver!GetHandleVerifier [0x7ff6b78bcc54+1e0d4]
	chromedriver!GetHandleVerifier [0x7ff6b78a0957+1dd7]
	KERNEL32!BaseThreadInitThunk [0x7ffc8eb9e957+17]
	ntdll!RtlUserThreadStart [0x7ffc8f58427c+2c]

2026-06-04 17:30:39,584 | ERROR | Dummy-18 | [captcha] finalizado
2026-06-04 17:30:39,584 | ERROR | Dummy-18 | 📥 Worker 2 retorno captcha: None
2026-06-04 17:30:39,584 | ERROR | Dummy-18 | ❌ Worker 2 PDF não encontrado
2026-06-04 17:30:39,586 | ERROR | Dummy-18 | Traceback (most recent call last):
  File "E:\busca inpi\busca inpi\inpi_busca_codigo_limpo\core\processo_manager.py", line 418, in abrir_detalhe_processo
    raise Exception("PDF não baixado")
Exception: PDF não baixado

2026-06-04 17:30:39,600 | ERROR | Dummy-18 | 🔁 REPEAT worker 2 processo 906452309
2026-06-04 17:30:39,600 | ERROR | Dummy-18 | 📌 Motivo retry: PDF não baixado
2026-06-04 17:30:39,601 | ERROR | Dummy-18 | 📌 Tentativa atual: 1
2026-06-04 17:30:39,601 | ERROR | Dummy-18 | ⏳ Worker 2 aguardará 3s antes retry
2026-06-04 17:30:39,601 | ERROR | Dummy-18 | 🏁 Worker 2 finalizou
2026-06-04 17:30:39,605 | ERROR | MainThread | FINALIZAR worker 2 thread=MainThread
  File "E:\busca inpi\busca inpi\inpi_busca_codigo_limpo\main.py", line 47, in <module>
    sys.exit(app.exec_())
  File "E:\busca inpi\busca inpi\inpi_busca_codigo_limpo\core\worker_manager.py", line 108, in _finalizar_processo_atual
    f"{''.join(traceback.format_stack())}"

2026-06-04 17:30:39,606 | ERROR | MainThread | 📌 Processo atual antes limpar: None
2026-06-04 17:30:39,606 | ERROR | MainThread | 🔄 Agendando próximo processo worker 2
2026-06-04 17:30:39,607 | ERROR | MainThread | 🟡 _processar_proximo chamado Worker 2
2026-06-04 17:30:39,608 | ERROR | MainThread | 📦 Worker 2 fila restante: 7
2026-06-04 17:30:39,608 | ERROR | MainThread | 🚀 Worker 2 iniciou processo 906451817
2026-06-04 17:30:39,608 | ERROR | MainThread | 🧵 Worker thread START 2
2026-06-04 17:30:39,610 | ERROR | Dummy-27 | 🚀 Worker 2 iniciando
2026-06-04 17:30:39,620 | ERROR | Dummy-27 | 🚀 PIPELINE START worker 2 | 906451817
2026-06-04 17:30:39,621 | ERROR | Dummy-27 | LOGIN 1
2026-06-04 17:30:39,629 | ERROR | Dummy-27 | GARANTIR LOGIN INICIO
2026-06-04 17:30:39,630 | ERROR | Dummy-27 | <selenium.webdriver.chrome.webdriver.WebDriver (session="7ac9364cf8752afeaac823349c2b8d87")>
2026-06-04 17:30:39,631 | ERROR | Dummy-27 | 7ac9364cf8752afeaac823349c2b8d87
2026-06-04 17:30:39,632 | ERROR | Dummy-27 | ANTES DO FINDELEMENT
2026-06-04 17:30:39,632 | ERROR | Dummy-27 | LOGIN 2
2026-06-04 17:30:39,639 | ERROR | Dummy-27 | Traceback (most recent call last):
  File "E:\busca inpi\busca inpi\inpi_busca_codigo_limpo\core\processo_manager.py", line 330, in abrir_detalhe_processo
    self.garantir_login(driver)
    ~~~~~~~~~~~~~~~~~~~^^^^^^^^
  File "E:\busca inpi\busca inpi\inpi_busca_codigo_limpo\core\login_manager.py", line 62, in garantir_login
    wait_element(
    ~~~~~~~~~~~~^
        self,
        ^^^^^
    ...<2 lines>...
        timeout=5
        ^^^^^^^^^
    )
    ^
  File "E:\busca inpi\busca inpi\inpi_busca_codigo_limpo\core\network_utils.py", line 39, in wait_element
    return WebDriverWait(driver, timeout).until(
           ~~~~~~~~~~~~~~~~~~~~~~~~~~~~~~~~~~~~^
        EC.presence_of_element_located(locator)
        ^^^^^^^^^^^^^^^^^^^^^^^^^^^^^^^^^^^^^^^
    )
    ^
  File "E:\busca inpi\busca inpi\inpi_busca_codigo_limpo\venv\Lib\site-packages\selenium\webdriver\support\wait.py", line 112, in until
    value = method(self._driver)
  File "E:\busca inpi\busca inpi\inpi_busca_codigo_limpo\venv\Lib\site-packages\selenium\webdriver\support\expected_conditions.py", line 92, in _predicate
    return driver.find_element(*locator)
           ~~~~~~~~~~~~~~~~~~~^^^^^^^^^^
  File "E:\busca inpi\busca inpi\inpi_busca_codigo_limpo\venv\Lib\site-packages\selenium\webdriver\remote\webdriver.py", line 868, in find_element
    return self.execute(Command.FIND_ELEMENT, {"using": by, "value": value})["value"]
           ~~~~~~~~~~~~^^^^^^^^^^^^^^^^^^^^^^^^^^^^^^^^^^^^^^^^^^^^^^^^^^^^^
  File "E:\busca inpi\busca inpi\inpi_busca_codigo_limpo\venv\Lib\site-packages\selenium\webdriver\remote\webdriver.py", line 468, in execute
    self.error_handler.check_response(response)
    ~~~~~~~~~~~~~~~~~~~~~~~~~~~~~~~~~^^^^^^^^^^
  File "E:\busca inpi\busca inpi\inpi_busca_codigo_limpo\venv\Lib\site-packages\selenium\webdriver\remote\errorhandler.py", line 232, in check_response
    raise exception_class(message, screen, stacktrace)
selenium.common.exceptions.InvalidSessionIdException: Message: invalid session id; For documentation on this error, please visit: https://www.selenium.dev/documentation/webdriver/troubleshooting/errors#invalidsessionidexception
Stacktrace:
	chromedriver!GetHandleVerifier [0x7ff6b78b33f5+14875]
	chromedriver!GetHandleVerifier [0x7ff6b78b3450+148d0]
	chromedriver!(No symbol) [0x7ff6b7407576]
	chromedriver!(No symbol) [0x7ff6b7452ea6]
	chromedriver!(No symbol) [0x7ff6b748a182]
	chromedriver!(No symbol) [0x7ff6b7483f82]
	chromedriver!(No symbol) [0x7ff6b7483742]
	chromedriver!(No symbol) [0x7ff6b73d0255]
	chromedriver!GetHandleVerifier [0x7ff6b7e96c61+5f80e1]
	chromedriver!GetHandleVerifier [0x7ff6b7e90feb+5f246b]
	chromedriver!GetHandleVerifier [0x7ff6b7eb62d5+617755]
	chromedriver!GetHandleVerifier [0x7ff6b78d03ae+3182e]
	chromedriver!GetHandleVerifier [0x7ff6b78d8acc+39f4c]
	chromedriver!(No symbol) [0x7ff6b73ceff8]
	chromedriver!GetHandleVerifier [0x7ff6b806f328+7d07a8]
	KERNEL32!BaseThreadInitThunk [0x7ffc8eb9e957+17]
	ntdll!RtlUserThreadStart [0x7ffc8f58427c+2c]


2026-06-04 17:30:39,651 | ERROR | Dummy-27 | 🔁 REPEAT worker 2 processo 906451817
2026-06-04 17:30:39,652 | ERROR | Dummy-27 | 📌 Motivo retry: Message: invalid session id; For documentation on this error, please visit: https://www.selenium.dev/documentation/webdriver/troubleshooting/errors#invalidsessionidexception
Stacktrace:
	chromedriver!GetHandleVerifier [0x7ff6b78b33f5+14875]
	chromedriver!GetHandleVerifier [0x7ff6b78b3450+148d0]
	chromedriver!(No symbol) [0x7ff6b7407576]
	chromedriver!(No symbol) [0x7ff6b7452ea6]
	chromedriver!(No symbol) [0x7ff6b748a182]
	chromedriver!(No symbol) [0x7ff6b7483f82]
	chromedriver!(No symbol) [0x7ff6b7483742]
	chromedriver!(No symbol) [0x7ff6b73d0255]
	chromedriver!GetHandleVerifier [0x7ff6b7e96c61+5f80e1]
	chromedriver!GetHandleVerifier [0x7ff6b7e90feb+5f246b]
	chromedriver!GetHandleVerifier [0x7ff6b7eb62d5+617755]
	chromedriver!GetHandleVerifier [0x7ff6b78d03ae+3182e]
	chromedriver!GetHandleVerifier [0x7ff6b78d8acc+39f4c]
	chromedriver!(No symbol) [0x7ff6b73ceff8]
	chromedriver!GetHandleVerifier [0x7ff6b806f328+7d07a8]
	KERNEL32!BaseThreadInitThunk [0x7ffc8eb9e957+17]
	ntdll!RtlUserThreadStart [0x7ffc8f58427c+2c]

2026-06-04 17:30:39,653 | ERROR | Dummy-27 | 📌 Tentativa atual: 1
2026-06-04 17:30:39,654 | ERROR | Dummy-27 | ⏳ Worker 2 aguardará 3s antes retry
2026-06-04 17:30:39,655 | ERROR | Dummy-27 | 🏁 Worker 2 finalizou
2026-06-04 17:30:39,661 | ERROR | MainThread | FINALIZAR worker 2 thread=MainThread
  File "E:\busca inpi\busca inpi\inpi_busca_codigo_limpo\main.py", line 47, in <module>
    sys.exit(app.exec_())
  File "E:\busca inpi\busca inpi\inpi_busca_codigo_limpo\core\worker_manager.py", line 108, in _finalizar_processo_atual
    f"{''.join(traceback.format_stack())}"

2026-06-04 17:30:39,661 | ERROR | MainThread | 📌 Processo atual antes limpar: None
2026-06-04 17:30:39,662 | ERROR | MainThread | 🔄 Agendando próximo processo worker 2
2026-06-04 17:30:39,662 | ERROR | MainThread | 🟡 _processar_proximo chamado Worker 2
2026-06-04 17:30:39,663 | ERROR | MainThread | 📦 Worker 2 fila restante: 6
2026-06-04 17:30:39,663 | ERROR | MainThread | 🚀 Worker 2 iniciou processo 906451400
2026-06-04 17:30:39,664 | ERROR | MainThread | 🧵 Worker thread START 2
2026-06-04 17:30:39,665 | ERROR | Dummy-28 | 🚀 Worker 2 iniciando
2026-06-04 17:30:39,665 | ERROR | Dummy-28 | 🚀 PIPELINE START worker 2 | 906451400
2026-06-04 17:30:39,665 | ERROR | Dummy-28 | LOGIN 1
2026-06-04 17:30:39,665 | ERROR | Dummy-28 | GARANTIR LOGIN INICIO
2026-06-04 17:30:39,665 | ERROR | Dummy-28 | <selenium.webdriver.chrome.webdriver.WebDriver (session="7ac9364cf8752afeaac823349c2b8d87")>
2026-06-04 17:30:39,665 | ERROR | Dummy-28 | 7ac9364cf8752afeaac823349c2b8d87
2026-06-04 17:30:39,666 | ERROR | Dummy-28 | ANTES DO FINDELEMENT
2026-06-04 17:30:39,666 | ERROR | Dummy-28 | LOGIN 2
2026-06-04 17:30:39,671 | ERROR | Dummy-28 | Traceback (most recent call last):
  File "E:\busca inpi\busca inpi\inpi_busca_codigo_limpo\core\processo_manager.py", line 330, in abrir_detalhe_processo
    self.garantir_login(driver)
    ~~~~~~~~~~~~~~~~~~~^^^^^^^^
  File "E:\busca inpi\busca inpi\inpi_busca_codigo_limpo\core\login_manager.py", line 62, in garantir_login
    wait_element(
    ~~~~~~~~~~~~^
        self,
        ^^^^^
    ...<2 lines>...
        timeout=5
        ^^^^^^^^^
    )
    ^
  File "E:\busca inpi\busca inpi\inpi_busca_codigo_limpo\core\network_utils.py", line 39, in wait_element
    return WebDriverWait(driver, timeout).until(
           ~~~~~~~~~~~~~~~~~~~~~~~~~~~~~~~~~~~~^
        EC.presence_of_element_located(locator)
        ^^^^^^^^^^^^^^^^^^^^^^^^^^^^^^^^^^^^^^^
    )
    ^
  File "E:\busca inpi\busca inpi\inpi_busca_codigo_limpo\venv\Lib\site-packages\selenium\webdriver\support\wait.py", line 112, in until
    value = method(self._driver)
  File "E:\busca inpi\busca inpi\inpi_busca_codigo_limpo\venv\Lib\site-packages\selenium\webdriver\support\expected_conditions.py", line 92, in _predicate
    return driver.find_element(*locator)
           ~~~~~~~~~~~~~~~~~~~^^^^^^^^^^
  File "E:\busca inpi\busca inpi\inpi_busca_codigo_limpo\venv\Lib\site-packages\selenium\webdriver\remote\webdriver.py", line 868, in find_element
    return self.execute(Command.FIND_ELEMENT, {"using": by, "value": value})["value"]
           ~~~~~~~~~~~~^^^^^^^^^^^^^^^^^^^^^^^^^^^^^^^^^^^^^^^^^^^^^^^^^^^^^
  File "E:\busca inpi\busca inpi\inpi_busca_codigo_limpo\venv\Lib\site-packages\selenium\webdriver\remote\webdriver.py", line 468, in execute
    self.error_handler.check_response(response)
    ~~~~~~~~~~~~~~~~~~~~~~~~~~~~~~~~~^^^^^^^^^^
  File "E:\busca inpi\busca inpi\inpi_busca_codigo_limpo\venv\Lib\site-packages\selenium\webdriver\remote\errorhandler.py", line 232, in check_response
    raise exception_class(message, screen, stacktrace)
selenium.common.exceptions.InvalidSessionIdException: Message: invalid session id; For documentation on this error, please visit: https://www.selenium.dev/documentation/webdriver/troubleshooting/errors#invalidsessionidexception
Stacktrace:
	chromedriver!GetHandleVerifier [0x7ff6b78b33f5+14875]
	chromedriver!GetHandleVerifier [0x7ff6b78b3450+148d0]
	chromedriver!(No symbol) [0x7ff6b7407576]
	chromedriver!(No symbol) [0x7ff6b7452ea6]
	chromedriver!(No symbol) [0x7ff6b748a182]
	chromedriver!(No symbol) [0x7ff6b7483f82]
	chromedriver!(No symbol) [0x7ff6b7483742]
	chromedriver!(No symbol) [0x7ff6b73d0255]
	chromedriver!GetHandleVerifier [0x7ff6b7e96c61+5f80e1]
	chromedriver!GetHandleVerifier [0x7ff6b7e90feb+5f246b]
	chromedriver!GetHandleVerifier [0x7ff6b7eb62d5+617755]
	chromedriver!GetHandleVerifier [0x7ff6b78d03ae+3182e]
	chromedriver!GetHandleVerifier [0x7ff6b78d8acc+39f4c]
	chromedriver!(No symbol) [0x7ff6b73ceff8]
	chromedriver!GetHandleVerifier [0x7ff6b806f328+7d07a8]
	KERNEL32!BaseThreadInitThunk [0x7ffc8eb9e957+17]
	ntdll!RtlUserThreadStart [0x7ffc8f58427c+2c]


2026-06-04 17:30:39,687 | ERROR | Dummy-28 | 🔁 REPEAT worker 2 processo 906451400
2026-06-04 17:30:39,687 | ERROR | Dummy-28 | 📌 Motivo retry: Message: invalid session id; For documentation on this error, please visit: https://www.selenium.dev/documentation/webdriver/troubleshooting/errors#invalidsessionidexception
Stacktrace:
	chromedriver!GetHandleVerifier [0x7ff6b78b33f5+14875]
	chromedriver!GetHandleVerifier [0x7ff6b78b3450+148d0]
	chromedriver!(No symbol) [0x7ff6b7407576]
	chromedriver!(No symbol) [0x7ff6b7452ea6]
	chromedriver!(No symbol) [0x7ff6b748a182]
	chromedriver!(No symbol) [0x7ff6b7483f82]
	chromedriver!(No symbol) [0x7ff6b7483742]
	chromedriver!(No symbol) [0x7ff6b73d0255]
	chromedriver!GetHandleVerifier [0x7ff6b7e96c61+5f80e1]
	chromedriver!GetHandleVerifier [0x7ff6b7e90feb+5f246b]
	chromedriver!GetHandleVerifier [0x7ff6b7eb62d5+617755]
	chromedriver!GetHandleVerifier [0x7ff6b78d03ae+3182e]
	chromedriver!GetHandleVerifier [0x7ff6b78d8acc+39f4c]
	chromedriver!(No symbol) [0x7ff6b73ceff8]
	chromedriver!GetHandleVerifier [0x7ff6b806f328+7d07a8]
	KERNEL32!BaseThreadInitThunk [0x7ffc8eb9e957+17]
	ntdll!RtlUserThreadStart [0x7ffc8f58427c+2c]

2026-06-04 17:30:39,687 | ERROR | Dummy-28 | 📌 Tentativa atual: 1
2026-06-04 17:30:39,688 | ERROR | Dummy-28 | ⏳ Worker 2 aguardará 3s antes retry
2026-06-04 17:30:39,688 | ERROR | Dummy-28 | 🏁 Worker 2 finalizou
2026-06-04 17:30:39,692 | ERROR | MainThread | FINALIZAR worker 2 thread=MainThread
  File "E:\busca inpi\busca inpi\inpi_busca_codigo_limpo\main.py", line 47, in <module>
    sys.exit(app.exec_())
  File "E:\busca inpi\busca inpi\inpi_busca_codigo_limpo\core\worker_manager.py", line 108, in _finalizar_processo_atual
    f"{''.join(traceback.format_stack())}"

2026-06-04 17:30:39,694 | ERROR | MainThread | 📌 Processo atual antes limpar: None
2026-06-04 17:30:39,694 | ERROR | MainThread | 🔄 Agendando próximo processo worker 2
2026-06-04 17:30:39,695 | ERROR | MainThread | 🟡 _processar_proximo chamado Worker 2
2026-06-04 17:30:39,696 | ERROR | MainThread | 📦 Worker 2 fila restante: 5
2026-06-04 17:30:39,697 | ERROR | MainThread | 🚀 Worker 2 iniciou processo 906451230
2026-06-04 17:30:39,697 | ERROR | MainThread | 🧵 Worker thread START 2
2026-06-04 17:30:39,699 | ERROR | Dummy-29 | 🚀 Worker 2 iniciando
2026-06-04 17:30:39,700 | ERROR | Dummy-29 | 🚀 PIPELINE START worker 2 | 906451230
2026-06-04 17:30:39,700 | ERROR | Dummy-29 | LOGIN 1
2026-06-04 17:30:39,700 | ERROR | Dummy-29 | GARANTIR LOGIN INICIO
2026-06-04 17:30:39,700 | ERROR | Dummy-29 | <selenium.webdriver.chrome.webdriver.WebDriver (session="7ac9364cf8752afeaac823349c2b8d87")>
2026-06-04 17:30:39,700 | ERROR | Dummy-29 | 7ac9364cf8752afeaac823349c2b8d87
2026-06-04 17:30:39,700 | ERROR | Dummy-29 | ANTES DO FINDELEMENT
2026-06-04 17:30:39,700 | ERROR | Dummy-29 | LOGIN 2
2026-06-04 17:30:39,709 | ERROR | Dummy-29 | Traceback (most recent call last):
  File "E:\busca inpi\busca inpi\inpi_busca_codigo_limpo\core\processo_manager.py", line 330, in abrir_detalhe_processo
    self.garantir_login(driver)
    ~~~~~~~~~~~~~~~~~~~^^^^^^^^
  File "E:\busca inpi\busca inpi\inpi_busca_codigo_limpo\core\login_manager.py", line 62, in garantir_login
    wait_element(
    ~~~~~~~~~~~~^
        self,
        ^^^^^
    ...<2 lines>...
        timeout=5
        ^^^^^^^^^
    )
    ^
  File "E:\busca inpi\busca inpi\inpi_busca_codigo_limpo\core\network_utils.py", line 39, in wait_element
    return WebDriverWait(driver, timeout).until(
           ~~~~~~~~~~~~~~~~~~~~~~~~~~~~~~~~~~~~^
        EC.presence_of_element_located(locator)
        ^^^^^^^^^^^^^^^^^^^^^^^^^^^^^^^^^^^^^^^
    )
    ^
  File "E:\busca inpi\busca inpi\inpi_busca_codigo_limpo\venv\Lib\site-packages\selenium\webdriver\support\wait.py", line 112, in until
    value = method(self._driver)
  File "E:\busca inpi\busca inpi\inpi_busca_codigo_limpo\venv\Lib\site-packages\selenium\webdriver\support\expected_conditions.py", line 92, in _predicate
    return driver.find_element(*locator)
           ~~~~~~~~~~~~~~~~~~~^^^^^^^^^^
  File "E:\busca inpi\busca inpi\inpi_busca_codigo_limpo\venv\Lib\site-packages\selenium\webdriver\remote\webdriver.py", line 868, in find_element
    return self.execute(Command.FIND_ELEMENT, {"using": by, "value": value})["value"]
           ~~~~~~~~~~~~^^^^^^^^^^^^^^^^^^^^^^^^^^^^^^^^^^^^^^^^^^^^^^^^^^^^^
  File "E:\busca inpi\busca inpi\inpi_busca_codigo_limpo\venv\Lib\site-packages\selenium\webdriver\remote\webdriver.py", line 468, in execute
    self.error_handler.check_response(response)
    ~~~~~~~~~~~~~~~~~~~~~~~~~~~~~~~~~^^^^^^^^^^
  File "E:\busca inpi\busca inpi\inpi_busca_codigo_limpo\venv\Lib\site-packages\selenium\webdriver\remote\errorhandler.py", line 232, in check_response
    raise exception_class(message, screen, stacktrace)
selenium.common.exceptions.InvalidSessionIdException: Message: invalid session id; For documentation on this error, please visit: https://www.selenium.dev/documentation/webdriver/troubleshooting/errors#invalidsessionidexception
Stacktrace:
	chromedriver!GetHandleVerifier [0x7ff6b78b33f5+14875]
	chromedriver!GetHandleVerifier [0x7ff6b78b3450+148d0]
	chromedriver!(No symbol) [0x7ff6b7407576]
	chromedriver!(No symbol) [0x7ff6b7452ea6]
	chromedriver!(No symbol) [0x7ff6b748a182]
	chromedriver!(No symbol) [0x7ff6b7483f82]
	chromedriver!(No symbol) [0x7ff6b7483742]
	chromedriver!(No symbol) [0x7ff6b73d0255]
	chromedriver!GetHandleVerifier [0x7ff6b7e96c61+5f80e1]
	chromedriver!GetHandleVerifier [0x7ff6b7e90feb+5f246b]
	chromedriver!GetHandleVerifier [0x7ff6b7eb62d5+617755]
	chromedriver!GetHandleVerifier [0x7ff6b78d03ae+3182e]
	chromedriver!GetHandleVerifier [0x7ff6b78d8acc+39f4c]
	chromedriver!(No symbol) [0x7ff6b73ceff8]
	chromedriver!GetHandleVerifier [0x7ff6b806f328+7d07a8]
	KERNEL32!BaseThreadInitThunk [0x7ffc8eb9e957+17]
	ntdll!RtlUserThreadStart [0x7ffc8f58427c+2c]


2026-06-04 17:30:39,720 | ERROR | Dummy-29 | 🔁 REPEAT worker 2 processo 906451230
2026-06-04 17:30:39,720 | ERROR | Dummy-29 | 📌 Motivo retry: Message: invalid session id; For documentation on this error, please visit: https://www.selenium.dev/documentation/webdriver/troubleshooting/errors#invalidsessionidexception
Stacktrace:
	chromedriver!GetHandleVerifier [0x7ff6b78b33f5+14875]
	chromedriver!GetHandleVerifier [0x7ff6b78b3450+148d0]
	chromedriver!(No symbol) [0x7ff6b7407576]
	chromedriver!(No symbol) [0x7ff6b7452ea6]
	chromedriver!(No symbol) [0x7ff6b748a182]
	chromedriver!(No symbol) [0x7ff6b7483f82]
	chromedriver!(No symbol) [0x7ff6b7483742]
	chromedriver!(No symbol) [0x7ff6b73d0255]
	chromedriver!GetHandleVerifier [0x7ff6b7e96c61+5f80e1]
	chromedriver!GetHandleVerifier [0x7ff6b7e90feb+5f246b]
	chromedriver!GetHandleVerifier [0x7ff6b7eb62d5+617755]
	chromedriver!GetHandleVerifier [0x7ff6b78d03ae+3182e]
	chromedriver!GetHandleVerifier [0x7ff6b78d8acc+39f4c]
	chromedriver!(No symbol) [0x7ff6b73ceff8]
	chromedriver!GetHandleVerifier [0x7ff6b806f328+7d07a8]
	KERNEL32!BaseThreadInitThunk [0x7ffc8eb9e957+17]
	ntdll!RtlUserThreadStart [0x7ffc8f58427c+2c]

2026-06-04 17:30:39,721 | ERROR | Dummy-29 | 📌 Tentativa atual: 1
2026-06-04 17:30:39,721 | ERROR | Dummy-29 | ⏳ Worker 2 aguardará 3s antes retry
2026-06-04 17:30:39,721 | ERROR | Dummy-29 | 🏁 Worker 2 finalizou
2026-06-04 17:30:39,727 | ERROR | MainThread | FINALIZAR worker 2 thread=MainThread
  File "E:\busca inpi\busca inpi\inpi_busca_codigo_limpo\main.py", line 47, in <module>
    sys.exit(app.exec_())
  File "E:\busca inpi\busca inpi\inpi_busca_codigo_limpo\core\worker_manager.py", line 108, in _finalizar_processo_atual
    f"{''.join(traceback.format_stack())}"

2026-06-04 17:30:39,732 | ERROR | MainThread | 📌 Processo atual antes limpar: None
2026-06-04 17:30:39,734 | ERROR | MainThread | 🔄 Agendando próximo processo worker 2
2026-06-04 17:30:39,736 | ERROR | MainThread | 🟡 _processar_proximo chamado Worker 2
2026-06-04 17:30:39,736 | ERROR | MainThread | 📦 Worker 2 fila restante: 4
2026-06-04 17:30:39,737 | ERROR | MainThread | 🚀 Worker 2 iniciou processo 906450861
2026-06-04 17:30:39,737 | ERROR | MainThread | 🧵 Worker thread START 2
2026-06-04 17:30:39,740 | ERROR | Dummy-30 | 🚀 Worker 2 iniciando
2026-06-04 17:30:39,741 | ERROR | Dummy-30 | 🚀 PIPELINE START worker 2 | 906450861
2026-06-04 17:30:39,741 | ERROR | Dummy-30 | LOGIN 1
2026-06-04 17:30:39,741 | ERROR | Dummy-30 | GARANTIR LOGIN INICIO
2026-06-04 17:30:39,741 | ERROR | Dummy-30 | <selenium.webdriver.chrome.webdriver.WebDriver (session="7ac9364cf8752afeaac823349c2b8d87")>
2026-06-04 17:30:39,742 | ERROR | Dummy-30 | 7ac9364cf8752afeaac823349c2b8d87
2026-06-04 17:30:39,742 | ERROR | Dummy-30 | ANTES DO FINDELEMENT
2026-06-04 17:30:39,742 | ERROR | Dummy-30 | LOGIN 2
2026-06-04 17:30:39,749 | ERROR | Dummy-30 | Traceback (most recent call last):
  File "E:\busca inpi\busca inpi\inpi_busca_codigo_limpo\core\processo_manager.py", line 330, in abrir_detalhe_processo
    self.garantir_login(driver)
    ~~~~~~~~~~~~~~~~~~~^^^^^^^^
  File "E:\busca inpi\busca inpi\inpi_busca_codigo_limpo\core\login_manager.py", line 62, in garantir_login
    wait_element(
    ~~~~~~~~~~~~^
        self,
        ^^^^^
    ...<2 lines>...
        timeout=5
        ^^^^^^^^^
    )
    ^
  File "E:\busca inpi\busca inpi\inpi_busca_codigo_limpo\core\network_utils.py", line 39, in wait_element
    return WebDriverWait(driver, timeout).until(
           ~~~~~~~~~~~~~~~~~~~~~~~~~~~~~~~~~~~~^
        EC.presence_of_element_located(locator)
        ^^^^^^^^^^^^^^^^^^^^^^^^^^^^^^^^^^^^^^^
    )
    ^
  File "E:\busca inpi\busca inpi\inpi_busca_codigo_limpo\venv\Lib\site-packages\selenium\webdriver\support\wait.py", line 112, in until
    value = method(self._driver)
  File "E:\busca inpi\busca inpi\inpi_busca_codigo_limpo\venv\Lib\site-packages\selenium\webdriver\support\expected_conditions.py", line 92, in _predicate
    return driver.find_element(*locator)
           ~~~~~~~~~~~~~~~~~~~^^^^^^^^^^
  File "E:\busca inpi\busca inpi\inpi_busca_codigo_limpo\venv\Lib\site-packages\selenium\webdriver\remote\webdriver.py", line 868, in find_element
    return self.execute(Command.FIND_ELEMENT, {"using": by, "value": value})["value"]
           ~~~~~~~~~~~~^^^^^^^^^^^^^^^^^^^^^^^^^^^^^^^^^^^^^^^^^^^^^^^^^^^^^
  File "E:\busca inpi\busca inpi\inpi_busca_codigo_limpo\venv\Lib\site-packages\selenium\webdriver\remote\webdriver.py", line 468, in execute
    self.error_handler.check_response(response)
    ~~~~~~~~~~~~~~~~~~~~~~~~~~~~~~~~~^^^^^^^^^^
  File "E:\busca inpi\busca inpi\inpi_busca_codigo_limpo\venv\Lib\site-packages\selenium\webdriver\remote\errorhandler.py", line 232, in check_response
    raise exception_class(message, screen, stacktrace)
selenium.common.exceptions.InvalidSessionIdException: Message: invalid session id; For documentation on this error, please visit: https://www.selenium.dev/documentation/webdriver/troubleshooting/errors#invalidsessionidexception
Stacktrace:
	chromedriver!GetHandleVerifier [0x7ff6b78b33f5+14875]
	chromedriver!GetHandleVerifier [0x7ff6b78b3450+148d0]
	chromedriver!(No symbol) [0x7ff6b7407576]
	chromedriver!(No symbol) [0x7ff6b7452ea6]
	chromedriver!(No symbol) [0x7ff6b748a182]
	chromedriver!(No symbol) [0x7ff6b7483f82]
	chromedriver!(No symbol) [0x7ff6b7483742]
	chromedriver!(No symbol) [0x7ff6b73d0255]
	chromedriver!GetHandleVerifier [0x7ff6b7e96c61+5f80e1]
	chromedriver!GetHandleVerifier [0x7ff6b7e90feb+5f246b]
	chromedriver!GetHandleVerifier [0x7ff6b7eb62d5+617755]
	chromedriver!GetHandleVerifier [0x7ff6b78d03ae+3182e]
	chromedriver!GetHandleVerifier [0x7ff6b78d8acc+39f4c]
	chromedriver!(No symbol) [0x7ff6b73ceff8]
	chromedriver!GetHandleVerifier [0x7ff6b806f328+7d07a8]
	KERNEL32!BaseThreadInitThunk [0x7ffc8eb9e957+17]
	ntdll!RtlUserThreadStart [0x7ffc8f58427c+2c]


2026-06-04 17:30:39,761 | ERROR | Dummy-30 | 🔁 REPEAT worker 2 processo 906450861
2026-06-04 17:30:39,761 | ERROR | Dummy-30 | 📌 Motivo retry: Message: invalid session id; For documentation on this error, please visit: https://www.selenium.dev/documentation/webdriver/troubleshooting/errors#invalidsessionidexception
Stacktrace:
	chromedriver!GetHandleVerifier [0x7ff6b78b33f5+14875]
	chromedriver!GetHandleVerifier [0x7ff6b78b3450+148d0]
	chromedriver!(No symbol) [0x7ff6b7407576]
	chromedriver!(No symbol) [0x7ff6b7452ea6]
	chromedriver!(No symbol) [0x7ff6b748a182]
	chromedriver!(No symbol) [0x7ff6b7483f82]
	chromedriver!(No symbol) [0x7ff6b7483742]
	chromedriver!(No symbol) [0x7ff6b73d0255]
	chromedriver!GetHandleVerifier [0x7ff6b7e96c61+5f80e1]
	chromedriver!GetHandleVerifier [0x7ff6b7e90feb+5f246b]
	chromedriver!GetHandleVerifier [0x7ff6b7eb62d5+617755]
	chromedriver!GetHandleVerifier [0x7ff6b78d03ae+3182e]
	chromedriver!GetHandleVerifier [0x7ff6b78d8acc+39f4c]
	chromedriver!(No symbol) [0x7ff6b73ceff8]
	chromedriver!GetHandleVerifier [0x7ff6b806f328+7d07a8]
	KERNEL32!BaseThreadInitThunk [0x7ffc8eb9e957+17]
	ntdll!RtlUserThreadStart [0x7ffc8f58427c+2c]

2026-06-04 17:30:39,762 | ERROR | Dummy-30 | 📌 Tentativa atual: 1
2026-06-04 17:30:39,762 | ERROR | Dummy-30 | ⏳ Worker 2 aguardará 3s antes retry
2026-06-04 17:30:39,762 | ERROR | Dummy-30 | 🏁 Worker 2 finalizou
2026-06-04 17:30:39,765 | ERROR | MainThread | FINALIZAR worker 2 thread=MainThread
  File "E:\busca inpi\busca inpi\inpi_busca_codigo_limpo\main.py", line 47, in <module>
    sys.exit(app.exec_())
  File "E:\busca inpi\busca inpi\inpi_busca_codigo_limpo\core\worker_manager.py", line 108, in _finalizar_processo_atual
    f"{''.join(traceback.format_stack())}"

2026-06-04 17:30:39,765 | ERROR | MainThread | 📌 Processo atual antes limpar: None
2026-06-04 17:30:39,765 | ERROR | MainThread | 🔄 Agendando próximo processo worker 2
2026-06-04 17:30:39,766 | ERROR | MainThread | 🟡 _processar_proximo chamado Worker 2
2026-06-04 17:30:39,766 | ERROR | MainThread | 📦 Worker 2 fila restante: 3
2026-06-04 17:30:39,766 | ERROR | MainThread | 🚀 Worker 2 iniciou processo 906450586
2026-06-04 17:30:39,766 | ERROR | MainThread | 🧵 Worker thread START 2
2026-06-04 17:30:39,767 | ERROR | Dummy-31 | 🚀 Worker 2 iniciando
2026-06-04 17:30:39,767 | ERROR | Dummy-31 | 🚀 PIPELINE START worker 2 | 906450586
2026-06-04 17:30:39,768 | ERROR | Dummy-31 | LOGIN 1
2026-06-04 17:30:39,768 | ERROR | Dummy-31 | GARANTIR LOGIN INICIO
2026-06-04 17:30:39,768 | ERROR | Dummy-31 | <selenium.webdriver.chrome.webdriver.WebDriver (session="7ac9364cf8752afeaac823349c2b8d87")>
2026-06-04 17:30:39,768 | ERROR | Dummy-31 | 7ac9364cf8752afeaac823349c2b8d87
2026-06-04 17:30:39,768 | ERROR | Dummy-31 | ANTES DO FINDELEMENT
2026-06-04 17:30:39,768 | ERROR | Dummy-31 | LOGIN 2
2026-06-04 17:30:39,772 | ERROR | Dummy-31 | Traceback (most recent call last):
  File "E:\busca inpi\busca inpi\inpi_busca_codigo_limpo\core\processo_manager.py", line 330, in abrir_detalhe_processo
    self.garantir_login(driver)
    ~~~~~~~~~~~~~~~~~~~^^^^^^^^
  File "E:\busca inpi\busca inpi\inpi_busca_codigo_limpo\core\login_manager.py", line 62, in garantir_login
    wait_element(
    ~~~~~~~~~~~~^
        self,
        ^^^^^
    ...<2 lines>...
        timeout=5
        ^^^^^^^^^
    )
    ^
  File "E:\busca inpi\busca inpi\inpi_busca_codigo_limpo\core\network_utils.py", line 39, in wait_element
    return WebDriverWait(driver, timeout).until(
           ~~~~~~~~~~~~~~~~~~~~~~~~~~~~~~~~~~~~^
        EC.presence_of_element_located(locator)
        ^^^^^^^^^^^^^^^^^^^^^^^^^^^^^^^^^^^^^^^
    )
    ^
  File "E:\busca inpi\busca inpi\inpi_busca_codigo_limpo\venv\Lib\site-packages\selenium\webdriver\support\wait.py", line 112, in until
    value = method(self._driver)
  File "E:\busca inpi\busca inpi\inpi_busca_codigo_limpo\venv\Lib\site-packages\selenium\webdriver\support\expected_conditions.py", line 92, in _predicate
    return driver.find_element(*locator)
           ~~~~~~~~~~~~~~~~~~~^^^^^^^^^^
  File "E:\busca inpi\busca inpi\inpi_busca_codigo_limpo\venv\Lib\site-packages\selenium\webdriver\remote\webdriver.py", line 868, in find_element
    return self.execute(Command.FIND_ELEMENT, {"using": by, "value": value})["value"]
           ~~~~~~~~~~~~^^^^^^^^^^^^^^^^^^^^^^^^^^^^^^^^^^^^^^^^^^^^^^^^^^^^^
  File "E:\busca inpi\busca inpi\inpi_busca_codigo_limpo\venv\Lib\site-packages\selenium\webdriver\remote\webdriver.py", line 468, in execute
    self.error_handler.check_response(response)
    ~~~~~~~~~~~~~~~~~~~~~~~~~~~~~~~~~^^^^^^^^^^
  File "E:\busca inpi\busca inpi\inpi_busca_codigo_limpo\venv\Lib\site-packages\selenium\webdriver\remote\errorhandler.py", line 232, in check_response
    raise exception_class(message, screen, stacktrace)
selenium.common.exceptions.InvalidSessionIdException: Message: invalid session id; For documentation on this error, please visit: https://www.selenium.dev/documentation/webdriver/troubleshooting/errors#invalidsessionidexception
Stacktrace:
	chromedriver!GetHandleVerifier [0x7ff6b78b33f5+14875]
	chromedriver!GetHandleVerifier [0x7ff6b78b3450+148d0]
	chromedriver!(No symbol) [0x7ff6b7407576]
	chromedriver!(No symbol) [0x7ff6b7452ea6]
	chromedriver!(No symbol) [0x7ff6b748a182]
	chromedriver!(No symbol) [0x7ff6b7483f82]
	chromedriver!(No symbol) [0x7ff6b7483742]
	chromedriver!(No symbol) [0x7ff6b73d0255]
	chromedriver!GetHandleVerifier [0x7ff6b7e96c61+5f80e1]
	chromedriver!GetHandleVerifier [0x7ff6b7e90feb+5f246b]
	chromedriver!GetHandleVerifier [0x7ff6b7eb62d5+617755]
	chromedriver!GetHandleVerifier [0x7ff6b78d03ae+3182e]
	chromedriver!GetHandleVerifier [0x7ff6b78d8acc+39f4c]
	chromedriver!(No symbol) [0x7ff6b73ceff8]
	chromedriver!GetHandleVerifier [0x7ff6b806f328+7d07a8]
	KERNEL32!BaseThreadInitThunk [0x7ffc8eb9e957+17]
	ntdll!RtlUserThreadStart [0x7ffc8f58427c+2c]


2026-06-04 17:30:39,785 | ERROR | Dummy-31 | 🔁 REPEAT worker 2 processo 906450586
2026-06-04 17:30:39,785 | ERROR | Dummy-31 | 📌 Motivo retry: Message: invalid session id; For documentation on this error, please visit: https://www.selenium.dev/documentation/webdriver/troubleshooting/errors#invalidsessionidexception
Stacktrace:
	chromedriver!GetHandleVerifier [0x7ff6b78b33f5+14875]
	chromedriver!GetHandleVerifier [0x7ff6b78b3450+148d0]
	chromedriver!(No symbol) [0x7ff6b7407576]
	chromedriver!(No symbol) [0x7ff6b7452ea6]
	chromedriver!(No symbol) [0x7ff6b748a182]
	chromedriver!(No symbol) [0x7ff6b7483f82]
	chromedriver!(No symbol) [0x7ff6b7483742]
	chromedriver!(No symbol) [0x7ff6b73d0255]
	chromedriver!GetHandleVerifier [0x7ff6b7e96c61+5f80e1]
	chromedriver!GetHandleVerifier [0x7ff6b7e90feb+5f246b]
	chromedriver!GetHandleVerifier [0x7ff6b7eb62d5+617755]
	chromedriver!GetHandleVerifier [0x7ff6b78d03ae+3182e]
	chromedriver!GetHandleVerifier [0x7ff6b78d8acc+39f4c]
	chromedriver!(No symbol) [0x7ff6b73ceff8]
	chromedriver!GetHandleVerifier [0x7ff6b806f328+7d07a8]
	KERNEL32!BaseThreadInitThunk [0x7ffc8eb9e957+17]
	ntdll!RtlUserThreadStart [0x7ffc8f58427c+2c]

2026-06-04 17:30:39,786 | ERROR | Dummy-31 | 📌 Tentativa atual: 1
2026-06-04 17:30:39,786 | ERROR | Dummy-31 | ⏳ Worker 2 aguardará 3s antes retry
2026-06-04 17:30:39,786 | ERROR | Dummy-31 | 🏁 Worker 2 finalizou
2026-06-04 17:30:39,788 | ERROR | MainThread | FINALIZAR worker 2 thread=MainThread
  File "E:\busca inpi\busca inpi\inpi_busca_codigo_limpo\main.py", line 47, in <module>
    sys.exit(app.exec_())
  File "E:\busca inpi\busca inpi\inpi_busca_codigo_limpo\core\worker_manager.py", line 108, in _finalizar_processo_atual
    f"{''.join(traceback.format_stack())}"

2026-06-04 17:30:39,789 | ERROR | MainThread | 📌 Processo atual antes limpar: None
2026-06-04 17:30:39,790 | ERROR | MainThread | 🔄 Agendando próximo processo worker 2
2026-06-04 17:30:39,791 | ERROR | MainThread | 🟡 _processar_proximo chamado Worker 2
2026-06-04 17:30:39,792 | ERROR | MainThread | 📦 Worker 2 fila restante: 2
2026-06-04 17:30:39,792 | ERROR | MainThread | 🚀 Worker 2 iniciou processo 906450144
2026-06-04 17:30:39,792 | ERROR | MainThread | 🧵 Worker thread START 2
2026-06-04 17:30:39,793 | ERROR | Dummy-32 | 🚀 Worker 2 iniciando
2026-06-04 17:30:39,793 | ERROR | Dummy-32 | 🚀 PIPELINE START worker 2 | 906450144
2026-06-04 17:30:39,794 | ERROR | Dummy-32 | LOGIN 1
2026-06-04 17:30:39,794 | ERROR | Dummy-32 | GARANTIR LOGIN INICIO
2026-06-04 17:30:39,794 | ERROR | Dummy-32 | <selenium.webdriver.chrome.webdriver.WebDriver (session="7ac9364cf8752afeaac823349c2b8d87")>
2026-06-04 17:30:39,794 | ERROR | Dummy-32 | 7ac9364cf8752afeaac823349c2b8d87
2026-06-04 17:30:39,794 | ERROR | Dummy-32 | ANTES DO FINDELEMENT
2026-06-04 17:30:39,795 | ERROR | Dummy-32 | LOGIN 2
2026-06-04 17:30:39,799 | ERROR | Dummy-32 | Traceback (most recent call last):
  File "E:\busca inpi\busca inpi\inpi_busca_codigo_limpo\core\processo_manager.py", line 330, in abrir_detalhe_processo
    self.garantir_login(driver)
    ~~~~~~~~~~~~~~~~~~~^^^^^^^^
  File "E:\busca inpi\busca inpi\inpi_busca_codigo_limpo\core\login_manager.py", line 62, in garantir_login
    wait_element(
    ~~~~~~~~~~~~^
        self,
        ^^^^^
    ...<2 lines>...
        timeout=5
        ^^^^^^^^^
    )
    ^
  File "E:\busca inpi\busca inpi\inpi_busca_codigo_limpo\core\network_utils.py", line 39, in wait_element
    return WebDriverWait(driver, timeout).until(
           ~~~~~~~~~~~~~~~~~~~~~~~~~~~~~~~~~~~~^
        EC.presence_of_element_located(locator)
        ^^^^^^^^^^^^^^^^^^^^^^^^^^^^^^^^^^^^^^^
    )
    ^
  File "E:\busca inpi\busca inpi\inpi_busca_codigo_limpo\venv\Lib\site-packages\selenium\webdriver\support\wait.py", line 112, in until
    value = method(self._driver)
  File "E:\busca inpi\busca inpi\inpi_busca_codigo_limpo\venv\Lib\site-packages\selenium\webdriver\support\expected_conditions.py", line 92, in _predicate
    return driver.find_element(*locator)
           ~~~~~~~~~~~~~~~~~~~^^^^^^^^^^
  File "E:\busca inpi\busca inpi\inpi_busca_codigo_limpo\venv\Lib\site-packages\selenium\webdriver\remote\webdriver.py", line 868, in find_element
    return self.execute(Command.FIND_ELEMENT, {"using": by, "value": value})["value"]
           ~~~~~~~~~~~~^^^^^^^^^^^^^^^^^^^^^^^^^^^^^^^^^^^^^^^^^^^^^^^^^^^^^
  File "E:\busca inpi\busca inpi\inpi_busca_codigo_limpo\venv\Lib\site-packages\selenium\webdriver\remote\webdriver.py", line 468, in execute
    self.error_handler.check_response(response)
    ~~~~~~~~~~~~~~~~~~~~~~~~~~~~~~~~~^^^^^^^^^^
  File "E:\busca inpi\busca inpi\inpi_busca_codigo_limpo\venv\Lib\site-packages\selenium\webdriver\remote\errorhandler.py", line 232, in check_response
    raise exception_class(message, screen, stacktrace)
selenium.common.exceptions.InvalidSessionIdException: Message: invalid session id; For documentation on this error, please visit: https://www.selenium.dev/documentation/webdriver/troubleshooting/errors#invalidsessionidexception
Stacktrace:
	chromedriver!GetHandleVerifier [0x7ff6b78b33f5+14875]
	chromedriver!GetHandleVerifier [0x7ff6b78b3450+148d0]
	chromedriver!(No symbol) [0x7ff6b7407576]
	chromedriver!(No symbol) [0x7ff6b7452ea6]
	chromedriver!(No symbol) [0x7ff6b748a182]
	chromedriver!(No symbol) [0x7ff6b7483f82]
	chromedriver!(No symbol) [0x7ff6b7483742]
	chromedriver!(No symbol) [0x7ff6b73d0255]
	chromedriver!GetHandleVerifier [0x7ff6b7e96c61+5f80e1]
	chromedriver!GetHandleVerifier [0x7ff6b7e90feb+5f246b]
	chromedriver!GetHandleVerifier [0x7ff6b7eb62d5+617755]
	chromedriver!GetHandleVerifier [0x7ff6b78d03ae+3182e]
	chromedriver!GetHandleVerifier [0x7ff6b78d8acc+39f4c]
	chromedriver!(No symbol) [0x7ff6b73ceff8]
	chromedriver!GetHandleVerifier [0x7ff6b806f328+7d07a8]
	KERNEL32!BaseThreadInitThunk [0x7ffc8eb9e957+17]
	ntdll!RtlUserThreadStart [0x7ffc8f58427c+2c]


2026-06-04 17:30:39,812 | ERROR | Dummy-32 | 🔁 REPEAT worker 2 processo 906450144
2026-06-04 17:30:39,812 | ERROR | Dummy-32 | 📌 Motivo retry: Message: invalid session id; For documentation on this error, please visit: https://www.selenium.dev/documentation/webdriver/troubleshooting/errors#invalidsessionidexception
Stacktrace:
	chromedriver!GetHandleVerifier [0x7ff6b78b33f5+14875]
	chromedriver!GetHandleVerifier [0x7ff6b78b3450+148d0]
	chromedriver!(No symbol) [0x7ff6b7407576]
	chromedriver!(No symbol) [0x7ff6b7452ea6]
	chromedriver!(No symbol) [0x7ff6b748a182]
	chromedriver!(No symbol) [0x7ff6b7483f82]
	chromedriver!(No symbol) [0x7ff6b7483742]
	chromedriver!(No symbol) [0x7ff6b73d0255]
	chromedriver!GetHandleVerifier [0x7ff6b7e96c61+5f80e1]
	chromedriver!GetHandleVerifier [0x7ff6b7e90feb+5f246b]
	chromedriver!GetHandleVerifier [0x7ff6b7eb62d5+617755]
	chromedriver!GetHandleVerifier [0x7ff6b78d03ae+3182e]
	chromedriver!GetHandleVerifier [0x7ff6b78d8acc+39f4c]
	chromedriver!(No symbol) [0x7ff6b73ceff8]
	chromedriver!GetHandleVerifier [0x7ff6b806f328+7d07a8]
	KERNEL32!BaseThreadInitThunk [0x7ffc8eb9e957+17]
	ntdll!RtlUserThreadStart [0x7ffc8f58427c+2c]

2026-06-04 17:30:39,812 | ERROR | Dummy-32 | 📌 Tentativa atual: 1
2026-06-04 17:30:39,812 | ERROR | Dummy-32 | ⏳ Worker 2 aguardará 3s antes retry
2026-06-04 17:30:39,813 | ERROR | Dummy-32 | 🏁 Worker 2 finalizou
2026-06-04 17:30:39,814 | ERROR | MainThread | FINALIZAR worker 2 thread=MainThread
  File "E:\busca inpi\busca inpi\inpi_busca_codigo_limpo\main.py", line 47, in <module>
    sys.exit(app.exec_())
  File "E:\busca inpi\busca inpi\inpi_busca_codigo_limpo\core\worker_manager.py", line 108, in _finalizar_processo_atual
    f"{''.join(traceback.format_stack())}"

2026-06-04 17:30:39,814 | ERROR | MainThread | 📌 Processo atual antes limpar: None
2026-06-04 17:30:39,814 | ERROR | MainThread | 🔄 Agendando próximo processo worker 2
2026-06-04 17:30:39,814 | ERROR | MainThread | 🟡 _processar_proximo chamado Worker 2
2026-06-04 17:30:39,814 | ERROR | MainThread | 📦 Worker 2 fila restante: 1
2026-06-04 17:30:39,815 | ERROR | MainThread | 🚀 Worker 2 iniciou processo 906450004
2026-06-04 17:30:39,815 | ERROR | MainThread | 🧵 Worker thread START 2
2026-06-04 17:30:39,815 | ERROR | Dummy-33 | 🚀 Worker 2 iniciando
2026-06-04 17:30:39,816 | ERROR | Dummy-33 | 🚀 PIPELINE START worker 2 | 906450004
2026-06-04 17:30:39,816 | ERROR | Dummy-33 | LOGIN 1
2026-06-04 17:30:39,816 | ERROR | Dummy-33 | GARANTIR LOGIN INICIO
2026-06-04 17:30:39,816 | ERROR | Dummy-33 | <selenium.webdriver.chrome.webdriver.WebDriver (session="7ac9364cf8752afeaac823349c2b8d87")>
2026-06-04 17:30:39,816 | ERROR | Dummy-33 | 7ac9364cf8752afeaac823349c2b8d87
2026-06-04 17:30:39,816 | ERROR | Dummy-33 | ANTES DO FINDELEMENT
2026-06-04 17:30:39,816 | ERROR | Dummy-33 | LOGIN 2
2026-06-04 17:30:39,819 | ERROR | Dummy-33 | Traceback (most recent call last):
  File "E:\busca inpi\busca inpi\inpi_busca_codigo_limpo\core\processo_manager.py", line 330, in abrir_detalhe_processo
    self.garantir_login(driver)
    ~~~~~~~~~~~~~~~~~~~^^^^^^^^
  File "E:\busca inpi\busca inpi\inpi_busca_codigo_limpo\core\login_manager.py", line 62, in garantir_login
    wait_element(
    ~~~~~~~~~~~~^
        self,
        ^^^^^
    ...<2 lines>...
        timeout=5
        ^^^^^^^^^
    )
    ^
  File "E:\busca inpi\busca inpi\inpi_busca_codigo_limpo\core\network_utils.py", line 39, in wait_element
    return WebDriverWait(driver, timeout).until(
           ~~~~~~~~~~~~~~~~~~~~~~~~~~~~~~~~~~~~^
        EC.presence_of_element_located(locator)
        ^^^^^^^^^^^^^^^^^^^^^^^^^^^^^^^^^^^^^^^
    )
    ^
  File "E:\busca inpi\busca inpi\inpi_busca_codigo_limpo\venv\Lib\site-packages\selenium\webdriver\support\wait.py", line 112, in until
    value = method(self._driver)
  File "E:\busca inpi\busca inpi\inpi_busca_codigo_limpo\venv\Lib\site-packages\selenium\webdriver\support\expected_conditions.py", line 92, in _predicate
    return driver.find_element(*locator)
           ~~~~~~~~~~~~~~~~~~~^^^^^^^^^^
  File "E:\busca inpi\busca inpi\inpi_busca_codigo_limpo\venv\Lib\site-packages\selenium\webdriver\remote\webdriver.py", line 868, in find_element
    return self.execute(Command.FIND_ELEMENT, {"using": by, "value": value})["value"]
           ~~~~~~~~~~~~^^^^^^^^^^^^^^^^^^^^^^^^^^^^^^^^^^^^^^^^^^^^^^^^^^^^^
  File "E:\busca inpi\busca inpi\inpi_busca_codigo_limpo\venv\Lib\site-packages\selenium\webdriver\remote\webdriver.py", line 468, in execute
    self.error_handler.check_response(response)
    ~~~~~~~~~~~~~~~~~~~~~~~~~~~~~~~~~^^^^^^^^^^
  File "E:\busca inpi\busca inpi\inpi_busca_codigo_limpo\venv\Lib\site-packages\selenium\webdriver\remote\errorhandler.py", line 232, in check_response
    raise exception_class(message, screen, stacktrace)
selenium.common.exceptions.InvalidSessionIdException: Message: invalid session id; For documentation on this error, please visit: https://www.selenium.dev/documentation/webdriver/troubleshooting/errors#invalidsessionidexception
Stacktrace:
	chromedriver!GetHandleVerifier [0x7ff6b78b33f5+14875]
	chromedriver!GetHandleVerifier [0x7ff6b78b3450+148d0]
	chromedriver!(No symbol) [0x7ff6b7407576]
	chromedriver!(No symbol) [0x7ff6b7452ea6]
	chromedriver!(No symbol) [0x7ff6b748a182]
	chromedriver!(No symbol) [0x7ff6b7483f82]
	chromedriver!(No symbol) [0x7ff6b7483742]
	chromedriver!(No symbol) [0x7ff6b73d0255]
	chromedriver!GetHandleVerifier [0x7ff6b7e96c61+5f80e1]
	chromedriver!GetHandleVerifier [0x7ff6b7e90feb+5f246b]
	chromedriver!GetHandleVerifier [0x7ff6b7eb62d5+617755]
	chromedriver!GetHandleVerifier [0x7ff6b78d03ae+3182e]
	chromedriver!GetHandleVerifier [0x7ff6b78d8acc+39f4c]
	chromedriver!(No symbol) [0x7ff6b73ceff8]
	chromedriver!GetHandleVerifier [0x7ff6b806f328+7d07a8]
	KERNEL32!BaseThreadInitThunk [0x7ffc8eb9e957+17]
	ntdll!RtlUserThreadStart [0x7ffc8f58427c+2c]


2026-06-04 17:30:39,831 | ERROR | Dummy-33 | 🔁 REPEAT worker 2 processo 906450004
2026-06-04 17:30:39,831 | ERROR | Dummy-33 | 📌 Motivo retry: Message: invalid session id; For documentation on this error, please visit: https://www.selenium.dev/documentation/webdriver/troubleshooting/errors#invalidsessionidexception
Stacktrace:
	chromedriver!GetHandleVerifier [0x7ff6b78b33f5+14875]
	chromedriver!GetHandleVerifier [0x7ff6b78b3450+148d0]
	chromedriver!(No symbol) [0x7ff6b7407576]
	chromedriver!(No symbol) [0x7ff6b7452ea6]
	chromedriver!(No symbol) [0x7ff6b748a182]
	chromedriver!(No symbol) [0x7ff6b7483f82]
	chromedriver!(No symbol) [0x7ff6b7483742]
	chromedriver!(No symbol) [0x7ff6b73d0255]
	chromedriver!GetHandleVerifier [0x7ff6b7e96c61+5f80e1]
	chromedriver!GetHandleVerifier [0x7ff6b7e90feb+5f246b]
	chromedriver!GetHandleVerifier [0x7ff6b7eb62d5+617755]
	chromedriver!GetHandleVerifier [0x7ff6b78d03ae+3182e]
	chromedriver!GetHandleVerifier [0x7ff6b78d8acc+39f4c]
	chromedriver!(No symbol) [0x7ff6b73ceff8]
	chromedriver!GetHandleVerifier [0x7ff6b806f328+7d07a8]
	KERNEL32!BaseThreadInitThunk [0x7ffc8eb9e957+17]
	ntdll!RtlUserThreadStart [0x7ffc8f58427c+2c]

2026-06-04 17:30:39,832 | ERROR | Dummy-33 | 📌 Tentativa atual: 1
2026-06-04 17:30:39,832 | ERROR | Dummy-33 | ⏳ Worker 2 aguardará 3s antes retry
2026-06-04 17:30:39,832 | ERROR | Dummy-33 | 🏁 Worker 2 finalizou
2026-06-04 17:30:39,834 | ERROR | MainThread | FINALIZAR worker 2 thread=MainThread
  File "E:\busca inpi\busca inpi\inpi_busca_codigo_limpo\main.py", line 47, in <module>
    sys.exit(app.exec_())
  File "E:\busca inpi\busca inpi\inpi_busca_codigo_limpo\core\worker_manager.py", line 108, in _finalizar_processo_atual
    f"{''.join(traceback.format_stack())}"

2026-06-04 17:30:39,834 | ERROR | MainThread | 📌 Processo atual antes limpar: None
2026-06-04 17:30:39,834 | ERROR | MainThread | 🔄 Agendando próximo processo worker 2
2026-06-04 17:30:39,835 | ERROR | MainThread | 🟡 _processar_proximo chamado Worker 2
2026-06-04 17:30:39,836 | ERROR | MainThread | 📦 Worker 2 fila restante: 0
2026-06-04 17:30:39,836 | ERROR | MainThread | 🏁 Worker 2 finalizou fila
2026-06-04 17:30:40,148 | ERROR | Thread-7 (_loop_solver_button) | Erro PyAutoGUI: 
2026-06-04 17:30:40,382 | ERROR | Thread-7 (_loop_solver_button) | ImageNotFoundException()
2026-06-04 17:30:40,933 | ERROR | Dummy-19 | [W1] erro captcha: Message: invalid session id: session deleted as the browser has closed the connection
from disconnected: not connected to DevTools
  (Session info: chrome=149.0.7827.53); For documentation on this error, please visit: https://www.selenium.dev/documentation/webdriver/troubleshooting/errors#invalidsessionidexception
Stacktrace:
	chromedriver!GetHandleVerifier [0x7ff6b78b33f5+14875]
	chromedriver!GetHandleVerifier [0x7ff6b78b3450+148d0]
	chromedriver!(No symbol) [0x7ff6b740778d]
	chromedriver!(No symbol) [0x7ff6b73f2c02]
	chromedriver!(No symbol) [0x7ff6b7418f0c]
	chromedriver!(No symbol) [0x7ff6b74913c0]
	chromedriver!(No symbol) [0x7ff6b74ae2ed]
	chromedriver!(No symbol) [0x7ff6b7453eb0]
	chromedriver!(No symbol) [0x7ff6b7454e23]
	chromedriver!GetHandleVerifier [0x7ff6b7e96c61+5f80e1]
	chromedriver!GetHandleVerifier [0x7ff6b7e90feb+5f246b]
	chromedriver!GetHandleVerifier [0x7ff6b7eb62d5+617755]
	chromedriver!GetHandleVerifier [0x7ff6b78d03ae+3182e]
	chromedriver!GetHandleVerifier [0x7ff6b78d8acc+39f4c]
	chromedriver!GetHandleVerifier [0x7ff6b78bcac4+1df44]
	chromedriver!GetHandleVerifier [0x7ff6b78bcc54+1e0d4]
	chromedriver!GetHandleVerifier [0x7ff6b78a0957+1dd7]
	KERNEL32!BaseThreadInitThunk [0x7ffc8eb9e957+17]
	ntdll!RtlUserThreadStart [0x7ffc8f58427c+2c]

2026-06-04 17:30:40,933 | ERROR | Dummy-19 | [captcha] finalizado
2026-06-04 17:30:40,934 | ERROR | Dummy-19 | 📥 Worker 1 retorno captcha: None
2026-06-04 17:30:40,934 | ERROR | Dummy-19 | ❌ Worker 1 PDF não encontrado
2026-06-04 17:30:40,934 | ERROR | Dummy-19 | Traceback (most recent call last):
  File "E:\busca inpi\busca inpi\inpi_busca_codigo_limpo\core\processo_manager.py", line 418, in abrir_detalhe_processo
    raise Exception("PDF não baixado")
Exception: PDF não baixado

2026-06-04 17:30:40,946 | ERROR | Dummy-19 | 🔁 REPEAT worker 1 processo 906452333
2026-06-04 17:30:40,946 | ERROR | Dummy-19 | 📌 Motivo retry: PDF não baixado
2026-06-04 17:30:40,946 | ERROR | Dummy-19 | 📌 Tentativa atual: 1
2026-06-04 17:30:40,946 | ERROR | Dummy-19 | ⏳ Worker 1 aguardará 3s antes retry
2026-06-04 17:30:40,947 | ERROR | Dummy-19 | 🏁 Worker 1 finalizou
2026-06-04 17:30:41,235 | ERROR | MainThread | FINALIZAR worker 1 thread=MainThread
  File "E:\busca inpi\busca inpi\inpi_busca_codigo_limpo\main.py", line 47, in <module>
    sys.exit(app.exec_())
  File "E:\busca inpi\busca inpi\inpi_busca_codigo_limpo\core\worker_manager.py", line 108, in _finalizar_processo_atual
    f"{''.join(traceback.format_stack())}"

2026-06-04 17:30:41,235 | ERROR | MainThread | 📌 Processo atual antes limpar: None
2026-06-04 17:30:41,236 | ERROR | MainThread | 🔄 Agendando próximo processo worker 1
2026-06-04 17:30:41,237 | ERROR | MainThread | 🟡 _processar_proximo chamado Worker 1
2026-06-04 17:30:41,238 | ERROR | MainThread | 📦 Worker 1 fila restante: 7
2026-06-04 17:30:41,239 | ERROR | MainThread | 🚀 Worker 1 iniciou processo 906451833
2026-06-04 17:30:41,239 | ERROR | MainThread | 🧵 Worker thread START 1
2026-06-04 17:30:41,245 | ERROR | Dummy-34 | 🚀 Worker 1 iniciando
2026-06-04 17:30:41,246 | ERROR | Dummy-34 | 🚀 PIPELINE START worker 1 | 906451833
2026-06-04 17:30:41,247 | ERROR | Dummy-34 | LOGIN 1
2026-06-04 17:30:41,247 | ERROR | Dummy-34 | GARANTIR LOGIN INICIO
2026-06-04 17:30:41,247 | ERROR | Dummy-34 | <selenium.webdriver.chrome.webdriver.WebDriver (session="a300be2f19a00d9bc75d3fa71ef4d704")>
2026-06-04 17:30:41,248 | ERROR | Dummy-34 | a300be2f19a00d9bc75d3fa71ef4d704
2026-06-04 17:30:41,248 | ERROR | Dummy-34 | ANTES DO FINDELEMENT
2026-06-04 17:30:41,248 | ERROR | Dummy-34 | LOGIN 2
2026-06-04 17:30:41,252 | ERROR | Dummy-34 | Traceback (most recent call last):
  File "E:\busca inpi\busca inpi\inpi_busca_codigo_limpo\core\processo_manager.py", line 330, in abrir_detalhe_processo
    self.garantir_login(driver)
    ~~~~~~~~~~~~~~~~~~~^^^^^^^^
  File "E:\busca inpi\busca inpi\inpi_busca_codigo_limpo\core\login_manager.py", line 62, in garantir_login
    wait_element(
    ~~~~~~~~~~~~^
        self,
        ^^^^^
    ...<2 lines>...
        timeout=5
        ^^^^^^^^^
    )
    ^
  File "E:\busca inpi\busca inpi\inpi_busca_codigo_limpo\core\network_utils.py", line 39, in wait_element
    return WebDriverWait(driver, timeout).until(
           ~~~~~~~~~~~~~~~~~~~~~~~~~~~~~~~~~~~~^
        EC.presence_of_element_located(locator)
        ^^^^^^^^^^^^^^^^^^^^^^^^^^^^^^^^^^^^^^^
    )
    ^
  File "E:\busca inpi\busca inpi\inpi_busca_codigo_limpo\venv\Lib\site-packages\selenium\webdriver\support\wait.py", line 112, in until
    value = method(self._driver)
  File "E:\busca inpi\busca inpi\inpi_busca_codigo_limpo\venv\Lib\site-packages\selenium\webdriver\support\expected_conditions.py", line 92, in _predicate
    return driver.find_element(*locator)
           ~~~~~~~~~~~~~~~~~~~^^^^^^^^^^
  File "E:\busca inpi\busca inpi\inpi_busca_codigo_limpo\venv\Lib\site-packages\selenium\webdriver\remote\webdriver.py", line 868, in find_element
    return self.execute(Command.FIND_ELEMENT, {"using": by, "value": value})["value"]
           ~~~~~~~~~~~~^^^^^^^^^^^^^^^^^^^^^^^^^^^^^^^^^^^^^^^^^^^^^^^^^^^^^
  File "E:\busca inpi\busca inpi\inpi_busca_codigo_limpo\venv\Lib\site-packages\selenium\webdriver\remote\webdriver.py", line 468, in execute
    self.error_handler.check_response(response)
    ~~~~~~~~~~~~~~~~~~~~~~~~~~~~~~~~~^^^^^^^^^^
  File "E:\busca inpi\busca inpi\inpi_busca_codigo_limpo\venv\Lib\site-packages\selenium\webdriver\remote\errorhandler.py", line 232, in check_response
    raise exception_class(message, screen, stacktrace)
selenium.common.exceptions.InvalidSessionIdException: Message: invalid session id; For documentation on this error, please visit: https://www.selenium.dev/documentation/webdriver/troubleshooting/errors#invalidsessionidexception
Stacktrace:
	chromedriver!GetHandleVerifier [0x7ff6b78b33f5+14875]
	chromedriver!GetHandleVerifier [0x7ff6b78b3450+148d0]
	chromedriver!(No symbol) [0x7ff6b7407576]
	chromedriver!(No symbol) [0x7ff6b7452ea6]
	chromedriver!(No symbol) [0x7ff6b748a182]
	chromedriver!(No symbol) [0x7ff6b7483f82]
	chromedriver!(No symbol) [0x7ff6b7483742]
	chromedriver!(No symbol) [0x7ff6b73d0255]
	chromedriver!GetHandleVerifier [0x7ff6b7e96c61+5f80e1]
	chromedriver!GetHandleVerifier [0x7ff6b7e90feb+5f246b]
	chromedriver!GetHandleVerifier [0x7ff6b7eb62d5+617755]
	chromedriver!GetHandleVerifier [0x7ff6b78d03ae+3182e]
	chromedriver!GetHandleVerifier [0x7ff6b78d8acc+39f4c]
	chromedriver!(No symbol) [0x7ff6b73ceff8]
	chromedriver!GetHandleVerifier [0x7ff6b806f328+7d07a8]
	KERNEL32!BaseThreadInitThunk [0x7ffc8eb9e957+17]
	ntdll!RtlUserThreadStart [0x7ffc8f58427c+2c]


2026-06-04 17:30:41,263 | ERROR | Dummy-34 | 🔁 REPEAT worker 1 processo 906451833
2026-06-04 17:30:41,263 | ERROR | Dummy-34 | 📌 Motivo retry: Message: invalid session id; For documentation on this error, please visit: https://www.selenium.dev/documentation/webdriver/troubleshooting/errors#invalidsessionidexception
Stacktrace:
	chromedriver!GetHandleVerifier [0x7ff6b78b33f5+14875]
	chromedriver!GetHandleVerifier [0x7ff6b78b3450+148d0]
	chromedriver!(No symbol) [0x7ff6b7407576]
	chromedriver!(No symbol) [0x7ff6b7452ea6]
	chromedriver!(No symbol) [0x7ff6b748a182]
	chromedriver!(No symbol) [0x7ff6b7483f82]
	chromedriver!(No symbol) [0x7ff6b7483742]
	chromedriver!(No symbol) [0x7ff6b73d0255]
	chromedriver!GetHandleVerifier [0x7ff6b7e96c61+5f80e1]
	chromedriver!GetHandleVerifier [0x7ff6b7e90feb+5f246b]
	chromedriver!GetHandleVerifier [0x7ff6b7eb62d5+617755]
	chromedriver!GetHandleVerifier [0x7ff6b78d03ae+3182e]
	chromedriver!GetHandleVerifier [0x7ff6b78d8acc+39f4c]
	chromedriver!(No symbol) [0x7ff6b73ceff8]
	chromedriver!GetHandleVerifier [0x7ff6b806f328+7d07a8]
	KERNEL32!BaseThreadInitThunk [0x7ffc8eb9e957+17]
	ntdll!RtlUserThreadStart [0x7ffc8f58427c+2c]

2026-06-04 17:30:41,263 | ERROR | Dummy-34 | 📌 Tentativa atual: 1
2026-06-04 17:30:41,264 | ERROR | Dummy-34 | ⏳ Worker 1 aguardará 3s antes retry
2026-06-04 17:30:41,264 | ERROR | Dummy-34 | 🏁 Worker 1 finalizou
2026-06-04 17:30:41,265 | ERROR | MainThread | FINALIZAR worker 1 thread=MainThread
  File "E:\busca inpi\busca inpi\inpi_busca_codigo_limpo\main.py", line 47, in <module>
    sys.exit(app.exec_())
  File "E:\busca inpi\busca inpi\inpi_busca_codigo_limpo\core\worker_manager.py", line 108, in _finalizar_processo_atual
    f"{''.join(traceback.format_stack())}"

2026-06-04 17:30:41,265 | ERROR | MainThread | 📌 Processo atual antes limpar: None
2026-06-04 17:30:41,265 | ERROR | MainThread | 🔄 Agendando próximo processo worker 1
2026-06-04 17:30:41,266 | ERROR | MainThread | 🟡 _processar_proximo chamado Worker 1
2026-06-04 17:30:41,266 | ERROR | MainThread | 📦 Worker 1 fila restante: 6
2026-06-04 17:30:41,266 | ERROR | MainThread | 🚀 Worker 1 iniciou processo 906451604
2026-06-04 17:30:41,266 | ERROR | MainThread | 🧵 Worker thread START 1
2026-06-04 17:30:41,267 | ERROR | Dummy-35 | 🚀 Worker 1 iniciando
2026-06-04 17:30:41,267 | ERROR | Dummy-35 | 🚀 PIPELINE START worker 1 | 906451604
2026-06-04 17:30:41,268 | ERROR | Dummy-35 | LOGIN 1
2026-06-04 17:30:41,268 | ERROR | Dummy-35 | GARANTIR LOGIN INICIO
2026-06-04 17:30:41,268 | ERROR | Dummy-35 | <selenium.webdriver.chrome.webdriver.WebDriver (session="a300be2f19a00d9bc75d3fa71ef4d704")>
2026-06-04 17:30:41,268 | ERROR | Dummy-35 | a300be2f19a00d9bc75d3fa71ef4d704
2026-06-04 17:30:41,268 | ERROR | Dummy-35 | ANTES DO FINDELEMENT
2026-06-04 17:30:41,268 | ERROR | Dummy-35 | LOGIN 2
2026-06-04 17:30:41,270 | ERROR | Dummy-35 | Traceback (most recent call last):
  File "E:\busca inpi\busca inpi\inpi_busca_codigo_limpo\core\processo_manager.py", line 330, in abrir_detalhe_processo
    self.garantir_login(driver)
    ~~~~~~~~~~~~~~~~~~~^^^^^^^^
  File "E:\busca inpi\busca inpi\inpi_busca_codigo_limpo\core\login_manager.py", line 62, in garantir_login
    wait_element(
    ~~~~~~~~~~~~^
        self,
        ^^^^^
    ...<2 lines>...
        timeout=5
        ^^^^^^^^^
    )
    ^
  File "E:\busca inpi\busca inpi\inpi_busca_codigo_limpo\core\network_utils.py", line 39, in wait_element
    return WebDriverWait(driver, timeout).until(
           ~~~~~~~~~~~~~~~~~~~~~~~~~~~~~~~~~~~~^
        EC.presence_of_element_located(locator)
        ^^^^^^^^^^^^^^^^^^^^^^^^^^^^^^^^^^^^^^^
    )
    ^
  File "E:\busca inpi\busca inpi\inpi_busca_codigo_limpo\venv\Lib\site-packages\selenium\webdriver\support\wait.py", line 112, in until
    value = method(self._driver)
  File "E:\busca inpi\busca inpi\inpi_busca_codigo_limpo\venv\Lib\site-packages\selenium\webdriver\support\expected_conditions.py", line 92, in _predicate
    return driver.find_element(*locator)
           ~~~~~~~~~~~~~~~~~~~^^^^^^^^^^
  File "E:\busca inpi\busca inpi\inpi_busca_codigo_limpo\venv\Lib\site-packages\selenium\webdriver\remote\webdriver.py", line 868, in find_element
    return self.execute(Command.FIND_ELEMENT, {"using": by, "value": value})["value"]
           ~~~~~~~~~~~~^^^^^^^^^^^^^^^^^^^^^^^^^^^^^^^^^^^^^^^^^^^^^^^^^^^^^
  File "E:\busca inpi\busca inpi\inpi_busca_codigo_limpo\venv\Lib\site-packages\selenium\webdriver\remote\webdriver.py", line 468, in execute
    self.error_handler.check_response(response)
    ~~~~~~~~~~~~~~~~~~~~~~~~~~~~~~~~~^^^^^^^^^^
  File "E:\busca inpi\busca inpi\inpi_busca_codigo_limpo\venv\Lib\site-packages\selenium\webdriver\remote\errorhandler.py", line 232, in check_response
    raise exception_class(message, screen, stacktrace)
selenium.common.exceptions.InvalidSessionIdException: Message: invalid session id; For documentation on this error, please visit: https://www.selenium.dev/documentation/webdriver/troubleshooting/errors#invalidsessionidexception
Stacktrace:
	chromedriver!GetHandleVerifier [0x7ff6b78b33f5+14875]
	chromedriver!GetHandleVerifier [0x7ff6b78b3450+148d0]
	chromedriver!(No symbol) [0x7ff6b7407576]
	chromedriver!(No symbol) [0x7ff6b7452ea6]
	chromedriver!(No symbol) [0x7ff6b748a182]
	chromedriver!(No symbol) [0x7ff6b7483f82]
	chromedriver!(No symbol) [0x7ff6b7483742]
	chromedriver!(No symbol) [0x7ff6b73d0255]
	chromedriver!GetHandleVerifier [0x7ff6b7e96c61+5f80e1]
	chromedriver!GetHandleVerifier [0x7ff6b7e90feb+5f246b]
	chromedriver!GetHandleVerifier [0x7ff6b7eb62d5+617755]
	chromedriver!GetHandleVerifier [0x7ff6b78d03ae+3182e]
	chromedriver!GetHandleVerifier [0x7ff6b78d8acc+39f4c]
	chromedriver!(No symbol) [0x7ff6b73ceff8]
	chromedriver!GetHandleVerifier [0x7ff6b806f328+7d07a8]
	KERNEL32!BaseThreadInitThunk [0x7ffc8eb9e957+17]
	ntdll!RtlUserThreadStart [0x7ffc8f58427c+2c]


2026-06-04 17:30:41,283 | ERROR | Dummy-35 | 🔁 REPEAT worker 1 processo 906451604
2026-06-04 17:30:41,284 | ERROR | Dummy-35 | 📌 Motivo retry: Message: invalid session id; For documentation on this error, please visit: https://www.selenium.dev/documentation/webdriver/troubleshooting/errors#invalidsessionidexception
Stacktrace:
	chromedriver!GetHandleVerifier [0x7ff6b78b33f5+14875]
	chromedriver!GetHandleVerifier [0x7ff6b78b3450+148d0]
	chromedriver!(No symbol) [0x7ff6b7407576]
	chromedriver!(No symbol) [0x7ff6b7452ea6]
	chromedriver!(No symbol) [0x7ff6b748a182]
	chromedriver!(No symbol) [0x7ff6b7483f82]
	chromedriver!(No symbol) [0x7ff6b7483742]
	chromedriver!(No symbol) [0x7ff6b73d0255]
	chromedriver!GetHandleVerifier [0x7ff6b7e96c61+5f80e1]
	chromedriver!GetHandleVerifier [0x7ff6b7e90feb+5f246b]
	chromedriver!GetHandleVerifier [0x7ff6b7eb62d5+617755]
	chromedriver!GetHandleVerifier [0x7ff6b78d03ae+3182e]
	chromedriver!GetHandleVerifier [0x7ff6b78d8acc+39f4c]
	chromedriver!(No symbol) [0x7ff6b73ceff8]
	chromedriver!GetHandleVerifier [0x7ff6b806f328+7d07a8]
	KERNEL32!BaseThreadInitThunk [0x7ffc8eb9e957+17]
	ntdll!RtlUserThreadStart [0x7ffc8f58427c+2c]

2026-06-04 17:30:41,284 | ERROR | Dummy-35 | 📌 Tentativa atual: 1
2026-06-04 17:30:41,285 | ERROR | Dummy-35 | ⏳ Worker 1 aguardará 3s antes retry
2026-06-04 17:30:41,285 | ERROR | Dummy-35 | 🏁 Worker 1 finalizou
2026-06-04 17:30:41,286 | ERROR | MainThread | FINALIZAR worker 1 thread=MainThread
  File "E:\busca inpi\busca inpi\inpi_busca_codigo_limpo\main.py", line 47, in <module>
    sys.exit(app.exec_())
  File "E:\busca inpi\busca inpi\inpi_busca_codigo_limpo\core\worker_manager.py", line 108, in _finalizar_processo_atual
    f"{''.join(traceback.format_stack())}"

2026-06-04 17:30:41,287 | ERROR | MainThread | 📌 Processo atual antes limpar: None
2026-06-04 17:30:41,287 | ERROR | MainThread | 🔄 Agendando próximo processo worker 1
2026-06-04 17:30:41,287 | ERROR | MainThread | 🟡 _processar_proximo chamado Worker 1
2026-06-04 17:30:41,287 | ERROR | MainThread | 📦 Worker 1 fila restante: 5
2026-06-04 17:30:41,287 | ERROR | MainThread | 🚀 Worker 1 iniciou processo 906451248
2026-06-04 17:30:41,287 | ERROR | MainThread | 🧵 Worker thread START 1
2026-06-04 17:30:41,288 | ERROR | Dummy-36 | 🚀 Worker 1 iniciando
2026-06-04 17:30:41,291 | ERROR | Dummy-36 | 🚀 PIPELINE START worker 1 | 906451248
2026-06-04 17:30:41,292 | ERROR | Dummy-36 | LOGIN 1
2026-06-04 17:30:41,292 | ERROR | Dummy-36 | GARANTIR LOGIN INICIO
2026-06-04 17:30:41,292 | ERROR | Dummy-36 | <selenium.webdriver.chrome.webdriver.WebDriver (session="a300be2f19a00d9bc75d3fa71ef4d704")>
2026-06-04 17:30:41,292 | ERROR | Dummy-36 | a300be2f19a00d9bc75d3fa71ef4d704
2026-06-04 17:30:41,293 | ERROR | Dummy-36 | ANTES DO FINDELEMENT
2026-06-04 17:30:41,294 | ERROR | Dummy-36 | LOGIN 2
2026-06-04 17:30:41,301 | ERROR | Dummy-36 | Traceback (most recent call last):
  File "E:\busca inpi\busca inpi\inpi_busca_codigo_limpo\core\processo_manager.py", line 330, in abrir_detalhe_processo
    self.garantir_login(driver)
    ~~~~~~~~~~~~~~~~~~~^^^^^^^^
  File "E:\busca inpi\busca inpi\inpi_busca_codigo_limpo\core\login_manager.py", line 62, in garantir_login
    wait_element(
    ~~~~~~~~~~~~^
        self,
        ^^^^^
    ...<2 lines>...
        timeout=5
        ^^^^^^^^^
    )
    ^
  File "E:\busca inpi\busca inpi\inpi_busca_codigo_limpo\core\network_utils.py", line 39, in wait_element
    return WebDriverWait(driver, timeout).until(
           ~~~~~~~~~~~~~~~~~~~~~~~~~~~~~~~~~~~~^
        EC.presence_of_element_located(locator)
        ^^^^^^^^^^^^^^^^^^^^^^^^^^^^^^^^^^^^^^^
    )
    ^
  File "E:\busca inpi\busca inpi\inpi_busca_codigo_limpo\venv\Lib\site-packages\selenium\webdriver\support\wait.py", line 112, in until
    value = method(self._driver)
  File "E:\busca inpi\busca inpi\inpi_busca_codigo_limpo\venv\Lib\site-packages\selenium\webdriver\support\expected_conditions.py", line 92, in _predicate
    return driver.find_element(*locator)
           ~~~~~~~~~~~~~~~~~~~^^^^^^^^^^
  File "E:\busca inpi\busca inpi\inpi_busca_codigo_limpo\venv\Lib\site-packages\selenium\webdriver\remote\webdriver.py", line 868, in find_element
    return self.execute(Command.FIND_ELEMENT, {"using": by, "value": value})["value"]
           ~~~~~~~~~~~~^^^^^^^^^^^^^^^^^^^^^^^^^^^^^^^^^^^^^^^^^^^^^^^^^^^^^
  File "E:\busca inpi\busca inpi\inpi_busca_codigo_limpo\venv\Lib\site-packages\selenium\webdriver\remote\webdriver.py", line 468, in execute
    self.error_handler.check_response(response)
    ~~~~~~~~~~~~~~~~~~~~~~~~~~~~~~~~~^^^^^^^^^^
  File "E:\busca inpi\busca inpi\inpi_busca_codigo_limpo\venv\Lib\site-packages\selenium\webdriver\remote\errorhandler.py", line 232, in check_response
    raise exception_class(message, screen, stacktrace)
selenium.common.exceptions.InvalidSessionIdException: Message: invalid session id; For documentation on this error, please visit: https://www.selenium.dev/documentation/webdriver/troubleshooting/errors#invalidsessionidexception
Stacktrace:
	chromedriver!GetHandleVerifier [0x7ff6b78b33f5+14875]
	chromedriver!GetHandleVerifier [0x7ff6b78b3450+148d0]
	chromedriver!(No symbol) [0x7ff6b7407576]
	chromedriver!(No symbol) [0x7ff6b7452ea6]
	chromedriver!(No symbol) [0x7ff6b748a182]
	chromedriver!(No symbol) [0x7ff6b7483f82]
	chromedriver!(No symbol) [0x7ff6b7483742]
	chromedriver!(No symbol) [0x7ff6b73d0255]
	chromedriver!GetHandleVerifier [0x7ff6b7e96c61+5f80e1]
	chromedriver!GetHandleVerifier [0x7ff6b7e90feb+5f246b]
	chromedriver!GetHandleVerifier [0x7ff6b7eb62d5+617755]
	chromedriver!GetHandleVerifier [0x7ff6b78d03ae+3182e]
	chromedriver!GetHandleVerifier [0x7ff6b78d8acc+39f4c]
	chromedriver!(No symbol) [0x7ff6b73ceff8]
	chromedriver!GetHandleVerifier [0x7ff6b806f328+7d07a8]
	KERNEL32!BaseThreadInitThunk [0x7ffc8eb9e957+17]
	ntdll!RtlUserThreadStart [0x7ffc8f58427c+2c]


2026-06-04 17:30:41,314 | ERROR | Dummy-36 | 🔁 REPEAT worker 1 processo 906451248
2026-06-04 17:30:41,314 | ERROR | Dummy-36 | 📌 Motivo retry: Message: invalid session id; For documentation on this error, please visit: https://www.selenium.dev/documentation/webdriver/troubleshooting/errors#invalidsessionidexception
Stacktrace:
	chromedriver!GetHandleVerifier [0x7ff6b78b33f5+14875]
	chromedriver!GetHandleVerifier [0x7ff6b78b3450+148d0]
	chromedriver!(No symbol) [0x7ff6b7407576]
	chromedriver!(No symbol) [0x7ff6b7452ea6]
	chromedriver!(No symbol) [0x7ff6b748a182]
	chromedriver!(No symbol) [0x7ff6b7483f82]
	chromedriver!(No symbol) [0x7ff6b7483742]
	chromedriver!(No symbol) [0x7ff6b73d0255]
	chromedriver!GetHandleVerifier [0x7ff6b7e96c61+5f80e1]
	chromedriver!GetHandleVerifier [0x7ff6b7e90feb+5f246b]
	chromedriver!GetHandleVerifier [0x7ff6b7eb62d5+617755]
	chromedriver!GetHandleVerifier [0x7ff6b78d03ae+3182e]
	chromedriver!GetHandleVerifier [0x7ff6b78d8acc+39f4c]
	chromedriver!(No symbol) [0x7ff6b73ceff8]
	chromedriver!GetHandleVerifier [0x7ff6b806f328+7d07a8]
	KERNEL32!BaseThreadInitThunk [0x7ffc8eb9e957+17]
	ntdll!RtlUserThreadStart [0x7ffc8f58427c+2c]

2026-06-04 17:30:41,316 | ERROR | Dummy-36 | 📌 Tentativa atual: 1
2026-06-04 17:30:41,317 | ERROR | Dummy-36 | ⏳ Worker 1 aguardará 3s antes retry
2026-06-04 17:30:41,317 | ERROR | Dummy-36 | 🏁 Worker 1 finalizou
2026-06-04 17:30:41,319 | ERROR | Thread-7 (_loop_solver_button) | Erro PyAutoGUI: 
2026-06-04 17:30:41,320 | ERROR | MainThread | FINALIZAR worker 1 thread=MainThread
  File "E:\busca inpi\busca inpi\inpi_busca_codigo_limpo\main.py", line 47, in <module>
    sys.exit(app.exec_())
  File "E:\busca inpi\busca inpi\inpi_busca_codigo_limpo\core\worker_manager.py", line 108, in _finalizar_processo_atual
    f"{''.join(traceback.format_stack())}"

2026-06-04 17:30:41,354 | ERROR | MainThread | 📌 Processo atual antes limpar: None
2026-06-04 17:30:41,354 | ERROR | MainThread | 🔄 Agendando próximo processo worker 1
2026-06-04 17:30:41,358 | ERROR | MainThread | 🟡 _processar_proximo chamado Worker 1
2026-06-04 17:30:41,360 | ERROR | MainThread | 📦 Worker 1 fila restante: 4
2026-06-04 17:30:41,361 | ERROR | MainThread | 🚀 Worker 1 iniciou processo 906450985
2026-06-04 17:30:41,361 | ERROR | MainThread | 🧵 Worker thread START 1
2026-06-04 17:30:41,363 | ERROR | Dummy-37 | 🚀 Worker 1 iniciando
2026-06-04 17:30:41,363 | ERROR | Dummy-37 | 🚀 PIPELINE START worker 1 | 906450985
2026-06-04 17:30:41,363 | ERROR | Dummy-37 | LOGIN 1
2026-06-04 17:30:41,363 | ERROR | Dummy-37 | GARANTIR LOGIN INICIO
2026-06-04 17:30:41,363 | ERROR | Dummy-37 | <selenium.webdriver.chrome.webdriver.WebDriver (session="a300be2f19a00d9bc75d3fa71ef4d704")>
2026-06-04 17:30:41,364 | ERROR | Dummy-37 | a300be2f19a00d9bc75d3fa71ef4d704
2026-06-04 17:30:41,364 | ERROR | Dummy-37 | ANTES DO FINDELEMENT
2026-06-04 17:30:41,364 | ERROR | Dummy-37 | LOGIN 2
2026-06-04 17:30:41,371 | ERROR | Dummy-37 | Traceback (most recent call last):
  File "E:\busca inpi\busca inpi\inpi_busca_codigo_limpo\core\processo_manager.py", line 330, in abrir_detalhe_processo
    self.garantir_login(driver)
    ~~~~~~~~~~~~~~~~~~~^^^^^^^^
  File "E:\busca inpi\busca inpi\inpi_busca_codigo_limpo\core\login_manager.py", line 62, in garantir_login
    wait_element(
    ~~~~~~~~~~~~^
        self,
        ^^^^^
    ...<2 lines>...
        timeout=5
        ^^^^^^^^^
    )
    ^
  File "E:\busca inpi\busca inpi\inpi_busca_codigo_limpo\core\network_utils.py", line 39, in wait_element
    return WebDriverWait(driver, timeout).until(
           ~~~~~~~~~~~~~~~~~~~~~~~~~~~~~~~~~~~~^
        EC.presence_of_element_located(locator)
        ^^^^^^^^^^^^^^^^^^^^^^^^^^^^^^^^^^^^^^^
    )
    ^
  File "E:\busca inpi\busca inpi\inpi_busca_codigo_limpo\venv\Lib\site-packages\selenium\webdriver\support\wait.py", line 112, in until
    value = method(self._driver)
  File "E:\busca inpi\busca inpi\inpi_busca_codigo_limpo\venv\Lib\site-packages\selenium\webdriver\support\expected_conditions.py", line 92, in _predicate
    return driver.find_element(*locator)
           ~~~~~~~~~~~~~~~~~~~^^^^^^^^^^
  File "E:\busca inpi\busca inpi\inpi_busca_codigo_limpo\venv\Lib\site-packages\selenium\webdriver\remote\webdriver.py", line 868, in find_element
    return self.execute(Command.FIND_ELEMENT, {"using": by, "value": value})["value"]
           ~~~~~~~~~~~~^^^^^^^^^^^^^^^^^^^^^^^^^^^^^^^^^^^^^^^^^^^^^^^^^^^^^
  File "E:\busca inpi\busca inpi\inpi_busca_codigo_limpo\venv\Lib\site-packages\selenium\webdriver\remote\webdriver.py", line 468, in execute
    self.error_handler.check_response(response)
    ~~~~~~~~~~~~~~~~~~~~~~~~~~~~~~~~~^^^^^^^^^^
  File "E:\busca inpi\busca inpi\inpi_busca_codigo_limpo\venv\Lib\site-packages\selenium\webdriver\remote\errorhandler.py", line 232, in check_response
    raise exception_class(message, screen, stacktrace)
selenium.common.exceptions.InvalidSessionIdException: Message: invalid session id; For documentation on this error, please visit: https://www.selenium.dev/documentation/webdriver/troubleshooting/errors#invalidsessionidexception
Stacktrace:
	chromedriver!GetHandleVerifier [0x7ff6b78b33f5+14875]
	chromedriver!GetHandleVerifier [0x7ff6b78b3450+148d0]
	chromedriver!(No symbol) [0x7ff6b7407576]
	chromedriver!(No symbol) [0x7ff6b7452ea6]
	chromedriver!(No symbol) [0x7ff6b748a182]
	chromedriver!(No symbol) [0x7ff6b7483f82]
	chromedriver!(No symbol) [0x7ff6b7483742]
	chromedriver!(No symbol) [0x7ff6b73d0255]
	chromedriver!GetHandleVerifier [0x7ff6b7e96c61+5f80e1]
	chromedriver!GetHandleVerifier [0x7ff6b7e90feb+5f246b]
	chromedriver!GetHandleVerifier [0x7ff6b7eb62d5+617755]
	chromedriver!GetHandleVerifier [0x7ff6b78d03ae+3182e]
	chromedriver!GetHandleVerifier [0x7ff6b78d8acc+39f4c]
	chromedriver!(No symbol) [0x7ff6b73ceff8]
	chromedriver!GetHandleVerifier [0x7ff6b806f328+7d07a8]
	KERNEL32!BaseThreadInitThunk [0x7ffc8eb9e957+17]
	ntdll!RtlUserThreadStart [0x7ffc8f58427c+2c]


2026-06-04 17:30:41,384 | ERROR | Dummy-37 | 🔁 REPEAT worker 1 processo 906450985
2026-06-04 17:30:41,384 | ERROR | Dummy-37 | 📌 Motivo retry: Message: invalid session id; For documentation on this error, please visit: https://www.selenium.dev/documentation/webdriver/troubleshooting/errors#invalidsessionidexception
Stacktrace:
	chromedriver!GetHandleVerifier [0x7ff6b78b33f5+14875]
	chromedriver!GetHandleVerifier [0x7ff6b78b3450+148d0]
	chromedriver!(No symbol) [0x7ff6b7407576]
	chromedriver!(No symbol) [0x7ff6b7452ea6]
	chromedriver!(No symbol) [0x7ff6b748a182]
	chromedriver!(No symbol) [0x7ff6b7483f82]
	chromedriver!(No symbol) [0x7ff6b7483742]
	chromedriver!(No symbol) [0x7ff6b73d0255]
	chromedriver!GetHandleVerifier [0x7ff6b7e96c61+5f80e1]
	chromedriver!GetHandleVerifier [0x7ff6b7e90feb+5f246b]
	chromedriver!GetHandleVerifier [0x7ff6b7eb62d5+617755]
	chromedriver!GetHandleVerifier [0x7ff6b78d03ae+3182e]
	chromedriver!GetHandleVerifier [0x7ff6b78d8acc+39f4c]
	chromedriver!(No symbol) [0x7ff6b73ceff8]
	chromedriver!GetHandleVerifier [0x7ff6b806f328+7d07a8]
	KERNEL32!BaseThreadInitThunk [0x7ffc8eb9e957+17]
	ntdll!RtlUserThreadStart [0x7ffc8f58427c+2c]

2026-06-04 17:30:41,384 | ERROR | Dummy-37 | 📌 Tentativa atual: 1
2026-06-04 17:30:41,385 | ERROR | Dummy-37 | ⏳ Worker 1 aguardará 3s antes retry
2026-06-04 17:30:41,385 | ERROR | Dummy-37 | 🏁 Worker 1 finalizou
2026-06-04 17:30:41,386 | ERROR | MainThread | FINALIZAR worker 1 thread=MainThread
  File "E:\busca inpi\busca inpi\inpi_busca_codigo_limpo\main.py", line 47, in <module>
    sys.exit(app.exec_())
  File "E:\busca inpi\busca inpi\inpi_busca_codigo_limpo\core\worker_manager.py", line 108, in _finalizar_processo_atual
    f"{''.join(traceback.format_stack())}"

2026-06-04 17:30:41,386 | ERROR | MainThread | 📌 Processo atual antes limpar: None
2026-06-04 17:30:41,386 | ERROR | MainThread | 🔄 Agendando próximo processo worker 1
2026-06-04 17:30:41,386 | ERROR | MainThread | 🟡 _processar_proximo chamado Worker 1
2026-06-04 17:30:41,386 | ERROR | MainThread | 📦 Worker 1 fila restante: 3
2026-06-04 17:30:41,387 | ERROR | MainThread | 🚀 Worker 1 iniciou processo 906450713
2026-06-04 17:30:41,387 | ERROR | MainThread | 🧵 Worker thread START 1
2026-06-04 17:30:41,387 | ERROR | Dummy-38 | 🚀 Worker 1 iniciando
2026-06-04 17:30:41,387 | ERROR | Dummy-38 | 🚀 PIPELINE START worker 1 | 906450713
2026-06-04 17:30:41,387 | ERROR | Dummy-38 | LOGIN 1
2026-06-04 17:30:41,390 | ERROR | Dummy-38 | GARANTIR LOGIN INICIO
2026-06-04 17:30:41,390 | ERROR | Dummy-38 | <selenium.webdriver.chrome.webdriver.WebDriver (session="a300be2f19a00d9bc75d3fa71ef4d704")>
2026-06-04 17:30:41,390 | ERROR | Dummy-38 | a300be2f19a00d9bc75d3fa71ef4d704
2026-06-04 17:30:41,390 | ERROR | Dummy-38 | ANTES DO FINDELEMENT
2026-06-04 17:30:41,390 | ERROR | Dummy-38 | LOGIN 2
2026-06-04 17:30:41,398 | ERROR | Dummy-38 | Traceback (most recent call last):
  File "E:\busca inpi\busca inpi\inpi_busca_codigo_limpo\core\processo_manager.py", line 330, in abrir_detalhe_processo
    self.garantir_login(driver)
    ~~~~~~~~~~~~~~~~~~~^^^^^^^^
  File "E:\busca inpi\busca inpi\inpi_busca_codigo_limpo\core\login_manager.py", line 62, in garantir_login
    wait_element(
    ~~~~~~~~~~~~^
        self,
        ^^^^^
    ...<2 lines>...
        timeout=5
        ^^^^^^^^^
    )
    ^
  File "E:\busca inpi\busca inpi\inpi_busca_codigo_limpo\core\network_utils.py", line 39, in wait_element
    return WebDriverWait(driver, timeout).until(
           ~~~~~~~~~~~~~~~~~~~~~~~~~~~~~~~~~~~~^
        EC.presence_of_element_located(locator)
        ^^^^^^^^^^^^^^^^^^^^^^^^^^^^^^^^^^^^^^^
    )
    ^
  File "E:\busca inpi\busca inpi\inpi_busca_codigo_limpo\venv\Lib\site-packages\selenium\webdriver\support\wait.py", line 112, in until
    value = method(self._driver)
  File "E:\busca inpi\busca inpi\inpi_busca_codigo_limpo\venv\Lib\site-packages\selenium\webdriver\support\expected_conditions.py", line 92, in _predicate
    return driver.find_element(*locator)
           ~~~~~~~~~~~~~~~~~~~^^^^^^^^^^
  File "E:\busca inpi\busca inpi\inpi_busca_codigo_limpo\venv\Lib\site-packages\selenium\webdriver\remote\webdriver.py", line 868, in find_element
    return self.execute(Command.FIND_ELEMENT, {"using": by, "value": value})["value"]
           ~~~~~~~~~~~~^^^^^^^^^^^^^^^^^^^^^^^^^^^^^^^^^^^^^^^^^^^^^^^^^^^^^
  File "E:\busca inpi\busca inpi\inpi_busca_codigo_limpo\venv\Lib\site-packages\selenium\webdriver\remote\webdriver.py", line 468, in execute
    self.error_handler.check_response(response)
    ~~~~~~~~~~~~~~~~~~~~~~~~~~~~~~~~~^^^^^^^^^^
  File "E:\busca inpi\busca inpi\inpi_busca_codigo_limpo\venv\Lib\site-packages\selenium\webdriver\remote\errorhandler.py", line 232, in check_response
    raise exception_class(message, screen, stacktrace)
selenium.common.exceptions.InvalidSessionIdException: Message: invalid session id; For documentation on this error, please visit: https://www.selenium.dev/documentation/webdriver/troubleshooting/errors#invalidsessionidexception
Stacktrace:
	chromedriver!GetHandleVerifier [0x7ff6b78b33f5+14875]
	chromedriver!GetHandleVerifier [0x7ff6b78b3450+148d0]
	chromedriver!(No symbol) [0x7ff6b7407576]
	chromedriver!(No symbol) [0x7ff6b7452ea6]
	chromedriver!(No symbol) [0x7ff6b748a182]
	chromedriver!(No symbol) [0x7ff6b7483f82]
	chromedriver!(No symbol) [0x7ff6b7483742]
	chromedriver!(No symbol) [0x7ff6b73d0255]
	chromedriver!GetHandleVerifier [0x7ff6b7e96c61+5f80e1]
	chromedriver!GetHandleVerifier [0x7ff6b7e90feb+5f246b]
	chromedriver!GetHandleVerifier [0x7ff6b7eb62d5+617755]
	chromedriver!GetHandleVerifier [0x7ff6b78d03ae+3182e]
	chromedriver!GetHandleVerifier [0x7ff6b78d8acc+39f4c]
	chromedriver!(No symbol) [0x7ff6b73ceff8]
	chromedriver!GetHandleVerifier [0x7ff6b806f328+7d07a8]
	KERNEL32!BaseThreadInitThunk [0x7ffc8eb9e957+17]
	ntdll!RtlUserThreadStart [0x7ffc8f58427c+2c]


2026-06-04 17:30:41,410 | ERROR | Dummy-38 | 🔁 REPEAT worker 1 processo 906450713
2026-06-04 17:30:41,410 | ERROR | Dummy-38 | 📌 Motivo retry: Message: invalid session id; For documentation on this error, please visit: https://www.selenium.dev/documentation/webdriver/troubleshooting/errors#invalidsessionidexception
Stacktrace:
	chromedriver!GetHandleVerifier [0x7ff6b78b33f5+14875]
	chromedriver!GetHandleVerifier [0x7ff6b78b3450+148d0]
	chromedriver!(No symbol) [0x7ff6b7407576]
	chromedriver!(No symbol) [0x7ff6b7452ea6]
	chromedriver!(No symbol) [0x7ff6b748a182]
	chromedriver!(No symbol) [0x7ff6b7483f82]
	chromedriver!(No symbol) [0x7ff6b7483742]
	chromedriver!(No symbol) [0x7ff6b73d0255]
	chromedriver!GetHandleVerifier [0x7ff6b7e96c61+5f80e1]
	chromedriver!GetHandleVerifier [0x7ff6b7e90feb+5f246b]
	chromedriver!GetHandleVerifier [0x7ff6b7eb62d5+617755]
	chromedriver!GetHandleVerifier [0x7ff6b78d03ae+3182e]
	chromedriver!GetHandleVerifier [0x7ff6b78d8acc+39f4c]
	chromedriver!(No symbol) [0x7ff6b73ceff8]
	chromedriver!GetHandleVerifier [0x7ff6b806f328+7d07a8]
	KERNEL32!BaseThreadInitThunk [0x7ffc8eb9e957+17]
	ntdll!RtlUserThreadStart [0x7ffc8f58427c+2c]

2026-06-04 17:30:41,410 | ERROR | Dummy-38 | 📌 Tentativa atual: 1
2026-06-04 17:30:41,411 | ERROR | Dummy-38 | ⏳ Worker 1 aguardará 3s antes retry
2026-06-04 17:30:41,411 | ERROR | Dummy-38 | 🏁 Worker 1 finalizou
2026-06-04 17:30:41,413 | ERROR | MainThread | FINALIZAR worker 1 thread=MainThread
  File "E:\busca inpi\busca inpi\inpi_busca_codigo_limpo\main.py", line 47, in <module>
    sys.exit(app.exec_())
  File "E:\busca inpi\busca inpi\inpi_busca_codigo_limpo\core\worker_manager.py", line 108, in _finalizar_processo_atual
    f"{''.join(traceback.format_stack())}"

2026-06-04 17:30:41,414 | ERROR | MainThread | 📌 Processo atual antes limpar: None
2026-06-04 17:30:41,414 | ERROR | MainThread | 🔄 Agendando próximo processo worker 1
2026-06-04 17:30:41,415 | ERROR | MainThread | 🟡 _processar_proximo chamado Worker 1
2026-06-04 17:30:41,415 | ERROR | MainThread | 📦 Worker 1 fila restante: 2
2026-06-04 17:30:41,415 | ERROR | MainThread | 🚀 Worker 1 iniciou processo 906450268
2026-06-04 17:30:41,415 | ERROR | MainThread | 🧵 Worker thread START 1
2026-06-04 17:30:41,416 | ERROR | Dummy-39 | 🚀 Worker 1 iniciando
2026-06-04 17:30:41,416 | ERROR | Dummy-39 | 🚀 PIPELINE START worker 1 | 906450268
2026-06-04 17:30:41,416 | ERROR | Dummy-39 | LOGIN 1
2026-06-04 17:30:41,417 | ERROR | Dummy-39 | GARANTIR LOGIN INICIO
2026-06-04 17:30:41,417 | ERROR | Dummy-39 | <selenium.webdriver.chrome.webdriver.WebDriver (session="a300be2f19a00d9bc75d3fa71ef4d704")>
2026-06-04 17:30:41,417 | ERROR | Dummy-39 | a300be2f19a00d9bc75d3fa71ef4d704
2026-06-04 17:30:41,417 | ERROR | Dummy-39 | ANTES DO FINDELEMENT
2026-06-04 17:30:41,417 | ERROR | Dummy-39 | LOGIN 2
2026-06-04 17:30:41,423 | ERROR | Dummy-39 | Traceback (most recent call last):
  File "E:\busca inpi\busca inpi\inpi_busca_codigo_limpo\core\processo_manager.py", line 330, in abrir_detalhe_processo
    self.garantir_login(driver)
    ~~~~~~~~~~~~~~~~~~~^^^^^^^^
  File "E:\busca inpi\busca inpi\inpi_busca_codigo_limpo\core\login_manager.py", line 62, in garantir_login
    wait_element(
    ~~~~~~~~~~~~^
        self,
        ^^^^^
    ...<2 lines>...
        timeout=5
        ^^^^^^^^^
    )
    ^
  File "E:\busca inpi\busca inpi\inpi_busca_codigo_limpo\core\network_utils.py", line 39, in wait_element
    return WebDriverWait(driver, timeout).until(
           ~~~~~~~~~~~~~~~~~~~~~~~~~~~~~~~~~~~~^
        EC.presence_of_element_located(locator)
        ^^^^^^^^^^^^^^^^^^^^^^^^^^^^^^^^^^^^^^^
    )
    ^
  File "E:\busca inpi\busca inpi\inpi_busca_codigo_limpo\venv\Lib\site-packages\selenium\webdriver\support\wait.py", line 112, in until
    value = method(self._driver)
  File "E:\busca inpi\busca inpi\inpi_busca_codigo_limpo\venv\Lib\site-packages\selenium\webdriver\support\expected_conditions.py", line 92, in _predicate
    return driver.find_element(*locator)
           ~~~~~~~~~~~~~~~~~~~^^^^^^^^^^
  File "E:\busca inpi\busca inpi\inpi_busca_codigo_limpo\venv\Lib\site-packages\selenium\webdriver\remote\webdriver.py", line 868, in find_element
    return self.execute(Command.FIND_ELEMENT, {"using": by, "value": value})["value"]
           ~~~~~~~~~~~~^^^^^^^^^^^^^^^^^^^^^^^^^^^^^^^^^^^^^^^^^^^^^^^^^^^^^
  File "E:\busca inpi\busca inpi\inpi_busca_codigo_limpo\venv\Lib\site-packages\selenium\webdriver\remote\webdriver.py", line 468, in execute
    self.error_handler.check_response(response)
    ~~~~~~~~~~~~~~~~~~~~~~~~~~~~~~~~~^^^^^^^^^^
  File "E:\busca inpi\busca inpi\inpi_busca_codigo_limpo\venv\Lib\site-packages\selenium\webdriver\remote\errorhandler.py", line 232, in check_response
    raise exception_class(message, screen, stacktrace)
selenium.common.exceptions.InvalidSessionIdException: Message: invalid session id; For documentation on this error, please visit: https://www.selenium.dev/documentation/webdriver/troubleshooting/errors#invalidsessionidexception
Stacktrace:
	chromedriver!GetHandleVerifier [0x7ff6b78b33f5+14875]
	chromedriver!GetHandleVerifier [0x7ff6b78b3450+148d0]
	chromedriver!(No symbol) [0x7ff6b7407576]
	chromedriver!(No symbol) [0x7ff6b7452ea6]
	chromedriver!(No symbol) [0x7ff6b748a182]
	chromedriver!(No symbol) [0x7ff6b7483f82]
	chromedriver!(No symbol) [0x7ff6b7483742]
	chromedriver!(No symbol) [0x7ff6b73d0255]
	chromedriver!GetHandleVerifier [0x7ff6b7e96c61+5f80e1]
	chromedriver!GetHandleVerifier [0x7ff6b7e90feb+5f246b]
	chromedriver!GetHandleVerifier [0x7ff6b7eb62d5+617755]
	chromedriver!GetHandleVerifier [0x7ff6b78d03ae+3182e]
	chromedriver!GetHandleVerifier [0x7ff6b78d8acc+39f4c]
	chromedriver!(No symbol) [0x7ff6b73ceff8]
	chromedriver!GetHandleVerifier [0x7ff6b806f328+7d07a8]
	KERNEL32!BaseThreadInitThunk [0x7ffc8eb9e957+17]
	ntdll!RtlUserThreadStart [0x7ffc8f58427c+2c]


2026-06-04 17:30:41,435 | ERROR | Dummy-39 | 🔁 REPEAT worker 1 processo 906450268
2026-06-04 17:30:41,435 | ERROR | Dummy-39 | 📌 Motivo retry: Message: invalid session id; For documentation on this error, please visit: https://www.selenium.dev/documentation/webdriver/troubleshooting/errors#invalidsessionidexception
Stacktrace:
	chromedriver!GetHandleVerifier [0x7ff6b78b33f5+14875]
	chromedriver!GetHandleVerifier [0x7ff6b78b3450+148d0]
	chromedriver!(No symbol) [0x7ff6b7407576]
	chromedriver!(No symbol) [0x7ff6b7452ea6]
	chromedriver!(No symbol) [0x7ff6b748a182]
	chromedriver!(No symbol) [0x7ff6b7483f82]
	chromedriver!(No symbol) [0x7ff6b7483742]
	chromedriver!(No symbol) [0x7ff6b73d0255]
	chromedriver!GetHandleVerifier [0x7ff6b7e96c61+5f80e1]
	chromedriver!GetHandleVerifier [0x7ff6b7e90feb+5f246b]
	chromedriver!GetHandleVerifier [0x7ff6b7eb62d5+617755]
	chromedriver!GetHandleVerifier [0x7ff6b78d03ae+3182e]
	chromedriver!GetHandleVerifier [0x7ff6b78d8acc+39f4c]
	chromedriver!(No symbol) [0x7ff6b73ceff8]
	chromedriver!GetHandleVerifier [0x7ff6b806f328+7d07a8]
	KERNEL32!BaseThreadInitThunk [0x7ffc8eb9e957+17]
	ntdll!RtlUserThreadStart [0x7ffc8f58427c+2c]

2026-06-04 17:30:41,435 | ERROR | Dummy-39 | 📌 Tentativa atual: 1
2026-06-04 17:30:41,436 | ERROR | Dummy-39 | ⏳ Worker 1 aguardará 3s antes retry
2026-06-04 17:30:41,436 | ERROR | Dummy-39 | 🏁 Worker 1 finalizou
2026-06-04 17:30:41,437 | ERROR | MainThread | FINALIZAR worker 1 thread=MainThread
  File "E:\busca inpi\busca inpi\inpi_busca_codigo_limpo\main.py", line 47, in <module>
    sys.exit(app.exec_())
  File "E:\busca inpi\busca inpi\inpi_busca_codigo_limpo\core\worker_manager.py", line 108, in _finalizar_processo_atual
    f"{''.join(traceback.format_stack())}"

2026-06-04 17:30:41,437 | ERROR | MainThread | 📌 Processo atual antes limpar: None
2026-06-04 17:30:41,437 | ERROR | MainThread | 🔄 Agendando próximo processo worker 1
2026-06-04 17:30:41,438 | ERROR | MainThread | 🟡 _processar_proximo chamado Worker 1
2026-06-04 17:30:41,438 | ERROR | MainThread | 📦 Worker 1 fila restante: 1
2026-06-04 17:30:41,438 | ERROR | MainThread | 🚀 Worker 1 iniciou processo 906450055
2026-06-04 17:30:41,439 | ERROR | MainThread | 🧵 Worker thread START 1
2026-06-04 17:30:41,440 | ERROR | Dummy-40 | 🚀 Worker 1 iniciando
2026-06-04 17:30:41,440 | ERROR | Dummy-40 | 🚀 PIPELINE START worker 1 | 906450055
2026-06-04 17:30:41,440 | ERROR | Dummy-40 | LOGIN 1
2026-06-04 17:30:41,440 | ERROR | Dummy-40 | GARANTIR LOGIN INICIO
2026-06-04 17:30:41,441 | ERROR | Dummy-40 | <selenium.webdriver.chrome.webdriver.WebDriver (session="a300be2f19a00d9bc75d3fa71ef4d704")>
2026-06-04 17:30:41,441 | ERROR | Dummy-40 | a300be2f19a00d9bc75d3fa71ef4d704
2026-06-04 17:30:41,441 | ERROR | Dummy-40 | ANTES DO FINDELEMENT
2026-06-04 17:30:41,441 | ERROR | Dummy-40 | LOGIN 2
2026-06-04 17:30:41,446 | ERROR | Dummy-40 | Traceback (most recent call last):
  File "E:\busca inpi\busca inpi\inpi_busca_codigo_limpo\core\processo_manager.py", line 330, in abrir_detalhe_processo
    self.garantir_login(driver)
    ~~~~~~~~~~~~~~~~~~~^^^^^^^^
  File "E:\busca inpi\busca inpi\inpi_busca_codigo_limpo\core\login_manager.py", line 62, in garantir_login
    wait_element(
    ~~~~~~~~~~~~^
        self,
        ^^^^^
    ...<2 lines>...
        timeout=5
        ^^^^^^^^^
    )
    ^
  File "E:\busca inpi\busca inpi\inpi_busca_codigo_limpo\core\network_utils.py", line 39, in wait_element
    return WebDriverWait(driver, timeout).until(
           ~~~~~~~~~~~~~~~~~~~~~~~~~~~~~~~~~~~~^
        EC.presence_of_element_located(locator)
        ^^^^^^^^^^^^^^^^^^^^^^^^^^^^^^^^^^^^^^^
    )
    ^
  File "E:\busca inpi\busca inpi\inpi_busca_codigo_limpo\venv\Lib\site-packages\selenium\webdriver\support\wait.py", line 112, in until
    value = method(self._driver)
  File "E:\busca inpi\busca inpi\inpi_busca_codigo_limpo\venv\Lib\site-packages\selenium\webdriver\support\expected_conditions.py", line 92, in _predicate
    return driver.find_element(*locator)
           ~~~~~~~~~~~~~~~~~~~^^^^^^^^^^
  File "E:\busca inpi\busca inpi\inpi_busca_codigo_limpo\venv\Lib\site-packages\selenium\webdriver\remote\webdriver.py", line 868, in find_element
    return self.execute(Command.FIND_ELEMENT, {"using": by, "value": value})["value"]
           ~~~~~~~~~~~~^^^^^^^^^^^^^^^^^^^^^^^^^^^^^^^^^^^^^^^^^^^^^^^^^^^^^
  File "E:\busca inpi\busca inpi\inpi_busca_codigo_limpo\venv\Lib\site-packages\selenium\webdriver\remote\webdriver.py", line 468, in execute
    self.error_handler.check_response(response)
    ~~~~~~~~~~~~~~~~~~~~~~~~~~~~~~~~~^^^^^^^^^^
  File "E:\busca inpi\busca inpi\inpi_busca_codigo_limpo\venv\Lib\site-packages\selenium\webdriver\remote\errorhandler.py", line 232, in check_response
    raise exception_class(message, screen, stacktrace)
selenium.common.exceptions.InvalidSessionIdException: Message: invalid session id; For documentation on this error, please visit: https://www.selenium.dev/documentation/webdriver/troubleshooting/errors#invalidsessionidexception
Stacktrace:
	chromedriver!GetHandleVerifier [0x7ff6b78b33f5+14875]
	chromedriver!GetHandleVerifier [0x7ff6b78b3450+148d0]
	chromedriver!(No symbol) [0x7ff6b7407576]
	chromedriver!(No symbol) [0x7ff6b7452ea6]
	chromedriver!(No symbol) [0x7ff6b748a182]
	chromedriver!(No symbol) [0x7ff6b7483f82]
	chromedriver!(No symbol) [0x7ff6b7483742]
	chromedriver!(No symbol) [0x7ff6b73d0255]
	chromedriver!GetHandleVerifier [0x7ff6b7e96c61+5f80e1]
	chromedriver!GetHandleVerifier [0x7ff6b7e90feb+5f246b]
	chromedriver!GetHandleVerifier [0x7ff6b7eb62d5+617755]
	chromedriver!GetHandleVerifier [0x7ff6b78d03ae+3182e]
	chromedriver!GetHandleVerifier [0x7ff6b78d8acc+39f4c]
	chromedriver!(No symbol) [0x7ff6b73ceff8]
	chromedriver!GetHandleVerifier [0x7ff6b806f328+7d07a8]
	KERNEL32!BaseThreadInitThunk [0x7ffc8eb9e957+17]
	ntdll!RtlUserThreadStart [0x7ffc8f58427c+2c]


2026-06-04 17:30:41,465 | ERROR | Dummy-40 | 🔁 REPEAT worker 1 processo 906450055
2026-06-04 17:30:41,466 | ERROR | Dummy-40 | 📌 Motivo retry: Message: invalid session id; For documentation on this error, please visit: https://www.selenium.dev/documentation/webdriver/troubleshooting/errors#invalidsessionidexception
Stacktrace:
	chromedriver!GetHandleVerifier [0x7ff6b78b33f5+14875]
	chromedriver!GetHandleVerifier [0x7ff6b78b3450+148d0]
	chromedriver!(No symbol) [0x7ff6b7407576]
	chromedriver!(No symbol) [0x7ff6b7452ea6]
	chromedriver!(No symbol) [0x7ff6b748a182]
	chromedriver!(No symbol) [0x7ff6b7483f82]
	chromedriver!(No symbol) [0x7ff6b7483742]
	chromedriver!(No symbol) [0x7ff6b73d0255]
	chromedriver!GetHandleVerifier [0x7ff6b7e96c61+5f80e1]
	chromedriver!GetHandleVerifier [0x7ff6b7e90feb+5f246b]
	chromedriver!GetHandleVerifier [0x7ff6b7eb62d5+617755]
	chromedriver!GetHandleVerifier [0x7ff6b78d03ae+3182e]
	chromedriver!GetHandleVerifier [0x7ff6b78d8acc+39f4c]
	chromedriver!(No symbol) [0x7ff6b73ceff8]
	chromedriver!GetHandleVerifier [0x7ff6b806f328+7d07a8]
	KERNEL32!BaseThreadInitThunk [0x7ffc8eb9e957+17]
	ntdll!RtlUserThreadStart [0x7ffc8f58427c+2c]

2026-06-04 17:30:41,467 | ERROR | Dummy-40 | 📌 Tentativa atual: 1
2026-06-04 17:30:41,467 | ERROR | Dummy-40 | ⏳ Worker 1 aguardará 3s antes retry
2026-06-04 17:30:41,468 | ERROR | Dummy-40 | 🏁 Worker 1 finalizou
2026-06-04 17:30:41,474 | ERROR | MainThread | FINALIZAR worker 1 thread=MainThread
  File "E:\busca inpi\busca inpi\inpi_busca_codigo_limpo\main.py", line 47, in <module>
    sys.exit(app.exec_())
  File "E:\busca inpi\busca inpi\inpi_busca_codigo_limpo\core\worker_manager.py", line 108, in _finalizar_processo_atual
    f"{''.join(traceback.format_stack())}"

2026-06-04 17:30:41,476 | ERROR | MainThread | 📌 Processo atual antes limpar: None
2026-06-04 17:30:41,477 | ERROR | MainThread | 🔄 Agendando próximo processo worker 1
2026-06-04 17:30:41,480 | ERROR | MainThread | 🟡 _processar_proximo chamado Worker 1
2026-06-04 17:30:41,481 | ERROR | MainThread | 📦 Worker 1 fila restante: 0
2026-06-04 17:30:41,481 | ERROR | MainThread | 🏁 Worker 1 finalizou fila
2026-06-04 17:30:41,508 | ERROR | Thread-7 (_loop_solver_button) | ImageNotFoundException()
2026-06-04 17:30:42,464 | ERROR | Thread-7 (_loop_solver_button) | Erro PyAutoGUI: 
2026-06-04 17:30:42,769 | ERROR | Thread-7 (_loop_solver_button) | ImageNotFoundException()
2026-06-04 17:30:43,715 | ERROR | Thread-7 (_loop_solver_button) | Erro PyAutoGUI: 
2026-06-04 17:30:43,943 | ERROR | Thread-7 (_loop_solver_button) | ImageNotFoundException()
2026-06-04 17:30:44,851 | ERROR | Thread-7 (_loop_solver_button) | Erro PyAutoGUI: 
2026-06-04 17:30:44,984 | ERROR | Thread-7 (_loop_solver_button) | ImageNotFoundException()
2026-06-04 17:30:45,891 | ERROR | Thread-7 (_loop_solver_button) | Erro PyAutoGUI: 
2026-06-04 17:30:46,074 | ERROR | Thread-7 (_loop_solver_button) | ImageNotFoundException()
2026-06-04 17:30:46,973 | ERROR | Thread-7 (_loop_solver_button) | Erro PyAutoGUI: 
2026-06-04 17:30:47,090 | ERROR | Thread-7 (_loop_solver_button) | ImageNotFoundException()
2026-06-04 17:30:48,008 | ERROR | Thread-7 (_loop_solver_button) | Erro PyAutoGUI: 
2026-06-04 17:30:48,241 | ERROR | Thread-7 (_loop_solver_button) | ImageNotFoundException()
2026-06-04 23:05:51,918 | INFO | MainThread | RAM: 119.3 MB
2026-06-04 23:05:51,931 | ERROR | MainThread | RAM: 122 MB
2026-06-04 23:05:52,369 | ERROR | MainThread | 📄 25 processos carregados do Excel.
2026-06-04 23:06:17,917 | INFO | MainThread | Aplicação encerrada. ExitCode=0
2026-06-04 23:11:29,170 | INFO | MainThread | RAM: 119.7 MB
2026-06-04 23:11:29,178 | ERROR | MainThread | RAM: 122 MB
2026-06-04 23:11:29,568 | ERROR | MainThread | 📄 25 processos carregados do Excel.
2026-06-04 23:11:32,830 | INFO | MainThread | Aplicação encerrada. ExitCode=0
2026-06-04 23:16:52,521 | INFO | MainThread | RAM: 119.3 MB
2026-06-04 23:16:52,536 | ERROR | MainThread | RAM: 122 MB
2026-06-04 23:16:52,955 | ERROR | MainThread | 📄 25 processos carregados do Excel.
2026-06-04 23:17:03,633 | INFO | MainThread | Aplicação encerrada. ExitCode=0
2026-06-04 23:17:11,813 | INFO | MainThread | RAM: 119.4 MB
2026-06-04 23:17:11,821 | ERROR | MainThread | RAM: 122 MB
2026-06-04 23:17:12,244 | ERROR | MainThread | 📄 25 processos carregados do Excel.
2026-06-04 23:17:25,298 | ERROR | MainThread | Iniciando 3 Chromes independentes...
2026-06-04 23:17:33,041 | ERROR | MainThread | ✅ Três Chromes iniciados com sucesso
2026-06-04 23:17:33,188 | ERROR | Thread-7 (_loop_solver_button) | Erro PyAutoGUI: 
2026-06-04 23:17:33,359 | ERROR | Thread-7 (_loop_solver_button) | ImageNotFoundException()
2026-06-04 23:17:34,302 | ERROR | Thread-7 (_loop_solver_button) | Erro PyAutoGUI: 
2026-06-04 23:17:34,470 | ERROR | Thread-7 (_loop_solver_button) | ImageNotFoundException()
2026-06-04 23:17:35,431 | ERROR | Thread-7 (_loop_solver_button) | Erro PyAutoGUI: 
2026-06-04 23:17:35,606 | ERROR | Thread-7 (_loop_solver_button) | ImageNotFoundException()
2026-06-04 23:17:36,514 | ERROR | Thread-7 (_loop_solver_button) | Erro PyAutoGUI: 
2026-06-04 23:17:36,661 | ERROR | Thread-7 (_loop_solver_button) | ImageNotFoundException()
2026-06-04 23:17:36,721 | ERROR | MainThread | 🚀 Iniciando processamento em lote (3 Chromes)...
2026-06-04 23:17:36,721 | ERROR | MainThread | 🟡 _processar_proximo chamado Worker 1
2026-06-04 23:17:36,721 | ERROR | MainThread | 📦 Worker 1 fila restante: 9
2026-06-04 23:17:36,721 | ERROR | MainThread | 🚀 Worker 1 iniciou processo 906452724
2026-06-04 23:17:36,721 | ERROR | MainThread | 🧵 Worker thread START 1
2026-06-04 23:17:36,721 | ERROR | MainThread | 🟡 _processar_proximo chamado Worker 2
2026-06-04 23:17:36,721 | ERROR | MainThread | 📦 Worker 2 fila restante: 8
2026-06-04 23:17:36,721 | ERROR | MainThread | 🚀 Worker 2 iniciou processo 906452341
2026-06-04 23:17:36,721 | ERROR | MainThread | 🧵 Worker thread START 2
2026-06-04 23:17:36,721 | ERROR | MainThread | 🟡 _processar_proximo chamado Worker 3
2026-06-04 23:17:36,721 | ERROR | MainThread | 📦 Worker 3 fila restante: 8
2026-06-04 23:17:36,722 | ERROR | MainThread | 🚀 Worker 3 iniciou processo 906452333
2026-06-04 23:17:36,722 | ERROR | Dummy-9 | 🚀 Worker 1 iniciando
2026-06-04 23:17:36,722 | ERROR | Dummy-9 | 🚀 PIPELINE START worker 1 | 906452724
2026-06-04 23:17:36,722 | ERROR | Dummy-9 | LOGIN 1
2026-06-04 23:17:36,722 | ERROR | Dummy-9 | GARANTIR LOGIN INICIO
2026-06-04 23:17:36,722 | ERROR | Dummy-9 | <selenium.webdriver.chrome.webdriver.WebDriver (session="e39d69feada544bd377de3c73bd4731e")>
2026-06-04 23:17:36,722 | ERROR | Dummy-9 | e39d69feada544bd377de3c73bd4731e
2026-06-04 23:17:36,722 | ERROR | Dummy-10 | 🚀 Worker 2 iniciando
2026-06-04 23:17:36,722 | ERROR | Dummy-10 | 🚀 PIPELINE START worker 2 | 906452341
2026-06-04 23:17:36,722 | ERROR | Dummy-9 | ANTES DO FINDELEMENT
2026-06-04 23:17:36,722 | ERROR | MainThread | 🧵 Worker thread START 3
2026-06-04 23:17:36,723 | ERROR | Dummy-10 | LOGIN 1
2026-06-04 23:17:36,723 | ERROR | Dummy-10 | GARANTIR LOGIN INICIO
2026-06-04 23:17:36,723 | ERROR | Dummy-9 | LOGIN 2
2026-06-04 23:17:36,724 | ERROR | Dummy-11 | 🚀 Worker 3 iniciando
2026-06-04 23:17:36,723 | ERROR | Dummy-10 | <selenium.webdriver.chrome.webdriver.WebDriver (session="b4c592ac431421b1a01f8264e57cb912")>
2026-06-04 23:17:36,726 | ERROR | Dummy-11 | 🚀 PIPELINE START worker 3 | 906452333
2026-06-04 23:17:36,727 | ERROR | Dummy-10 | b4c592ac431421b1a01f8264e57cb912
2026-06-04 23:17:36,727 | ERROR | Dummy-11 | LOGIN 1
2026-06-04 23:17:36,727 | ERROR | Dummy-10 | ANTES DO FINDELEMENT
2026-06-04 23:17:36,727 | ERROR | Dummy-10 | LOGIN 2
2026-06-04 23:17:36,727 | ERROR | Dummy-11 | GARANTIR LOGIN INICIO
2026-06-04 23:17:36,730 | ERROR | Dummy-11 | <selenium.webdriver.chrome.webdriver.WebDriver (session="bc67bd6cc722342a1fac8cf39e089637")>
2026-06-04 23:17:36,731 | ERROR | Dummy-11 | bc67bd6cc722342a1fac8cf39e089637
2026-06-04 23:17:36,731 | ERROR | Dummy-11 | ANTES DO FINDELEMENT
2026-06-04 23:17:36,731 | ERROR | Dummy-11 | LOGIN 2
2026-06-04 23:17:37,570 | ERROR | Thread-7 (_loop_solver_button) | Erro PyAutoGUI: 
2026-06-04 23:17:37,683 | ERROR | Thread-7 (_loop_solver_button) | ImageNotFoundException()
2026-06-04 23:17:38,584 | ERROR | Thread-7 (_loop_solver_button) | Erro PyAutoGUI: 
2026-06-04 23:17:38,709 | ERROR | Thread-7 (_loop_solver_button) | ImageNotFoundException()
2026-06-04 23:17:39,607 | ERROR | Thread-7 (_loop_solver_button) | Erro PyAutoGUI: 
2026-06-04 23:17:39,721 | ERROR | Thread-7 (_loop_solver_button) | ImageNotFoundException()
2026-06-04 23:17:40,633 | ERROR | Thread-7 (_loop_solver_button) | Erro PyAutoGUI: 
2026-06-04 23:17:40,750 | ERROR | Thread-7 (_loop_solver_button) | ImageNotFoundException()
2026-06-04 23:17:41,661 | ERROR | Thread-7 (_loop_solver_button) | Erro PyAutoGUI: 
2026-06-04 23:17:41,779 | ERROR | Thread-7 (_loop_solver_button) | ImageNotFoundException()
2026-06-04 23:17:41,837 | ERROR | Dummy-9 | 🔐 Usuário não está na página correta. Garantindo login...
2026-06-04 23:17:41,840 | ERROR | Dummy-11 | 🔐 Usuário não está na página correta. Garantindo login...
2026-06-04 23:17:41,840 | ERROR | Dummy-10 | 🔐 Usuário não está na página correta. Garantindo login...
2026-06-04 23:17:42,708 | ERROR | Thread-7 (_loop_solver_button) | Erro PyAutoGUI: 
2026-06-04 23:17:42,855 | ERROR | Thread-7 (_loop_solver_button) | ImageNotFoundException()
2026-06-04 23:17:43,796 | ERROR | Thread-7 (_loop_solver_button) | Erro PyAutoGUI: 
2026-06-04 23:17:43,946 | ERROR | Thread-7 (_loop_solver_button) | ImageNotFoundException()
2026-06-04 23:17:44,857 | ERROR | Thread-7 (_loop_solver_button) | Erro PyAutoGUI: 
2026-06-04 23:17:45,017 | ERROR | Thread-7 (_loop_solver_button) | ImageNotFoundException()
2026-06-04 23:17:45,306 | ERROR | Dummy-11 | LOGIN 3
2026-06-04 23:17:45,323 | ERROR | Dummy-9 | LOGIN 3
2026-06-04 23:17:45,324 | ERROR | Dummy-10 | LOGIN 3
2026-06-04 23:17:45,352 | ERROR | Dummy-10 | 🔑 Login realizado. Acessando menu Marcas...
2026-06-04 23:17:45,378 | ERROR | Dummy-11 | 🔑 Login realizado. Acessando menu Marcas...
2026-06-04 23:17:45,381 | WARNING | Dummy-9 | Connection pool is full, discarding connection: localhost. Connection pool size: 1
2026-06-04 23:17:45,381 | ERROR | Dummy-9 | 🔑 Login realizado. Acessando menu Marcas...
2026-06-04 23:17:45,389 | WARNING | Dummy-10 | Connection pool is full, discarding connection: localhost. Connection pool size: 1
2026-06-04 23:17:45,492 | ERROR | Dummy-10 | ✅ Página de pesquisa por processo carregada com sucesso.
2026-06-04 23:17:45,498 | WARNING | Dummy-11 | Connection pool is full, discarding connection: localhost. Connection pool size: 1
2026-06-04 23:17:45,498 | ERROR | Dummy-11 | ✅ Página de pesquisa por processo carregada com sucesso.
2026-06-04 23:17:45,518 | ERROR | Dummy-9 | ✅ Página de pesquisa por processo carregada com sucesso.
2026-06-04 23:17:45,921 | ERROR | Thread-7 (_loop_solver_button) | Erro PyAutoGUI: 
2026-06-04 23:17:46,031 | ERROR | Thread-7 (_loop_solver_button) | ImageNotFoundException()
2026-06-04 23:17:46,935 | ERROR | Thread-7 (_loop_solver_button) | Erro PyAutoGUI: 
2026-06-04 23:17:47,059 | ERROR | Thread-7 (_loop_solver_button) | ImageNotFoundException()
2026-06-04 23:17:47,967 | ERROR | Thread-7 (_loop_solver_button) | Erro PyAutoGUI: 
2026-06-04 23:17:48,082 | ERROR | Thread-7 (_loop_solver_button) | ImageNotFoundException()
2026-06-04 23:17:48,996 | ERROR | Thread-7 (_loop_solver_button) | Erro PyAutoGUI: 
2026-06-04 23:17:49,167 | ERROR | Thread-7 (_loop_solver_button) | ImageNotFoundException()
2026-06-04 23:17:50,066 | ERROR | Thread-7 (_loop_solver_button) | Erro PyAutoGUI: 
2026-06-04 23:17:50,185 | ERROR | Thread-7 (_loop_solver_button) | ImageNotFoundException()
2026-06-04 23:17:51,084 | ERROR | Thread-7 (_loop_solver_button) | Erro PyAutoGUI: 
2026-06-04 23:17:51,206 | ERROR | Thread-7 (_loop_solver_button) | ImageNotFoundException()
2026-06-04 23:17:52,107 | ERROR | Thread-7 (_loop_solver_button) | Erro PyAutoGUI: 
2026-06-04 23:17:52,221 | ERROR | Thread-7 (_loop_solver_button) | ImageNotFoundException()
2026-06-04 23:17:53,129 | ERROR | Thread-7 (_loop_solver_button) | Erro PyAutoGUI: 
2026-06-04 23:17:53,249 | ERROR | Thread-7 (_loop_solver_button) | ImageNotFoundException()
2026-06-04 23:17:54,154 | ERROR | Thread-7 (_loop_solver_button) | Erro PyAutoGUI: 
2026-06-04 23:17:54,283 | ERROR | Thread-7 (_loop_solver_button) | ImageNotFoundException()
2026-06-04 23:17:55,199 | ERROR | Thread-7 (_loop_solver_button) | Erro PyAutoGUI: 
2026-06-04 23:17:55,332 | ERROR | Thread-7 (_loop_solver_button) | ImageNotFoundException()
2026-06-04 23:17:56,245 | ERROR | Thread-7 (_loop_solver_button) | Erro PyAutoGUI: 
2026-06-04 23:17:56,378 | ERROR | Thread-7 (_loop_solver_button) | ImageNotFoundException()
2026-06-04 23:17:57,299 | ERROR | Thread-7 (_loop_solver_button) | Erro PyAutoGUI: 
2026-06-04 23:17:57,468 | ERROR | Thread-7 (_loop_solver_button) | ImageNotFoundException()
2026-06-04 23:17:58,387 | ERROR | Thread-7 (_loop_solver_button) | Erro PyAutoGUI: 
2026-06-04 23:17:58,541 | ERROR | Thread-7 (_loop_solver_button) | ImageNotFoundException()
2026-06-04 23:17:59,482 | ERROR | Thread-7 (_loop_solver_button) | Erro PyAutoGUI: 
2026-06-04 23:17:59,636 | ERROR | Thread-7 (_loop_solver_button) | ImageNotFoundException()
2026-06-04 23:18:00,556 | ERROR | Thread-7 (_loop_solver_button) | Erro PyAutoGUI: 
2026-06-04 23:18:00,689 | ERROR | Thread-7 (_loop_solver_button) | ImageNotFoundException()
2026-06-04 23:18:01,611 | ERROR | Thread-7 (_loop_solver_button) | Erro PyAutoGUI: 
2026-06-04 23:18:01,787 | ERROR | Thread-7 (_loop_solver_button) | ImageNotFoundException()
2026-06-04 23:18:02,708 | ERROR | Thread-7 (_loop_solver_button) | Erro PyAutoGUI: 
2026-06-04 23:18:02,835 | ERROR | Thread-7 (_loop_solver_button) | ImageNotFoundException()
2026-06-04 23:18:03,755 | ERROR | Thread-7 (_loop_solver_button) | Erro PyAutoGUI: 
2026-06-04 23:18:03,933 | ERROR | Thread-7 (_loop_solver_button) | ImageNotFoundException()
2026-06-04 23:18:04,839 | ERROR | Thread-7 (_loop_solver_button) | Erro PyAutoGUI: 
2026-06-04 23:18:04,956 | ERROR | Thread-7 (_loop_solver_button) | ImageNotFoundException()
2026-06-04 23:18:05,866 | ERROR | Thread-7 (_loop_solver_button) | Erro PyAutoGUI: 
2026-06-04 23:18:05,998 | ERROR | Thread-7 (_loop_solver_button) | ImageNotFoundException()
2026-06-04 23:18:06,243 | ERROR | Dummy-11 | Traceback (most recent call last):
  File "E:\busca inpi\busca inpi\inpi_busca_codigo_limpo\core\processo_manager.py", line 358, in abrir_detalhe_processo
    link = self.wait_clickable(
        driver,
    ...<4 lines>...
        timeout=20
    )
  File "E:\busca inpi\busca inpi\inpi_busca_codigo_limpo\core\network_utils.py", line 88, in wait_clickable
    return WebDriverWait(driver, timeout).until(
           ~~~~~~~~~~~~~~~~~~~~~~~~~~~~~~~~~~~~^
        EC.element_to_be_clickable(locator)
        ^^^^^^^^^^^^^^^^^^^^^^^^^^^^^^^^^^^
    )
    ^
  File "E:\busca inpi\busca inpi\inpi_busca_codigo_limpo\venv\Lib\site-packages\selenium\webdriver\support\wait.py", line 121, in until
    raise TimeoutException(message, screen, stacktrace)
selenium.common.exceptions.TimeoutException: Message: 
Stacktrace:
	chromedriver!GetHandleVerifier [0x7ff6b78b33f5+14875]
	chromedriver!GetHandleVerifier [0x7ff6b78b3450+148d0]
	chromedriver!(No symbol) [0x7ff6b740778d]
	chromedriver!(No symbol) [0x7ff6b746195d]
	chromedriver!(No symbol) [0x7ff6b7461c5c]
	chromedriver!(No symbol) [0x7ff6b74b1e37]
	chromedriver!(No symbol) [0x7ff6b74ae9fc]
	chromedriver!(No symbol) [0x7ff6b7453eb0]
	chromedriver!(No symbol) [0x7ff6b7454e23]
	chromedriver!GetHandleVerifier [0x7ff6b7e96c61+5f80e1]
	chromedriver!GetHandleVerifier [0x7ff6b7e90feb+5f246b]
	chromedriver!GetHandleVerifier [0x7ff6b7eb62d5+617755]
	chromedriver!GetHandleVerifier [0x7ff6b78d03ae+3182e]
	chromedriver!GetHandleVerifier [0x7ff6b78d8acc+39f4c]
	chromedriver!GetHandleVerifier [0x7ff6b78bcac4+1df44]
	chromedriver!GetHandleVerifier [0x7ff6b78bcc54+1e0d4]
	chromedriver!GetHandleVerifier [0x7ff6b78a0957+1dd7]
	KERNEL32!BaseThreadInitThunk [0x7ffc8eb9e957+17]
	ntdll!RtlUserThreadStart [0x7ffc8f58427c+2c]


2026-06-04 23:18:06,253 | ERROR | Dummy-11 | 🔁 REPEAT worker 3 processo 906452333
2026-06-04 23:18:06,253 | ERROR | Dummy-11 | 📌 Motivo retry: Message: 
Stacktrace:
	chromedriver!GetHandleVerifier [0x7ff6b78b33f5+14875]
	chromedriver!GetHandleVerifier [0x7ff6b78b3450+148d0]
	chromedriver!(No symbol) [0x7ff6b740778d]
	chromedriver!(No symbol) [0x7ff6b746195d]
	chromedriver!(No symbol) [0x7ff6b7461c5c]
	chromedriver!(No symbol) [0x7ff6b74b1e37]
	chromedriver!(No symbol) [0x7ff6b74ae9fc]
	chromedriver!(No symbol) [0x7ff6b7453eb0]
	chromedriver!(No symbol) [0x7ff6b7454e23]
	chromedriver!GetHandleVerifier [0x7ff6b7e96c61+5f80e1]
	chromedriver!GetHandleVerifier [0x7ff6b7e90feb+5f246b]
	chromedriver!GetHandleVerifier [0x7ff6b7eb62d5+617755]
	chromedriver!GetHandleVerifier [0x7ff6b78d03ae+3182e]
	chromedriver!GetHandleVerifier [0x7ff6b78d8acc+39f4c]
	chromedriver!GetHandleVerifier [0x7ff6b78bcac4+1df44]
	chromedriver!GetHandleVerifier [0x7ff6b78bcc54+1e0d4]
	chromedriver!GetHandleVerifier [0x7ff6b78a0957+1dd7]
	KERNEL32!BaseThreadInitThunk [0x7ffc8eb9e957+17]
	ntdll!RtlUserThreadStart [0x7ffc8f58427c+2c]

2026-06-04 23:18:06,253 | ERROR | Dummy-11 | 📌 Tentativa atual: 1
2026-06-04 23:18:06,254 | ERROR | Dummy-11 | ⏳ Worker 3 aguardará 3s antes retry
2026-06-04 23:18:06,254 | ERROR | Dummy-11 | 🏁 Worker 3 finalizou
2026-06-04 23:18:06,896 | ERROR | Thread-7 (_loop_solver_button) | Erro PyAutoGUI: 
2026-06-04 23:18:07,010 | ERROR | Thread-7 (_loop_solver_button) | ImageNotFoundException()
2026-06-04 23:18:07,222 | WARNING | Dummy-9 | Retrying (Retry(total=2, connect=None, read=None, redirect=None, status=None)) after connection broken by 'NewConnectionError("HTTPConnection(host='localhost', port=56868): Failed to establish a new connection: [WinError 10061] Nenhuma conexão pôde ser feita porque a máquina de destino as recusou ativamente")': /session/e39d69feada544bd377de3c73bd4731e/element
2026-06-04 23:18:07,248 | WARNING | Dummy-10 | Connection pool is full, discarding connection: localhost. Connection pool size: 1
2026-06-04 23:18:07,290 | ERROR | Dummy-10 | Traceback (most recent call last):
  File "E:\busca inpi\busca inpi\inpi_busca_codigo_limpo\core\processo_manager.py", line 358, in abrir_detalhe_processo
    link = self.wait_clickable(
        driver,
    ...<4 lines>...
        timeout=20
    )
  File "E:\busca inpi\busca inpi\inpi_busca_codigo_limpo\core\network_utils.py", line 88, in wait_clickable
    return WebDriverWait(driver, timeout).until(
           ~~~~~~~~~~~~~~~~~~~~~~~~~~~~~~~~~~~~^
        EC.element_to_be_clickable(locator)
        ^^^^^^^^^^^^^^^^^^^^^^^^^^^^^^^^^^^
    )
    ^
  File "E:\busca inpi\busca inpi\inpi_busca_codigo_limpo\venv\Lib\site-packages\selenium\webdriver\support\wait.py", line 112, in until
    value = method(self._driver)
  File "E:\busca inpi\busca inpi\inpi_busca_codigo_limpo\venv\Lib\site-packages\selenium\webdriver\support\expected_conditions.py", line 514, in _predicate
    target = driver.find_element(*target)  # grab element at locator
  File "E:\busca inpi\busca inpi\inpi_busca_codigo_limpo\venv\Lib\site-packages\selenium\webdriver\remote\webdriver.py", line 868, in find_element
    return self.execute(Command.FIND_ELEMENT, {"using": by, "value": value})["value"]
           ~~~~~~~~~~~~^^^^^^^^^^^^^^^^^^^^^^^^^^^^^^^^^^^^^^^^^^^^^^^^^^^^^
  File "E:\busca inpi\busca inpi\inpi_busca_codigo_limpo\venv\Lib\site-packages\selenium\webdriver\remote\webdriver.py", line 468, in execute
    self.error_handler.check_response(response)
    ~~~~~~~~~~~~~~~~~~~~~~~~~~~~~~~~~^^^^^^^^^^
  File "E:\busca inpi\busca inpi\inpi_busca_codigo_limpo\venv\Lib\site-packages\selenium\webdriver\remote\errorhandler.py", line 232, in check_response
    raise exception_class(message, screen, stacktrace)
selenium.common.exceptions.InvalidSessionIdException: Message: invalid session id; For documentation on this error, please visit: https://www.selenium.dev/documentation/webdriver/troubleshooting/errors#invalidsessionidexception
Stacktrace:
	chromedriver!GetHandleVerifier [0x7ff6b78b33f5+14875]
	chromedriver!GetHandleVerifier [0x7ff6b78b3450+148d0]
	chromedriver!(No symbol) [0x7ff6b7407576]
	chromedriver!(No symbol) [0x7ff6b74539dd]
	chromedriver!(No symbol) [0x7ff6b7454e23]
	chromedriver!GetHandleVerifier [0x7ff6b7e96c61+5f80e1]
	chromedriver!GetHandleVerifier [0x7ff6b7e90feb+5f246b]
	chromedriver!GetHandleVerifier [0x7ff6b7eb62d5+617755]
	chromedriver!GetHandleVerifier [0x7ff6b78d03ae+3182e]
	chromedriver!GetHandleVerifier [0x7ff6b78d8acc+39f4c]
	chromedriver!GetHandleVerifier [0x7ff6b78bcac4+1df44]
	chromedriver!GetHandleVerifier [0x7ff6b78bcc54+1e0d4]
	chromedriver!GetHandleVerifier [0x7ff6b78a0957+1dd7]
	KERNEL32!BaseThreadInitThunk [0x7ffc8eb9e957+17]
	ntdll!RtlUserThreadStart [0x7ffc8f58427c+2c]


2026-06-04 23:18:07,303 | ERROR | Dummy-10 | 🔁 REPEAT worker 2 processo 906452341
2026-06-04 23:18:07,303 | ERROR | Dummy-10 | 📌 Motivo retry: Message: invalid session id; For documentation on this error, please visit: https://www.selenium.dev/documentation/webdriver/troubleshooting/errors#invalidsessionidexception
Stacktrace:
	chromedriver!GetHandleVerifier [0x7ff6b78b33f5+14875]
	chromedriver!GetHandleVerifier [0x7ff6b78b3450+148d0]
	chromedriver!(No symbol) [0x7ff6b7407576]
	chromedriver!(No symbol) [0x7ff6b74539dd]
	chromedriver!(No symbol) [0x7ff6b7454e23]
	chromedriver!GetHandleVerifier [0x7ff6b7e96c61+5f80e1]
	chromedriver!GetHandleVerifier [0x7ff6b7e90feb+5f246b]
	chromedriver!GetHandleVerifier [0x7ff6b7eb62d5+617755]
	chromedriver!GetHandleVerifier [0x7ff6b78d03ae+3182e]
	chromedriver!GetHandleVerifier [0x7ff6b78d8acc+39f4c]
	chromedriver!GetHandleVerifier [0x7ff6b78bcac4+1df44]
	chromedriver!GetHandleVerifier [0x7ff6b78bcc54+1e0d4]
	chromedriver!GetHandleVerifier [0x7ff6b78a0957+1dd7]
	KERNEL32!BaseThreadInitThunk [0x7ffc8eb9e957+17]
	ntdll!RtlUserThreadStart [0x7ffc8f58427c+2c]

2026-06-04 23:18:07,304 | ERROR | Dummy-10 | 📌 Tentativa atual: 1
2026-06-04 23:18:07,304 | ERROR | Dummy-10 | ⏳ Worker 2 aguardará 3s antes retry
2026-06-04 23:18:07,304 | ERROR | Dummy-10 | 🏁 Worker 2 finalizou
2026-06-04 23:18:07,799 | WARNING | Thread-8 (_loop_monitor_captcha) | Retrying (Retry(total=2, connect=None, read=None, redirect=None, status=None)) after connection broken by 'NewConnectionError("HTTPConnection(host='localhost', port=56868): Failed to establish a new connection: [WinError 10061] Nenhuma conexão pôde ser feita porque a máquina de destino as recusou ativamente")': /session/e39d69feada544bd377de3c73bd4731e/element
2026-06-04 23:18:07,909 | ERROR | Thread-7 (_loop_solver_button) | Erro PyAutoGUI: 
2026-06-04 23:18:08,039 | ERROR | Thread-7 (_loop_solver_button) | ImageNotFoundException()
2026-06-04 23:18:08,953 | ERROR | Thread-7 (_loop_solver_button) | Erro PyAutoGUI: 
2026-06-04 23:18:09,073 | ERROR | Thread-7 (_loop_solver_button) | ImageNotFoundException()
2026-06-04 23:18:09,981 | ERROR | Thread-7 (_loop_solver_button) | Erro PyAutoGUI: 
2026-06-04 23:18:10,102 | ERROR | Thread-7 (_loop_solver_button) | ImageNotFoundException()
2026-06-04 23:18:10,997 | ERROR | Thread-7 (_loop_solver_button) | Erro PyAutoGUI: 
2026-06-04 23:18:11,113 | ERROR | Thread-7 (_loop_solver_button) | ImageNotFoundException()
2026-06-04 23:18:11,312 | WARNING | Dummy-9 | Retrying (Retry(total=1, connect=None, read=None, redirect=None, status=None)) after connection broken by 'NewConnectionError("HTTPConnection(host='localhost', port=56868): Failed to establish a new connection: [WinError 10061] Nenhuma conexão pôde ser feita porque a máquina de destino as recusou ativamente")': /session/e39d69feada544bd377de3c73bd4731e/element
2026-06-04 23:18:11,876 | WARNING | Thread-8 (_loop_monitor_captcha) | Retrying (Retry(total=1, connect=None, read=None, redirect=None, status=None)) after connection broken by 'NewConnectionError("HTTPConnection(host='localhost', port=56868): Failed to establish a new connection: [WinError 10061] Nenhuma conexão pôde ser feita porque a máquina de destino as recusou ativamente")': /session/e39d69feada544bd377de3c73bd4731e/element
2026-06-04 23:18:11,905 | ERROR | MainThread | 🏁 FINALIZAR worker 3 thread=MainThread
2026-06-04 23:18:11,905 | ERROR | MainThread | 📌 Processo atual antes limpar: None
2026-06-04 23:18:11,905 | ERROR | MainThread | ✅ processando[3] = False
2026-06-04 23:18:11,905 | ERROR | MainThread | ✅ numero_atual[3] = None
2026-06-04 23:18:11,905 | ERROR | MainThread | 🗑 Removendo worker 3
2026-06-04 23:18:11,905 | ERROR | MainThread | 🔄 Agendando próximo processo worker 3
2026-06-04 23:18:11,905 | ERROR | MainThread | ✅ QTimer.singleShot criado worker 3
2026-06-04 23:18:11,906 | ERROR | MainThread | 🏁 FINALIZAR worker 2 thread=MainThread
2026-06-04 23:18:11,906 | ERROR | MainThread | 📌 Processo atual antes limpar: None
2026-06-04 23:18:11,906 | ERROR | MainThread | ✅ processando[2] = False
2026-06-04 23:18:11,906 | ERROR | MainThread | ✅ numero_atual[2] = None
2026-06-04 23:18:11,906 | ERROR | MainThread | 🗑 Removendo worker 2
2026-06-04 23:18:11,906 | ERROR | MainThread | 🔄 Agendando próximo processo worker 2
2026-06-04 23:18:11,906 | ERROR | MainThread | ✅ QTimer.singleShot criado worker 2
2026-06-04 23:18:11,906 | INFO | MainThread | Aplicação encerrada. ExitCode=0
2026-06-04 23:19:37,169 | INFO | MainThread | RAM: 119.6 MB
2026-06-04 23:19:37,179 | ERROR | MainThread | RAM: 122 MB
2026-06-04 23:19:37,673 | ERROR | MainThread | 📄 25 processos carregados do Excel.
2026-06-04 23:19:46,402 | INFO | MainThread | Aplicação encerrada. ExitCode=0
2026-06-04 23:27:52,402 | INFO | MainThread | RAM: 119.2 MB
2026-06-04 23:27:52,410 | ERROR | MainThread | RAM: 122 MB
2026-06-04 23:27:52,826 | ERROR | MainThread | 📄 25 processos carregados do Excel.
2026-06-04 23:28:03,163 | INFO | MainThread | Aplicação encerrada. ExitCode=0
2026-06-04 23:28:06,974 | INFO | MainThread | RAM: 119.3 MB
2026-06-04 23:28:06,983 | ERROR | MainThread | RAM: 122 MB
2026-06-04 23:28:07,407 | ERROR | MainThread | 📄 25 processos carregados do Excel.
2026-06-04 23:28:12,703 | INFO | MainThread | Aplicação encerrada. ExitCode=0
